{"epoch_idx": 50, "model_save_file": "architectures/ESEN_100-00_256/ESEN_100-00_256_3.pt", "best_joint_acc": 0, "best_joint_loss": 1000000000.0, "best_epoch_idx_loss": 0, "best_epoch_idx_acc": 0, "run_time": "206s", "train_loss": [2.4829541480902475, 2.1459862625960158, 2.07685729409709, 2.0385052597883986, 2.0105217632019166, 1.9896481109387947, 1.969299603592266, 1.9552570039575756, 1.9375694168336466, 1.9244201743241514, 1.91283254551165, 1.8981920534914192, 1.8847551327763181, 1.8737545474009083, 1.8628991598432711, 1.850466775171683, 1.8389769629998636, 1.8287246778155817, 1.8176990214622388, 1.8062545214638568, 1.7969332183852338, 1.7852780827970218, 1.7770177180116822, 1.7661069306460289, 1.7564300795396166, 1.7468480169773106, 1.736814197265741, 1.7298788545709662, 1.7208649967655998, 1.713621291247282, 1.7052014090798124, 1.697175070191875, 1.6891570777604075, 1.68093286951383, 1.6761090159416199, 1.6656809006676523, 1.662601054617853, 1.654274528676814, 1.6469872539693662, 1.6406194034850958, 1.636480153510065, 1.6317009781346177, 1.6256003759124067, 1.620399511221684, 1.6157713794347008, 1.6089712480703988, 1.606471621628963, 1.6031629921811996, 1.5961675878727075, 1.5921975320035762], "train_acc": [23.531710506443716, 29.14145172716207, 30.983158686216544, 32.0478474553462, 32.926450753981015, 33.41666174027665, 34.12542797758599, 34.53104638712121, 35.145089341997554, 35.50167317951394, 35.88756088074933, 36.337820852118966, 36.87665822472448, 37.15643646048875, 37.63785171565319, 37.92756493790387, 38.33933872607787, 38.577632600608595, 39.05116848677798, 39.29014252057622, 39.60909386904454, 39.96853983381771, 40.236534835433595, 40.54600260262371, 40.97341097055246, 41.251722867146135, 41.63499137014232, 41.87783465867012, 42.08925582695415, 42.34702220161052, 42.74117632980748, 42.829050058333195, 43.10511183437169, 43.33997545386022, 43.534495894566376, 43.90819314040893, 44.01874120273491, 44.22967178604709, 44.49655156398741, 44.5920986799779, 44.74890935470407, 45.02813985199474, 45.120848647837555, 45.25119785329316, 45.35111125562487, 45.79478928505077, 45.85915954555154, 45.915426118904165, 46.142119368356255, 46.23032143423736], "val_loss_l1": [2.1703968763351438, 2.0696057796478273, 2.0271844387054445, 1.9921829581260682, 1.9678400397300722, 1.95062096118927, 1.9377628207206727, 1.9249711275100707, 1.913512170314789, 1.9044718980789184, 1.8944067120552064, 1.8857093572616577, 1.8846573233604431, 1.8737650275230409, 1.8707320570945738, 1.8604911446571348, 1.8559424996376037, 1.8559632539749145, 1.850861394405365, 1.8524193286895752, 1.843486487865448, 1.8438534140586853, 1.8428067564964294, 1.8385042428970335, 1.8410821080207824, 1.8383273959159852, 1.8411515831947327, 1.8387072443962098, 1.8413128972053527, 1.8382187247276305, 1.8417437076568604, 1.8414774537086487, 1.846276545524597, 1.8455942153930665, 1.8447389245033265, 1.848359954357147, 1.8462926268577575, 1.8553867697715758, 1.853577971458435, 1.8562801241874696, 1.8617820501327513, 1.8589706540107727, 1.8609257221221922, 1.8588903784751893, 1.8661654114723207, 1.8758932828903196, 1.867718756198883, 1.8741918683052063, 1.8775222659111024, 1.8828592658042909], "val_acc_l1": [29.279415103640122, 31.57386136939303, 32.5170860001313, 33.73950824913952, 34.23132855906569, 34.76877595013845, 34.921473886723604, 35.509292695364906, 35.26553337508718, 36.11868226953858, 36.10059433890944, 36.644990941282956, 36.476425206341055, 36.9862561131273, 36.995057169135634, 37.391534862457505, 37.71653244826867, 37.58015779868705, 37.69591796672381, 37.64731328358893, 38.161956786003636, 38.23979766366845, 38.03193861098502, 38.13607794949112, 38.37089922359241, 38.40386673239546, 38.3797002859341, 38.53695712011945, 38.60528411045185, 38.6039663875174, 38.696503076248106, 38.43933874390171, 39.01797425892259, 38.62587205486573, 38.58930583858929, 38.52521630187524, 38.839859791383404, 38.924056646802875, 38.88671235857385, 38.46180254636675, 38.54834941724034, 39.08767835085628, 38.79274809774156, 38.777193691928765, 38.593420777118666, 38.72790506094025, 38.906443945681445, 38.80491345107186, 38.91992635116923, 38.64852177647469], "val_loss_l2": [0, 0, 0, 0, 0, 0, 0, 0, 0, 0, 0, 0, 0, 0, 0, 0, 0, 0, 0, 0, 0, 0, 0, 0, 0, 0, 0, 0, 0, 0, 0, 0, 0, 0, 0, 0, 0, 0, 0, 0, 0, 0, 0, 0, 0, 0, 0, 0, 0, 0], "val_acc_l2": [0, 0, 0, 0, 0, 0, 0, 0, 0, 0, 0, 0, 0, 0, 0, 0, 0, 0, 0, 0, 0, 0, 0, 0, 0, 0, 0, 0, 0, 0, 0, 0, 0, 0, 0, 0, 0, 0, 0, 0, 0, 0, 0, 0, 0, 0, 0, 0, 0, 0], "test_loss_l1": 1.9020882964134218, "test_acc_l1": 38.86470417113848, "test_loss_l2": 0, "test_acc_l2": 0}