{"epoch_idx": 50, "model_save_file": "architectures/ESEN_100-00_256/ESEN_100-00_256_0.pt", "best_joint_acc": 0, "best_joint_loss": 1000000000.0, "best_epoch_idx_loss": 0, "best_epoch_idx_acc": 0, "run_time": "204s", "train_loss": [2.492827726132943, 2.155541082223257, 2.0816118536573485, 2.039961008411465, 2.0131314234300084, 1.9920014233300185, 1.971358193592592, 1.9544954327019777, 1.9392094828865747, 1.9260973686521699, 1.9132469874439824, 1.9007924831274783, 1.8852118596886147, 1.8741075676499, 1.8633718138391333, 1.8526529389800441, 1.8408017673275687, 1.8279761419151774, 1.8176690132328963, 1.8080251487818624, 1.7973884037046717, 1.7881003491806264, 1.7768339207678132, 1.7680024260824379, 1.7560507158438365, 1.7481764347264266, 1.7385674073840636, 1.730669834397056, 1.72103075728272, 1.7129468294707213, 1.7019540866216027, 1.6965204134131926, 1.690571059783299, 1.6821983185681428, 1.6747671817288254, 1.6690954845963102, 1.662206680485696, 1.6532545107783692, 1.6482084700555517, 1.6409726151914301, 1.6383458276589713, 1.6329396936026483, 1.6291628895383892, 1.6211943879272004, 1.6163378330794245, 1.6099756919976438, 1.6062720851464702, 1.6017273881218657, 1.5976763755986185, 1.5940800002126976], "train_acc": [23.37949886563673, 28.93644772470236, 30.718484906032998, 31.992726286745828, 32.85521796294231, 33.419539596813024, 34.118484012513306, 34.57776898989914, 35.08275228483129, 35.5053838100399, 36.08358206949529, 36.252739077646986, 36.70700007960398, 37.17191508421158, 37.34860266391133, 37.92607345840866, 38.207877474069086, 38.655882538287024, 38.92596793601184, 39.38101910806621, 39.611097233740594, 39.91164023794542, 40.2551842717002, 40.442851342059846, 40.87996006954671, 41.23155029729414, 41.48228846855936, 41.837297912581505, 42.074981763531, 42.39386127949137, 42.654441676743936, 42.78251399647728, 42.87541512213243, 43.44425825453751, 43.716727680083814, 43.66246062695506, 43.83034856376314, 44.24483778108968, 44.37171212329195, 44.60878277935188, 44.71776860194823, 44.83586200777789, 45.024126393382836, 45.33892228109934, 45.43599115726188, 45.63795686038109, 45.83662616062438, 45.88141784519865, 45.980763417723345, 46.1137992335093], "val_loss_l1": [2.1827396154403687, 2.072703003883362, 2.023654282093048, 1.990224587917328, 1.9682158350944516, 1.9493265628814695, 1.9395008087158203, 1.9231982707977295, 1.9190316557884217, 1.9071631908416746, 1.8943135976791385, 1.8908414602279664, 1.8835500478744507, 1.876590347290039, 1.8685771942138671, 1.8633183360099792, 1.8592932581901551, 1.8607579946517947, 1.8533761024475097, 1.8499773263931276, 1.8490056276321414, 1.845110046863556, 1.8443421959877015, 1.8433663606643678, 1.8469772815704346, 1.8455690622329712, 1.8432476043701171, 1.8436677098274232, 1.8440957903861999, 1.8473514914512634, 1.8475252270698548, 1.8487122535705565, 1.847655475139618, 1.8515780329704286, 1.8492376685142518, 1.856604766845703, 1.856509256362915, 1.8606383085250853, 1.8673635005950926, 1.8673933267593386, 1.8661823153495787, 1.8658702373504639, 1.875052237510681, 1.8664236307144164, 1.8724589586257934, 1.872136390209198, 1.875696063041687, 1.883348274230957, 1.8798922061920165, 1.8873615980148315], "val_acc_l1": [28.83426709369132, 31.52992274663744, 32.7876265898193, 33.14657624361749, 34.142241972174546, 34.720977398322276, 34.82940540176456, 35.54709992955765, 35.547079620987105, 35.76431377375386, 36.07697068096581, 36.234270078289846, 36.478950804494644, 36.97079816819476, 37.22589107427574, 37.34462743093652, 37.52116672979063, 37.407859367128836, 37.507306696953584, 37.635683366987465, 38.25897957877383, 37.91577632109885, 37.95767065695414, 38.038301580008714, 38.31921259000758, 38.47310450378858, 38.37259686587289, 38.1748192988931, 38.529063709413094, 38.439684732896566, 38.20300293694352, 38.4357090285405, 38.410882917765086, 38.731142304558325, 38.70735444635882, 38.73187562400014, 38.81243385406588, 38.61283452926486, 38.54014194584015, 38.448578642163675, 38.732470441607916, 38.86179648561286, 38.53160108273657, 38.54664511286026, 38.62759551140213, 38.56563027793834, 38.79987010187037, 38.7071710558217, 38.58398301096303, 38.762304630810235], "val_loss_l2": [0, 0, 0, 0, 0, 0, 0, 0, 0, 0, 0, 0, 0, 0, 0, 0, 0, 0, 0, 0, 0, 0, 0, 0, 0, 0, 0, 0, 0, 0, 0, 0, 0, 0, 0, 0, 0, 0, 0, 0, 0, 0, 0, 0, 0, 0, 0, 0, 0, 0], "val_acc_l2": [0, 0, 0, 0, 0, 0, 0, 0, 0, 0, 0, 0, 0, 0, 0, 0, 0, 0, 0, 0, 0, 0, 0, 0, 0, 0, 0, 0, 0, 0, 0, 0, 0, 0, 0, 0, 0, 0, 0, 0, 0, 0, 0, 0, 0, 0, 0, 0, 0, 0], "test_loss_l1": 1.9145059823989867, "test_acc_l1": 38.73243129133842, "test_loss_l2": 0, "test_acc_l2": 0}