{"epoch_idx": 50, "model_save_file": "architectures/ESEN_100-00_256/ESEN_100-00_256_1.pt", "best_joint_acc": 0, "best_joint_loss": 1000000000.0, "best_epoch_idx_loss": 0, "best_epoch_idx_acc": 0, "run_time": "208s", "train_loss": [2.491976768681497, 2.1474023569713947, 2.077276666959125, 2.0391433229952147, 2.009989284204714, 1.9892293043208844, 1.9696398521914624, 1.9540400775996123, 1.9384330646558239, 1.9240431948141625, 1.9108502991271739, 1.8975187982573658, 1.8865473721966597, 1.8741150101025903, 1.862465606494383, 1.8509125339262422, 1.8385207616921628, 1.828773113814267, 1.816098076827598, 1.8075902191075413, 1.7973926518902643, 1.7879135175184773, 1.7779109929547172, 1.7686181276133568, 1.7575080873388234, 1.7508342726664112, 1.7383215851855998, 1.732718101956628, 1.722238779971094, 1.7147190751451429, 1.7066020243095623, 1.6970455438801735, 1.6941232338096157, 1.6856525748065025, 1.6781347321741509, 1.6707042275053083, 1.6657601378180764, 1.6589267488681905, 1.6503724780949673, 1.644980690696023, 1.6383129800810958, 1.6347091387618673, 1.6278898977872096, 1.6255838166583667, 1.62113891767733, 1.6139405785184913, 1.6083851257960005, 1.6051997289513098, 1.5992722150051237, 1.5967976550261185], "train_acc": [23.302094061332358, 29.178493889662725, 30.993709914133472, 32.02247864809252, 32.86633644235492, 33.51866352658493, 34.05783410920572, 34.634542342006796, 35.03542686044311, 35.50977467968275, 35.93318461445903, 36.35284181543282, 36.61108379368742, 37.120850497980584, 37.5519813777709, 37.69138134896155, 38.19536665525789, 38.606308910263635, 39.001873803176785, 39.29738234474993, 39.45574285045889, 39.973679320601, 40.036042968305395, 40.51651792275497, 40.88048708161237, 40.99318111265492, 41.47376440387588, 41.72359639746809, 42.121016746936554, 42.20929456559076, 42.54458398947761, 42.81491179247136, 42.97778898903412, 43.28562530986894, 43.40749608342738, 43.64714634211523, 43.890880713839145, 43.96875430156943, 44.25783482156213, 44.43514546336941, 44.64402215153183, 44.86610988042746, 45.040453698579235, 45.18087285114435, 45.27048519916881, 45.40656642677294, 45.60244844810085, 45.74083924846126, 45.88667168997494, 46.07641173679616], "val_loss_l1": [2.173185205459595, 2.0668540954589845, 2.020055615901947, 1.9924692630767822, 1.969349730014801, 1.952206552028656, 1.9353771448135375, 1.9239268064498902, 1.9102839589118958, 1.899873387813568, 1.8942126512527466, 1.8835530638694764, 1.8795016765594483, 1.873285448551178, 1.8686506628990174, 1.8628797531127932, 1.85588481426239, 1.8547078490257265, 1.8546198844909667, 1.8489185094833374, 1.8459774017333985, 1.8470920562744138, 1.8431314945220947, 1.8390875697135927, 1.8461418271064758, 1.8396287918090821, 1.8447445392608643, 1.8409419298171996, 1.8452638626098632, 1.8419903278350829, 1.8405538320541381, 1.8417089939117433, 1.8412848472595216, 1.8476617574691772, 1.847442317008972, 1.849020206928253, 1.8439847111701966, 1.8448974013328552, 1.848267662525177, 1.8601407647132875, 1.8549301743507387, 1.8587654829025269, 1.8554530620574952, 1.8593964338302613, 1.8641438484191895, 1.8655286073684691, 1.8654743790626525, 1.8738632202148438, 1.8750749111175535, 1.8721854090690613], "val_acc_l1": [28.603545956152743, 31.693189336097554, 32.772912456709804, 33.34574391318352, 33.98647430272823, 34.42538025016705, 35.157872196297596, 35.12060173947319, 35.69002994251388, 35.856467629294684, 36.272214176275554, 36.57171390026753, 36.7710266708651, 36.54442821934155, 36.978711457795285, 37.2024758722015, 37.56984994315227, 37.44545329617827, 37.747282791397424, 37.46891138589465, 37.75267092149416, 37.73282219985507, 38.302320419146234, 38.20405576276492, 38.10354858673639, 37.948711752907855, 38.1395844023967, 38.33939004273135, 38.393418895150134, 38.56642829532062, 38.630233185314715, 38.39284355691955, 38.654911726785116, 38.57947345935913, 38.62411696872407, 38.25351652537019, 38.82206063832735, 38.57456842279705, 38.49869153444557, 38.76885814480515, 38.86290361036689, 38.85719228539781, 38.435973769673275, 38.83641521771318, 38.81867832801855, 38.655653789369026, 38.7505426740416, 38.69549314103966, 38.8243666952043, 38.802320478843626], "val_loss_l2": [0, 0, 0, 0, 0, 0, 0, 0, 0, 0, 0, 0, 0, 0, 0, 0, 0, 0, 0, 0, 0, 0, 0, 0, 0, 0, 0, 0, 0, 0, 0, 0, 0, 0, 0, 0, 0, 0, 0, 0, 0, 0, 0, 0, 0, 0, 0, 0, 0, 0], "val_acc_l2": [0, 0, 0, 0, 0, 0, 0, 0, 0, 0, 0, 0, 0, 0, 0, 0, 0, 0, 0, 0, 0, 0, 0, 0, 0, 0, 0, 0, 0, 0, 0, 0, 0, 0, 0, 0, 0, 0, 0, 0, 0, 0, 0, 0, 0, 0, 0, 0, 0, 0], "test_loss_l1": 1.8885396361351015, "test_acc_l1": 39.062575812975496, "test_loss_l2": 0, "test_acc_l2": 0}