{"epoch_idx": 50, "model_save_file": "architectures/ESEN_100-00_256/ESEN_100-00_256_2.pt", "best_joint_acc": 0, "best_joint_loss": 1000000000.0, "best_epoch_idx_loss": 0, "best_epoch_idx_acc": 0, "run_time": "204s", "train_loss": [2.5063271089033647, 2.1486044616410207, 2.074649198488755, 2.034677696950508, 2.00751270308639, 1.9867217585896002, 1.9669588406880696, 1.949417293071747, 1.937305484757279, 1.9215635241884175, 1.906192254839522, 1.8962955140706264, 1.8836446585077236, 1.8698067511572978, 1.8556656403975056, 1.8458026539195669, 1.8347465621702599, 1.824299861987432, 1.8127131055701868, 1.8028703006831077, 1.792966674674641, 1.7823175011259131, 1.7723649658940057, 1.7619340826164587, 1.7518201578747141, 1.7432902130213646, 1.734676797281612, 1.7268353872226951, 1.717387482975467, 1.7091624086553399, 1.7014888236016936, 1.693364269805677, 1.6860099443883605, 1.6792844624230356, 1.6695872472994255, 1.66459015824578, 1.6599217626181517, 1.6543723687981113, 1.6455080807209013, 1.6386568744977317, 1.6341708076722699, 1.6294950183593875, 1.62413484580589, 1.6194037171927371, 1.6134332499720834, 1.6093526112310808, 1.604619160746083, 1.6006691780957312, 1.5955200059847396, 1.5903891054066746], "train_acc": [23.168320954641878, 29.074251332596816, 30.99139566761647, 31.98520303294621, 32.805410697244895, 33.45434994725306, 34.00996515542135, 34.693418073622, 35.072521443275676, 35.443216050748, 36.12201825639023, 36.416527259689374, 36.79362244178292, 37.126055790399334, 37.552297563304776, 38.06259107400627, 38.33299114506859, 38.73295411256482, 39.15787970795498, 39.39932402987874, 39.715239256200356, 40.129306155544654, 40.4156603029526, 40.74708605250642, 41.06728735535432, 41.28223643395819, 41.78009580795732, 41.8504474561725, 42.31116541324657, 42.374112100843725, 42.68404201761038, 42.964385870610435, 43.24444427236234, 43.38643020036293, 43.82511814157887, 43.86889322381188, 44.153711243093234, 44.175249324965314, 44.46012372714361, 44.74035771724015, 44.891087812093076, 44.9169622226112, 45.20382910562572, 45.45719363640101, 45.56629175795783, 45.673647772240805, 45.90559912782943, 45.865610004617295, 46.01661752852315, 46.259446283285826], "val_loss_l1": [2.180540537834167, 2.0719966650009156, 2.0199141740798954, 1.9875126004219053, 1.963857674598694, 1.94736567735672, 1.9315490007400513, 1.9192722916603089, 1.9054785132408143, 1.8951862335205079, 1.8904188990592958, 1.8854439616203307, 1.873557138442993, 1.8675013899803161, 1.8626345157623292, 1.8619042038917542, 1.8543987154960633, 1.8492523312568665, 1.8518596291542053, 1.844819402694702, 1.845541846752167, 1.841817581653595, 1.8377174615859984, 1.8381863236427307, 1.8436026096343994, 1.8379717469215393, 1.8369251847267152, 1.8374101281166078, 1.840774977207184, 1.838590431213379, 1.8400739908218384, 1.8378677368164062, 1.8444251894950867, 1.8451912045478822, 1.8390997767448427, 1.8458157658576964, 1.847171700000763, 1.8489741802215576, 1.847976791858673, 1.8547170996665956, 1.8495771050453187, 1.8536762833595275, 1.8610730409622191, 1.8566282272338868, 1.861760401725769, 1.8656938552856446, 1.8698657751083374, 1.8745660781860352, 1.874291396141052, 1.874978709220886], "val_acc_l1": [28.54603640551494, 31.1237190447168, 32.47361264153955, 33.754574737881235, 34.04663383877613, 34.78441124774396, 34.6709404529908, 35.828944957470135, 35.874981043823055, 36.24349244651991, 36.27921167988709, 36.19279399397929, 36.58089863732429, 37.195379770651186, 37.259501697451704, 37.37473926570291, 37.446639745183546, 37.82785809760899, 37.938182218081835, 38.06347409998219, 38.21430018922039, 38.35630655418456, 38.681033561204956, 38.75021446866887, 38.62812027806304, 38.534465229750936, 38.568585037542775, 39.042301583020596, 39.0741141783265, 38.692711178477104, 38.90626247469943, 38.94525752389862, 38.65328189929429, 38.89728967100996, 38.966175190461925, 39.04424896381589, 39.071223754756005, 38.63283529911888, 39.23057355254431, 38.9478958638667, 39.10955680581314, 39.22865205638927, 39.04281041344562, 39.10553615949159, 38.80029520032617, 39.372877270502244, 39.19662730099646, 39.07942446948431, 38.9806454661035, 39.22324050610057], "val_loss_l2": [0, 0, 0, 0, 0, 0, 0, 0, 0, 0, 0, 0, 0, 0, 0, 0, 0, 0, 0, 0, 0, 0, 0, 0, 0, 0, 0, 0, 0, 0, 0, 0, 0, 0, 0, 0, 0, 0, 0, 0, 0, 0, 0, 0, 0, 0, 0, 0, 0, 0], "val_acc_l2": [0, 0, 0, 0, 0, 0, 0, 0, 0, 0, 0, 0, 0, 0, 0, 0, 0, 0, 0, 0, 0, 0, 0, 0, 0, 0, 0, 0, 0, 0, 0, 0, 0, 0, 0, 0, 0, 0, 0, 0, 0, 0, 0, 0, 0, 0, 0, 0, 0, 0], "test_loss_l1": 1.8997443675994872, "test_acc_l1": 38.832639318786526, "test_loss_l2": 0, "test_acc_l2": 0}