{"epoch_idx": 50, "model_save_file": "architectures/ESEN_100-00_256/ESEN_100-00_256_4.pt", "best_joint_acc": 0, "best_joint_loss": 1000000000.0, "best_epoch_idx_loss": 0, "best_epoch_idx_acc": 0, "run_time": "206s", "train_loss": [2.477286243077481, 2.150530415954011, 2.075807781833591, 2.037214808391801, 2.0089974051172073, 1.9885311560197314, 1.9691933962431816, 1.9541363111048042, 1.9386992084257533, 1.9224311772621039, 1.910891570828178, 1.8988905142654078, 1.884985215736158, 1.8755786003488484, 1.861421265385368, 1.8492246125683645, 1.837845159299446, 1.826189421343081, 1.8160762281128855, 1.805155132756089, 1.7948325177033746, 1.7845853142666097, 1.7748303946220512, 1.7640513515833656, 1.7552088697751371, 1.74749417738481, 1.7398970172260744, 1.7321678806434984, 1.721649088642814, 1.7129173170436514, 1.70566534183242, 1.6981816192468007, 1.689963785084811, 1.6840089315717865, 1.676008966836063, 1.6703946590423586, 1.6627611924301493, 1.6583711613308305, 1.6503410483851577, 1.6431332880800418, 1.638203341852535, 1.6334662997361382, 1.6277030426444428, 1.6227522402098684, 1.6152206117456607, 1.6126645442211271, 1.6089976926644631, 1.60258380391381, 1.5987259113427368, 1.594807181394462], "train_acc": [23.524317215283645, 29.033569452051868, 31.01068558037304, 32.010848275006104, 32.74021685568228, 33.36134527842301, 34.09909843745271, 34.47125807036656, 34.936510144130494, 35.44437879929117, 35.890290043707374, 36.231602691896455, 36.71717691677895, 36.99162397134708, 37.37284935960845, 37.735981819310254, 38.13363995808523, 38.65928582566975, 38.85720286772715, 39.270834426471765, 39.551585274208634, 39.82759355042393, 40.27443952763687, 40.70552510998141, 40.95751076301141, 41.093884088023884, 41.41735870938647, 41.66206742299111, 42.02026839779213, 42.31211178887974, 42.442820465186394, 42.81685639586005, 43.028316682425334, 43.26998785370648, 43.634599687291626, 43.61135726572627, 43.86908350417683, 44.15440060801323, 44.283670123697114, 44.593150069652246, 44.65387482800485, 44.88844787840966, 45.16052992474216, 45.41688308478027, 45.43569149721906, 45.5426046572989, 45.746606581007626, 45.9287619720556, 45.93925329436732, 46.14988411623837], "val_loss_l1": [2.1823610782623293, 2.0785908937454223, 2.0209148645400994, 1.9953739404678346, 1.9728738546371458, 1.9541520237922667, 1.9384758114814757, 1.9314604878425599, 1.9122493863105774, 1.9036443710327149, 1.8952715039253232, 1.8895086169242858, 1.88106586933136, 1.8767575025558472, 1.8709421396255494, 1.867143952846527, 1.8634886741638184, 1.8569620728492737, 1.8528907895088196, 1.850687611103058, 1.8479959726333615, 1.8486807465553285, 1.8447160124778748, 1.839784324169159, 1.839613389968872, 1.8393754839897156, 1.8368327260017394, 1.839548337459564, 1.844950556755066, 1.840632224082947, 1.845363426208496, 1.8453851819038392, 1.8417941331863403, 1.8466634273529052, 1.8399601578712463, 1.8461745142936707, 1.8485771894454956, 1.8479290843009946, 1.8516678214073181, 1.8507737636566162, 1.8517330527305602, 1.8618928194046023, 1.8604437947273254, 1.8583751320838928, 1.8572295665740968, 1.8654670238494873, 1.8690905928611754, 1.8591870784759523, 1.862225615978241, 1.8734328031539915], "val_acc_l1": [28.50000089181689, 31.37097749760731, 32.27829797108092, 33.0684761654413, 33.61212351672602, 34.93650142720769, 34.86889110975186, 35.358304897344844, 36.04049965122929, 35.820536966843605, 36.50416749192267, 36.776061044986335, 36.894501721031546, 37.15907361252886, 37.24315808679408, 37.30703442933314, 37.4139564509832, 37.67791875730291, 37.79371372862033, 37.58482300549575, 37.671141379049935, 38.34638261720883, 38.03270132806042, 37.92520908463995, 38.34265407931577, 38.27793535245944, 38.62206760705972, 38.37273976559935, 38.24888536896599, 38.511944581657346, 38.69789084420528, 38.308516993959365, 38.65850167521059, 38.715057139925314, 38.96585974634586, 38.59120259141096, 38.689800439537294, 38.72822459388551, 38.668770054224495, 38.901962534837786, 39.02038528769374, 38.86210520746252, 38.68125972961373, 39.13910926888853, 39.1582951778385, 38.93357063386508, 38.66560744612251, 38.870323633943435, 38.940859163515164, 39.10849627713976], "val_loss_l2": [0, 0, 0, 0, 0, 0, 0, 0, 0, 0, 0, 0, 0, 0, 0, 0, 0, 0, 0, 0, 0, 0, 0, 0, 0, 0, 0, 0, 0, 0, 0, 0, 0, 0, 0, 0, 0, 0, 0, 0, 0, 0, 0, 0, 0, 0, 0, 0, 0, 0], "val_acc_l2": [0, 0, 0, 0, 0, 0, 0, 0, 0, 0, 0, 0, 0, 0, 0, 0, 0, 0, 0, 0, 0, 0, 0, 0, 0, 0, 0, 0, 0, 0, 0, 0, 0, 0, 0, 0, 0, 0, 0, 0, 0, 0, 0, 0, 0, 0, 0, 0, 0, 0], "test_loss_l1": 1.902931821346283, "test_acc_l1": 39.00349565885895, "test_loss_l2": 0, "test_acc_l2": 0}