{"epoch_idx": 100, "model_save_file": "models/LSTM/128/ESEN_60-40/ESEN_60-40_3.pt", "best_joint_acc": 33.843353775517606, "best_joint_loss": 2.0613443315029145, "best_epoch_idx_loss": 41, "best_epoch_idx_acc": 65, "run_time": "446s", "train_loss": [2.7115334922617125, 2.400828063488007, 2.331314321720239, 2.291769665299039, 2.2625920808676527, 2.237369923880605, 2.2187888134609546, 2.202389872435368, 2.188677818486184, 2.174980217760258, 2.166566966157971, 2.158200634248328, 2.1474041920719724, 2.1397077820517794, 2.13192656545928, 2.1252760435595675, 2.1176859899000697, 2.11171224261775, 2.106327810070731, 2.099166321031974, 2.0942820527336825, 2.0859427668831567, 2.082824741349075, 2.078852532487927, 2.0725761191411443, 2.0670316833438296, 2.064885367949804, 2.0584224625067273, 2.054593165715536, 2.049698742050113, 2.0465567599643357, 2.0412649738066126, 2.039221107959748, 2.033114624745918, 2.028608281504024, 2.0267576602372257, 2.0211334978089193, 2.0184801220893873, 2.0138511973800086, 2.0107292641292913, 2.009226636453108, 2.0042549127882188, 2.002661872993817, 1.999206345189701, 1.9953916072845457, 1.991633999528307, 1.9879082116213718, 1.9862660341190568, 1.983395619825884, 1.9783862251223943, 1.9756280174761107, 1.9721908018444534, 1.9707554127230789, 1.9693062937620918, 1.9646861309354962, 1.961789335265304, 1.9612714747587845, 1.957639529849544, 1.9542237204132653, 1.950507387067333, 1.9530217286312221, 1.9491864244143162, 1.9452377611940552, 1.9450215679226497, 1.9411537737557385, 1.9401575055989349, 1.938387215137481, 1.9334524138407276, 1.9324434724721042, 1.9314595460891713, 1.929048791076197, 1.9255171111135767, 1.924024357940212, 1.923333408254566, 1.9192383912476627, 1.9186275529138967, 1.9165614698872426, 1.9147904424956348, 1.9118579716393436, 1.9086880421999728, 1.9093689006386383, 1.906868257305839, 1.9058761452183581, 1.9028565134062916, 1.9007135611591912, 1.8990276004328872, 1.8993281523386638, 1.8967901224439787, 1.8965117100513338, 1.894338950063243, 1.8927715727777195, 1.8905346086530979, 1.890234069390731, 1.8869285854426292, 1.8876858750979097, 1.8836011696945536, 1.8833478535666612, 1.8834279098294004, 1.879000996098374, 1.8779658909999961], "train_acc": [19.270319579983614, 24.22132458316741, 25.744186587640513, 26.672708473867907, 27.43479321703001, 28.145621507452002, 28.517621683735936, 28.94750081890349, 29.329746250420865, 29.82477405638195, 29.941102181679682, 30.1645828968179, 30.61560855304907, 30.795006828651175, 30.890345673036606, 31.250165023403493, 31.45518485520478, 31.58173344351107, 31.654497149294986, 31.999527157078155, 32.045441428618616, 32.41258457059681, 32.46713807857147, 32.766676070661475, 32.76602049681782, 33.014732504717216, 33.12119385252572, 33.26033711449761, 33.45432899783744, 33.40480215499289, 33.612950343374685, 33.743729624625466, 33.81183702547579, 34.036476444308626, 34.03128490089267, 34.18461784302527, 34.422120242548026, 34.47180010989745, 34.68069573463807, 34.7763812869123, 34.81959083568185, 34.92370042642879, 35.006053016308904, 35.091709025167845, 35.21888646301099, 35.32160146803141, 35.49020240572782, 35.5258078371152, 35.57732754051517, 35.66285451397674, 35.77436416975714, 36.00722039380329, 36.019388841703005, 36.12394745661433, 36.15962707005944, 36.26465285554086, 36.37182604373873, 36.39096528985222, 36.395290475217585, 36.627024341392854, 36.48022220248818, 36.63211185605317, 36.707103144005345, 36.74226487275777, 36.89382977902176, 36.993947446216374, 37.07351523868097, 37.18304013136429, 37.2209989860773, 37.230108663507515, 37.25392802823333, 37.34520638300708, 37.50557720991934, 37.35551961932724, 37.652236885638764, 37.66515728232244, 37.819027248082506, 37.77324170806943, 37.94011185275292, 37.94343886999808, 37.962021981521374, 37.93547933445316, 38.03299883320834, 38.07953049550784, 38.131762857457076, 38.31712105448524, 38.10755151922626, 38.359559517843714, 38.368782821545146, 38.44413106039289, 38.3987011682788, 38.44349536843975, 38.47623954581394, 38.58109015397761, 38.611562754034466, 38.643609602623805, 38.76395044857522, 38.709579487124074, 38.916484745140814, 38.960659647463025], "val_loss_l1": [2.3048845291137696, 2.20869562625885, 2.1607726335525514, 2.1356648445129394, 2.1048371315002443, 2.092189168930054, 2.071075463294983, 2.0626348495483398, 2.0501072406768794, 2.0501153469085693, 2.032603049278259, 2.023700702190399, 2.029077208042145, 2.0217061400413514, 2.0142737507820128, 2.005835926532745, 2.0079593658447266, 2.0104563117027276, 1.9885828495025635, 1.997657334804535, 1.9907126426696777, 1.9872875571250916, 1.985863423347473, 1.9753042697906495, 1.9792218804359438, 1.979407775402069, 1.9712922811508178, 1.9691933155059815, 1.9806219816207886, 1.967470681667328, 1.9691329956054688, 1.9663872599601746, 1.9665033936500549, 1.9649093627929688, 1.9619142532348632, 1.9633870363235473, 1.965592420101166, 1.9604369163513184, 1.9633039832115173, 1.9572892546653748, 1.9595749497413637, 1.9641132116317748, 1.9590911269187927, 1.9561312675476075, 1.9597289204597472, 1.9578103065490722, 1.9572684407234193, 1.9557401180267335, 1.954201364517212, 1.9648690938949585, 1.9592842936515809, 1.9547785758972167, 1.9625061750411987, 1.9591386437416076, 1.9530000686645508, 1.9567823529243469, 1.9574232816696167, 1.9554253816604614, 1.9569858312606812, 1.9613683581352233, 1.9546454787254333, 1.9576416611671448, 1.9588995933532716, 1.9579891681671142, 1.9667003631591797, 1.9602217078208926, 1.968734300136566, 1.9656092286109925, 1.963228738307953, 1.9625485301017762, 1.9666677117347717, 1.9701865553855895, 1.9707803726196291, 1.9684334516525268, 1.9655145168304442, 1.9690012454986572, 1.9731950163841248, 1.9694932103157043, 1.9715420961380008, 1.9675614595413207, 1.9707261323928833, 1.9785634398460388, 1.9731180191040039, 1.975832223892212, 1.97496417760849, 1.9799684882164001, 1.9757219195365907, 1.9808826684951784, 1.9717223525047303, 1.9820601344108582, 1.9828614711761476, 1.9784018754959107, 1.9843185305595399, 1.9749408602714538, 1.985356545448303, 1.9902811288833617, 1.9867607355117798, 1.987391173839569, 1.9820800781249999, 1.987880289554596],