{"epoch_idx": 100, "model_save_file": "models/LSTM/128/ESEN_60-40/ESEN_60-40_0.pt", "best_joint_acc": 33.632147183982426, "best_joint_loss": 2.0610366463661194, "best_epoch_idx_loss": 49, "best_epoch_idx_acc": 76, "run_time": "453s", "train_loss": [2.7187782381520105, 2.400562329725787, 2.330424626668293, 2.285709628553101, 2.2556155992276734, 2.2325051300453422, 2.214441362655524, 2.1988324559096144, 2.188287794589995, 2.1749757961793383, 2.163413147131602, 2.1534574393070103, 2.1436641035657944, 2.1368262821977786, 2.129564653743398, 2.1232768766807784, 2.1152446432547145, 2.1093997937260256, 2.1034402160933516, 2.0952469381419094, 2.089978409535957, 2.0849041776223625, 2.0820046040144833, 2.074608810020214, 2.0710041378483606, 2.06614002585411, 2.061137022394124, 2.0572382663235533, 2.052647571672093, 2.0493369310191176, 2.0425700888489224, 2.040815160130009, 2.0364358253551256, 2.0324855835148785, 2.0281501005996354, 2.0232189767288444, 2.021992975112162, 2.0177035440098168, 2.0135172831289685, 2.010589418989239, 2.007039319385182, 2.0027685147343264, 1.9996204647150908, 1.9970162845019133, 1.9947107651016933, 1.990517073508465, 1.9867428947578771, 1.984091437224186, 1.9816991605541925, 1.9767437712712728, 1.9744033867662605, 1.9733934438589842, 1.969119637301474, 1.9679468210899465, 1.9652813772360482, 1.962033286239162, 1.9625248258764096, 1.9560475132682111, 1.9549227763306012, 1.9522199287559046, 1.9504741574778701, 1.9488792934200987, 1.9478840836972902, 1.943213785236532, 1.939852268406839, 1.939416568387638, 1.938567222970904, 1.9344264034068939, 1.9304958283901215, 1.9284366522774552, 1.927105639016989, 1.9244873875921429, 1.9242928804773276, 1.9204206150589571, 1.9180356598261636, 1.9162473859209004, 1.915284885601563, 1.9128160070289266, 1.9106791254245874, 1.9102473078352031, 1.9057668871951827, 1.9052643730784904, 1.906100555802836, 1.902598413554105, 1.9018857144948202, 1.8991367040258453, 1.897938388766664, 1.897276161294995, 1.8948861983689393, 1.8936794716300385, 1.8908871231657092, 1.8880565067132313, 1.8897299775571539, 1.8873499767346813, 1.8857687684622673, 1.8835384628989478, 1.8830961043184453, 1.879005386973872, 1.8788786322781534, 1.8791205413413767], "train_acc": [19.244677429763982, 24.13963878637044, 25.713555216240728, 27.035469214388804, 27.70291931335739, 28.298202323163125, 28.652628724354216, 29.139005410399786, 29.26421630112046, 29.731699145569912, 30.02664580329686, 30.321027010083053, 30.636414232471807, 30.86947608330755, 31.072829116957116, 31.166754305794093, 31.462732615265498, 31.733557454932193, 31.929042756793393, 32.08328953384859, 32.24088591440566, 32.33193159476937, 32.369019056400624, 32.727623470186934, 32.76666749896934, 33.02312889235679, 33.03281022104989, 33.31271517286242, 33.34497906072319, 33.51012341064501, 33.784219179526836, 33.71787098295804, 33.7513691537256, 34.01035997348256, 33.94433253321511, 34.274828689373095, 34.32661499351581, 34.47640066734913, 34.446181705774165, 34.58307347431849, 34.767453272291945, 34.75792913736463, 34.97200672471366, 35.12001182639484, 35.1791428165789, 35.257402208660736, 35.31152911345947, 35.56576031014657, 35.47071336753095, 35.695411842199654, 35.746816061173554, 35.777518261338955, 36.005899204658036, 35.96175994427917, 36.1471566286424, 36.14540998770435, 36.158917251921224, 36.393832912545015, 36.31870020505881, 36.421647160628055, 36.4910005777402, 36.48217735837868, 36.68319286954508, 36.661956211530686, 36.92648027781916, 36.87030432388544, 36.828789244305284, 36.966585247570634, 37.171840034522695, 37.29801134820852, 37.21368106326712, 37.35638533631514, 37.51225008512626, 37.42490088051062, 37.48212081846791, 37.53887096866329, 37.54963802991872, 37.64484005487788, 37.748980763653606, 37.73330262702209, 37.9128147192559, 37.88996332907939, 38.004275840283164, 38.224447245122995, 38.085239185246984, 38.145866204154814, 38.195804429239764, 38.14595033420676, 38.32926168285598, 38.343559772149895, 38.344554600624264, 38.51196327511948, 38.41047613211396, 38.456519915820465, 38.502299447075465, 38.513685028814116, 38.766739198345356, 38.80545560498382, 38.88724720633529, 38.77651348842606], "val_loss_l1": [2.315743327140808, 2.2055152654647827, 2.1538166761398316, 2.1223870277404786, 2.096170163154602, 2.0831918239593508, 2.064407467842102, 2.0525920629501346, 2.046332192420959, 2.0315138578414915, 2.0260785579681393, 2.015628433227539, 2.0130761504173282, 2.017566633224487, 2.0042430996894836, 1.9997454524040224, 1.995485532283783, 1.9914958238601683, 1.9873683929443358, 1.9869968891143799, 1.9803361773490906, 1.9780657291412354, 1.9847728729248049, 1.9721675515174864, 1.9770840644836425, 1.969498062133789, 1.9689627408981325, 1.967484176158905, 1.963365387916565, 1.9615208983421326, 1.9641202688217163, 1.9653153657913207, 1.956618571281433, 1.9565835118293762, 1.9540523886680603, 1.9609254837036134, 1.9562408924102783, 1.9599989414215089, 1.9608433723449707, 1.9534821391105652, 1.9550796270370483, 1.9559574961662292, 1.9536303520202636, 1.9508897185325622, 1.948233699798584, 1.9469560265541075, 1.9500186324119568, 1.9494482398033142, 1.9504235267639158, 1.9502772212028505, 1.9495132327079776, 1.946370542049408, 1.950727105140686, 1.9467283964157105, 1.9465081453323363, 1.9500226736068726, 1.9509695649147032, 1.9502194643020632, 1.9538686990737915, 1.9509721636772155, 1.9505332946777343, 1.9539695143699647, 1.9557572245597838, 1.9539212942123412, 1.9534520745277408, 1.9613743662834169, 1.9572259545326234, 1.9588295102119446, 1.9605335831642152, 1.9621298909187317, 1.960623061656952, 1.9620202422142028, 1.9577698349952697, 1.9638537049293519, 1.963839840888977, 1.9636923551559446, 1.9614285111427305, 1.9653371095657348, 1.9640672206878662, 1.968106782436371, 1.970543873310089, 1.9681650757789613, 1.96327201128006, 1.9645948171615601, 1.9673562765121457, 1.9763015270233155, 1.973616361618042, 1.9713525652885437, 1.9704762339591981, 1.9688249707221985, 1.9687263011932372, 1.9720679998397828, 1.9730085134506223, 1.9787047743797301, 1.9786258459091188, 1.9856807351112364, 1.976204752922058, 1.978688895702362, 1.9760719418525696, 1.9755942583084105],