{"epoch_idx": 100, "model_save_file": "models/LSTM/128/ESEN_60-40/ESEN_60-40_4.pt", "best_joint_acc": 33.892677097608455, "best_joint_loss": 2.0565850377082824, "best_epoch_idx_loss": 45, "best_epoch_idx_acc": 73, "run_time": "453s", "train_loss": [2.7140114993760087, 2.394437717668938, 2.3225673509366582, 2.280802116249546, 2.250540289011868, 2.228627152515181, 2.2092531793045267, 2.1956115365028377, 2.183461218169241, 2.175053415876445, 2.162034327333623, 2.1538714224641966, 2.1445768258788367, 2.138414065043131, 2.131021842812045, 2.1247519796544863, 2.117465134822961, 2.111766441301865, 2.1045837041103477, 2.0979786163026635, 2.0914745728174853, 2.0888724074219227, 2.080137232036302, 2.0783801421974637, 2.0733825347640296, 2.0666219068296043, 2.063178258411814, 2.0557340916359057, 2.0522992610931388, 2.0478046473228564, 2.0457869334654375, 2.040042282053917, 2.0372450460087164, 2.0318215155240256, 2.02755417245807, 2.0243025395003245, 2.019477026932168, 2.0157608850435773, 2.0139311732667866, 2.0102741447362047, 2.00635082342408, 2.003004627697395, 2.0014850190191558, 1.9968676223899375, 1.9920448055773068, 1.9896619744373083, 1.987870007753372, 1.9850542427915512, 1.9811670762119868, 1.9796568642963057, 1.9745589413426137, 1.9738788695046396, 1.9689420154600434, 1.9656130743749214, 1.9635451634724927, 1.9622979299588634, 1.9592510633396378, 1.956644038359324, 1.9554117683208347, 1.9525232306032474, 1.9507325255509589, 1.9465212668433334, 1.9456730782985685, 1.9419827614769798, 1.9417698970346742, 1.9380561899055135, 1.9333718978997436, 1.9332469466960782, 1.932289762930437, 1.9299617554202226, 1.9280201729499922, 1.927035623427593, 1.922323110428723, 1.9226963240088835, 1.919017192089197, 1.9191007126461377, 1.9150231778621674, 1.9147156847245765, 1.9106812811259066, 1.912384122610092, 1.9092336441531326, 1.9063954958409977, 1.9023343351754274, 1.9029415620095802, 1.9012709395451974, 1.9009187095093008, 1.8968358572685353, 1.8942854756658727, 1.8934598375450484, 1.8936991041356865, 1.8914824507453227, 1.8911135792732234, 1.8890024242979115, 1.8868440886338547, 1.8872696928905712, 1.885422309239706, 1.8824026819431416, 1.8800056287736606, 1.8788655210625047, 1.8801283628651593], "train_acc": [19.557713441962086, 24.277145532552407, 26.155858766775037, 27.030900025757926, 28.0060140057236, 28.57048832180593, 28.935249209337382, 29.303703274488385, 29.814740296814563, 30.01361090364977, 30.330488393905743, 30.59871240922044, 30.726587776719786, 30.929308686333197, 31.1988226415965, 31.32711637834693, 31.52647426390426, 31.88115533328503, 32.00697483717871, 32.31180187976476, 32.37459393634231, 32.36736989101393, 32.66068559090201, 32.90345045030672, 32.91317405419375, 33.12726372841404, 33.20140520703467, 33.427094782980745, 33.63074978497307, 33.87851342254921, 33.85800184560312, 33.90677563014138, 33.93623185588288, 34.0926604249115, 34.19496993304754, 34.4695627763882, 34.35694344726682, 34.60658208073191, 34.787040406047154, 34.92931114531924, 34.9770484265719, 35.128512403498185, 35.12559326765899, 35.27069287381108, 35.3615356344833, 35.52945940645206, 35.43714380712727, 35.536724656117094, 35.65666850477273, 35.848745104946914, 35.98520695869104, 35.9452055673678, 36.19385489059805, 36.24524611829376, 36.25633604052739, 36.30203651822152, 36.35557023989566, 36.5536068832541, 36.42733905584183, 36.56299121609709, 36.74670049182409, 36.9037742719911, 36.86291412855193, 36.91752238246758, 36.85133034783508, 36.981549435443384, 37.23364383812696, 37.38637689394087, 37.217034132460284, 37.33396405476287, 37.35228664907515, 37.338602868421916, 37.45831732120795, 37.64217543837697, 37.638457753115546, 37.71747544370959, 37.73610407908927, 37.803272716158965, 37.79419092710125, 37.90358950190229, 38.029165021263466, 38.01866610283732, 38.28095188276956, 38.196873780922786, 38.236432484169065, 38.22522124270197, 38.34629625500571, 38.363583293115774, 38.481187757356174, 38.63129469543179, 38.50507399273263, 38.47421345838913, 38.61051598752629, 38.60450349809413, 38.619995464192066, 38.74725381719628, 38.78466214997481, 38.808876602848464, 38.916769065061615, 38.79306373665657], "val_loss_l1": [2.299222445487976, 2.2057537078857425, 2.1494284868240356, 2.1115125179290772, 2.086276412010193, 2.067733502388, 2.0605963230133053, 2.049185299873352, 2.0415690183639525, 2.0335749626159667, 2.028284645080566, 2.0296831846237184, 2.012950599193573, 2.006893491744995, 2.009635043144226, 1.9964686751365661, 2.00608868598938, 1.9991521239280703, 1.9922847509384156, 1.9815355777740478, 1.9761450052261351, 1.9795372247695924, 1.9760661005973816, 1.9770495653152467, 1.968821895122528, 1.9678286433219907, 1.9623998641967775, 1.959822642803192, 1.9598982691764832, 1.961950445175171, 1.95654296875, 1.954019057750702, 1.9523896813392643, 1.954313898086548, 1.9551312923431396, 1.9481042861938476, 1.9501020789146422, 1.9494709253311155, 1.9470706582069397, 1.9513579249382018, 1.949496340751648, 1.9497560858726501, 1.9449379086494445, 1.9537468433380127, 1.9482307434082033, 1.9444460988044738, 1.9484542608261108, 1.950175166130066, 1.9483967304229735, 1.9509117126464843, 1.9483293175697327, 1.9502110481262205, 1.93912136554718, 1.9474870324134825, 1.9503947019577028, 1.9497039079666139, 1.9513900399208068, 1.9459624648094176, 1.9555245995521544, 1.9468327522277833, 1.9488122701644899, 1.9516857981681823, 1.9496340036392212, 1.9473393559455872, 1.9545058608055113, 1.9512910604476927, 1.9505038976669313, 1.9465816617012024, 1.9464947700500488, 1.9559294462203978, 1.9539343237876892, 1.9559035062789918, 1.9477432966232302, 1.9470535516738892, 1.9537124276161193, 1.9523961901664735, 1.9563133001327515, 1.9616368174552918, 1.9578283429145813, 1.95822731256485, 1.958309328556061, 1.9585129976272584, 1.9584730982780458, 1.959000754356384, 1.9567764163017274, 1.95370512008667, 1.9618983268737793, 1.9561847925186158, 1.9608023762702942, 1.9573729395866393, 1.9626343607902526, 1.960616719722748, 1.9628803849220278, 1.9690393328666689, 1.9624410390853881, 1.9673866987228394, 1.9706830859184266, 1.9692664980888366, 1.9640553832054137, 1.9675913214683534],