{"epoch_idx": 100, "model_save_file": "models/LSTM/128/ESEN_60-40/ESEN_60-40_1.pt", "best_joint_acc": 33.76550181321174, "best_joint_loss": 2.0696460604667664, "best_epoch_idx_loss": 40, "best_epoch_idx_acc": 91, "run_time": "444s", "train_loss": [2.6918322931636482, 2.3846116752335536, 2.3132649533676384, 2.2756371498107915, 2.2465493173310254, 2.2248883789235885, 2.2076977220448586, 2.192006681904646, 2.179368029941213, 2.170980502258647, 2.1567922234535213, 2.149436985001418, 2.1415740721153487, 2.133994983904291, 2.1267863873279453, 2.1211055426886594, 2.114556390227695, 2.1079926219853484, 2.103318904385421, 2.0971193801273, 2.0925150865858257, 2.0876872304714102, 2.080744448033245, 2.07423633517641, 2.07199106613795, 2.067466615727452, 2.0643662114938084, 2.0583310353033473, 2.055750399827957, 2.051502429174654, 2.0464223451686627, 2.04125135414528, 2.038619889454409, 2.033964758569545, 2.0320097560232324, 2.028620637727507, 2.0237276517983642, 2.0193419682257105, 2.016947820331111, 2.0150849855307373, 2.009271729173083, 2.005494232430601, 2.0055075829679305, 2.001946554942565, 1.9980679497574312, 1.9932803764487759, 1.9928645473538025, 1.988788164926298, 1.9847177664438884, 1.981905477516579, 1.9783245939196963, 1.97764579816298, 1.9749723194223465, 1.9743642626386706, 1.9699446531859313, 1.966348592079047, 1.9654592519456684, 1.9626164327968247, 1.9600756448326693, 1.9549341626239547, 1.9529289151683005, 1.9516681387568962, 1.9499057269457616, 1.9460635338768817, 1.9457385287140359, 1.9419462084770205, 1.9397603128895617, 1.937823347973101, 1.9372890880613611, 1.935746024052302, 1.9339173905777212, 1.9289921802101717, 1.9290282635977771, 1.9263102385130797, 1.926468190821734, 1.9232071177525956, 1.921617150306701, 1.915857801834743, 1.917392443526875, 1.9147659784013573, 1.9143417152491475, 1.9114582827596946, 1.9104055084965437, 1.9073693607792703, 1.9051783283551533, 1.9041312138239537, 1.9026341609882589, 1.9005959223617201, 1.9016024813507546, 1.9000218131325468, 1.8963522486614455, 1.893830629912289, 1.8926761782530583, 1.8902736134601357, 1.8908502540805119, 1.888935122526053, 1.8851599747484384, 1.8847799310178472, 1.8840489414605224, 1.882688417579189], "train_acc": [20.03271397327195, 24.624691094866673, 26.49611067627797, 27.389835060052516, 28.138161026300395, 28.490131131250198, 28.984622273502822, 29.57566325242573, 29.845916642550552, 30.12763017216239, 30.36368788505354, 30.690826320508705, 30.931720181233718, 31.057165280727222, 31.31247846742109, 31.44489810700831, 31.71368115999116, 31.86766491196774, 31.83304932344948, 32.111385045847406, 32.30506705479783, 32.378589627231406, 32.66567697765202, 32.80565391867332, 33.001943505680224, 33.06997136481125, 33.19639034539906, 33.339661428677125, 33.49185359734963, 33.64336853850758, 33.66441550402479, 33.82988016434078, 33.96070618324919, 34.00287721084033, 34.28848006024999, 34.21450943461796, 34.313207387506615, 34.593832720769846, 34.75944175187243, 34.59245763590451, 34.848291541490745, 34.94356951207788, 34.96542099480339, 35.16409040093403, 35.236181306441, 35.38068560792231, 35.37345160465302, 35.51724267100156, 35.633643587853555, 35.73288992804531, 35.74982034436767, 35.83716729417984, 35.946657688744374, 36.01130306284577, 36.18367557912011, 36.187554784010466, 36.13581779591625, 36.30815737419529, 36.51675666464083, 36.6455589671615, 36.5848045526628, 36.60276095314574, 36.607466161961206, 36.74030578670867, 36.78254294748015, 36.95833925757914, 37.005659301839536, 37.04937320681121, 37.01612782367317, 37.15912426676937, 37.33031783743702, 37.48922426126672, 37.32945044334336, 37.4567897470765, 37.42411690174575, 37.583362089969185, 37.52953105181844, 37.811902320735875, 37.821196956849356, 37.72905560103173, 37.824305208025486, 37.85223688435656, 37.95108283795446, 38.03038074772056, 37.91423628902974, 38.147448966003665, 38.161922538175695, 38.28172111879146, 38.1981916895606, 38.286568983824615, 38.39818167699274, 38.37370039628654, 38.530721411605214, 38.613628921053, 38.75941496523962, 38.58806266820563, 38.810634899002686, 38.8298421579035, 38.7323217003846, 38.83239694587761], "val_loss_l1": [2.2914960622787475, 2.189180159568787, 2.142370414733887, 2.1163880586624146, 2.093357849121094, 2.0746530532836913, 2.0654956579208372, 2.0490194320678707, 2.035887861251831, 2.0329272508621212, 2.0314819097518924, 2.0288411617279056, 2.011515498161316, 2.0136697769165037, 2.008259689807892, 2.001826500892639, 1.9991830229759215, 1.9934872031211852, 1.9859397649765012, 1.9895753741264344, 1.988016438484192, 1.9875681281089783, 1.9787083387374877, 1.9814155578613282, 1.971629512310028, 1.9750428915023805, 1.9727630257606505, 1.9675469398498535, 1.9677822589874268, 1.976090657711029, 1.9671970725059509, 1.9615089535713195, 1.9668077111244202, 1.9641705870628356, 1.9596443176269531, 1.9622480630874635, 1.9618207216262817, 1.9615637183189392, 1.9585731863975524, 1.9636300802230835, 1.9543886184692383, 1.9561466813087462, 1.9555063486099242, 1.9537210583686828, 1.9566286563873292, 1.9598561048507688, 1.9603248119354248, 1.9602417349815369, 1.9566397786140444, 1.9654538869857787, 1.9632975220680238, 1.9627622604370119, 1.9636343240737917, 1.9588136553764341, 1.9614529371261595, 1.9649110913276673, 1.9662186741828918, 1.9667779564857484, 1.9651578068733215, 1.9583970546722411, 1.9598631858825681, 1.9619778037071227, 1.9621658205986023, 1.9655534505844117, 1.9633620262145997, 1.965099310874939, 1.9686084032058717, 1.968910276889801, 1.966886055469513, 1.969767415523529, 1.9709457993507389, 1.9789862036705015, 1.9673526167869568, 1.968526303768158, 1.9757649183273314, 1.9710215330123901, 1.9682341933250427, 1.9713316202163695, 1.974898874759674, 1.9814635276794434, 1.9796529531478884, 1.9784032225608825, 1.974216318130493, 1.9768104195594787, 1.9738264679908752, 1.978034746646881, 1.979560875892639, 1.9771868109703066, 1.9788244009017943, 1.981270718574524, 1.979819083213806, 1.9865218877792359, 1.9815677285194397, 1.9804226279258728, 1.9846795082092288, 1.9895429372787472, 1.9855160236358644, 1.9878113627433776, 1.9838136076927184, 1.98753844499588],