{"epoch_idx": 100, "model_save_file": "models/LSTM/128/ESEU_60-40/ESEU_60-40_2.pt", "best_joint_acc": 34.981720440662116, "best_joint_loss": 1.9997255086898804, "best_epoch_idx_loss": 53, "best_epoch_idx_acc": 96, "run_time": "451s", "train_loss": [2.6373953530282694, 2.3268594579263167, 2.2655787449894533, 2.230867391282863, 2.2039037726142197, 2.1849762905727723, 2.170150308898001, 2.154273463018014, 2.1431106166406106, 2.1325841257066447, 2.1224792635802063, 2.1151188756480375, 2.106774057402755, 2.0975384513537088, 2.0915936466419356, 2.0851894671266735, 2.079828580220541, 2.0734581721551493, 2.067647977308793, 2.062099967038994, 2.0567623557466437, 2.0489941555442215, 2.045149470820571, 2.040206779133189, 2.0358420556241805, 2.0310017800692357, 2.027171225258798, 2.022746042771773, 2.0164598316857307, 2.0129331449667616, 2.009463961377289, 2.0031912182316627, 2.0016723898324105, 1.999193486842242, 1.9944179049043953, 1.9896294474601743, 1.986316846175628, 1.9836689865950383, 1.977788077159361, 1.9770885543389756, 1.9712654623118322, 1.9679805564157884, 1.9674377793615512, 1.9607112985668755, 1.9582572994810163, 1.955312182505925, 1.9531319854837477, 1.9486874450336802, 1.9459073516455565, 1.9443927389202693, 1.9405759491703725, 1.939051269581824, 1.9347430079272292, 1.931014048330712, 1.9309657785025507, 1.9260739873756063, 1.923311081799594, 1.9220209961587733, 1.9201997410167349, 1.915122791673198, 1.9128642786632881, 1.9114224242441584, 1.9083137304493871, 1.906891725280068, 1.902809435671026, 1.903632164904566, 1.89882198879213, 1.8960071738922237, 1.8956064410281905, 1.8921416943723506, 1.8906031729597033, 1.8887632931723741, 1.8861226927150376, 1.8849304580327233, 1.8808342832507505, 1.877071750886513, 1.877758204033881, 1.87528932184884, 1.87329494230675, 1.872005490642605, 1.8709802320509243, 1.8696958531032914, 1.8660414471770777, 1.864799681034955, 1.860621175079635, 1.8609055587739665, 1.8591246306896207, 1.856534161350944, 1.8543522123134497, 1.8550713748642884, 1.8518815167022473, 1.850462765404673, 1.849781676675334, 1.8462307299628398, 1.843132166248379, 1.8429691349015085, 1.8397423760457463, 1.8404813977805048, 1.840598385442387, 1.837674677371979], "train_acc": [21.89625867000588, 25.8453086138328, 27.007681466055686, 27.687332330615217, 28.439726193654707, 28.893982960363168, 29.147032385244007, 29.510638075217972, 29.834864778933472, 30.10330827610887, 30.40656186626316, 30.666708950555368, 30.713577615286447, 31.241302121849778, 31.062386256194486, 31.549691750086364, 31.70987251900153, 31.837759116189037, 31.954885517492414, 32.08139858733023, 32.25274802030434, 32.57732761665449, 32.774013858552216, 32.77034427805458, 32.92078736184573, 33.17203464496471, 33.230840628140136, 33.341746357673955, 33.631407729568835, 33.636679292610275, 33.71608173180654, 33.95241645387507, 34.12755025881342, 34.032930775321475, 34.10072041661522, 34.35397797215688, 34.50368881921943, 34.695427535491625, 34.64851491741821, 34.85824194903586, 35.00168109136753, 35.12335512162275, 35.1031158370166, 35.27132993687597, 35.453131969334216, 35.50426170076661, 35.61825426205512, 35.861635037103284, 35.68555298609814, 35.823652955017316, 36.07171000538953, 36.122143823818696, 36.27595797743018, 36.2938954044685, 36.341465109971864, 36.43166856481106, 36.482561311101016, 36.62237618457197, 36.74131314753935, 36.81590309023001, 36.89036712370721, 36.92079496998728, 37.13367328890834, 37.057720023447125, 37.316514767587876, 37.338722128137206, 37.50966281709411, 37.52736112927738, 37.49016518763538, 37.64156794785456, 37.73268236194389, 37.794593539547236, 37.80078268539336, 37.89901159098521, 37.986303922334905, 38.189698148568894, 38.13831791140986, 38.23415214757403, 38.2039369619197, 38.353867910437074, 38.47928979259405, 38.3442726108058, 38.49863815259403, 38.59630969586655, 38.701435140465364, 38.543008432392966, 38.74249383756431, 38.73404072305464, 38.86657332312716, 38.881055935430325, 38.85021129884803, 38.99157276365471, 39.038512844659394, 39.108788501818836, 39.141417620888426, 39.30772866196909, 39.43960778975044, 39.43446765241261, 39.294080181973214, 39.51436406633094], "val_loss_l1": [2.3158023357391357, 2.229560947418213, 2.182494378089905, 2.143191146850586, 2.1274805545806883, 2.098385214805603, 2.085187578201294, 2.0741264820098877, 2.0678877592086793, 2.061184287071228, 2.047957801818848, 2.035338091850281, 2.0301923513412476, 2.033708083629608, 2.028406286239624, 2.034207653999329, 2.020012152194977, 2.020744502544403, 2.014923310279846, 2.005596768856049, 2.0031233310699466, 2.0047626852989193, 2.001682162284851, 1.992040681838989, 1.9939271450042724, 1.9890716195106504, 1.9932041406631469, 1.9876259088516237, 1.985585069656372, 1.9829070329666139, 1.9885826468467713, 1.9815553545951843, 1.9835692167282106, 1.9798893332481386, 1.9777109742164611, 1.9809818267822266, 1.973004937171936, 1.9798685908317566, 1.9776615381240847, 1.9736065506935119, 1.97271044254303, 1.974911653995514, 1.9694888591766357, 1.9716226696968078, 1.9776707410812377, 1.974353849887848, 1.9717205286026003, 1.9714906334877016, 1.9756515622138977, 1.9760328888893128, 1.974771046638489, 1.9730374813079834, 1.9774853825569152, 1.9743806719779968, 1.9747340321540834, 1.978986918926239, 1.9797135949134828, 1.9736881852149963, 1.978547704219818, 1.983866810798645, 1.976680338382721, 1.98041490316391, 1.9766902327537537, 1.9886167764663694, 1.985540795326233, 1.9829250574111938, 1.9877750515937804, 1.9801246285438538, 1.9915336370468137, 1.9825042247772215, 1.982695460319519, 1.990603542327881, 1.9884630799293517, 1.985388994216919, 1.9931829571723936, 1.9900521755218505, 1.9974544048309326, 1.9921279788017272, 2.0001855969429014, 1.9945896744728089, 1.9895332574844362, 1.9938875913619993, 1.9909272670745848, 2.004275381565094, 2.001022124290466, 1.9988134622573854, 2.0038273096084596, 2.0029192805290226, 2.002900171279907, 2.0059211015701295, 2.0053561329841614, 2.007792961597443, 2.0042368412017826, 2.003994607925415, 2.0118397831916806, 2.006777822971344, 2.00925760269165, 2.011354875564575, 2.010353171825409, 2.0090416193008425],