{"epoch_idx": 100, "model_save_file": "models/LSTM/128/ESEU_60-40/ESEU_60-40_0.pt", "best_joint_acc": 34.55165333841589, "best_joint_loss": 2.0005101799964904, "best_epoch_idx_loss": 56, "best_epoch_idx_acc": 84, "run_time": "445s", "train_loss": [2.6636269092559814, 2.3333813168785804, 2.266328396219196, 2.227887137369676, 2.2007030320890033, 2.18017540917252, 2.162361571283051, 2.1497031251589456, 2.1366243037310495, 2.1254298416051007, 2.1163190928372475, 2.1066227320468793, 2.0975307533235243, 2.091665266138133, 2.0843800378568247, 2.076707484144155, 2.072186758120855, 2.0632957662596847, 2.0580310758316145, 2.0537347938075206, 2.0458018698475584, 2.0429056404214916, 2.037115880034186, 2.0335760568127492, 2.0294143313711333, 2.0232393479708484, 2.020677171873323, 2.0138526206666776, 2.012650128566857, 2.0056848986582305, 2.0025528425520114, 1.9992930311145203, 1.9928686727177014, 1.991341822075122, 1.9872705963524901, 1.9837441435365963, 1.9801163700493898, 1.9757810948473031, 1.9733457465966544, 1.9703491664294046, 1.9653296253897925, 1.9631318016485737, 1.960052060358452, 1.957963423295455, 1.9543556056239382, 1.9497480329239003, 1.9465739781206302, 1.9454025671337591, 1.9398246624253008, 1.9360684716340268, 1.9346754885081083, 1.9312057016473827, 1.9304280281066901, 1.925655159986381, 1.92173374782909, 1.922238276763396, 1.9200344510150678, 1.9158373971780145, 1.9152263339721796, 1.909745653470357, 1.9082414553020937, 1.9063796762264142, 1.9017468356724945, 1.9019295961567844, 1.8981646308393192, 1.898581981658935, 1.896865552121943, 1.8923413401300253, 1.8910983909260146, 1.8880490145900035, 1.886834307150408, 1.8845143507827415, 1.8802123656778622, 1.8786020703387987, 1.8785083501627955, 1.8748428135207202, 1.874029758301648, 1.8717920084794364, 1.8704896578283026, 1.8671992159251007, 1.8663659872430742, 1.8665699236320727, 1.861221374887408, 1.8605188799626908, 1.8612395823001866, 1.8574173567873058, 1.8561053167689934, 1.8521863429835346, 1.8512334778453359, 1.8510565739689453, 1.8480200948137226, 1.8451630744067111, 1.847510410980745, 1.8456335781198563, 1.8418664887095948, 1.842453943057493, 1.8380088255260933, 1.842318716374311, 1.8370878831906752, 1.8349149209080318], "train_acc": [20.948559220251845, 25.862303172425186, 27.068838077013297, 27.926233203900633, 28.505392805773884, 29.11720607078213, 29.40715240475707, 29.809434173920366, 30.104541884722835, 30.421149808661827, 30.765890699673847, 31.060667493373945, 31.232425717390104, 31.35634045888377, 31.50588792290874, 31.758556424280375, 31.895838269072616, 32.07392097483486, 32.29737893936446, 32.489608591681495, 32.739323152965106, 32.8725601508499, 32.964201673452955, 33.110925341835085, 33.14393628869304, 33.43018257740436, 33.49337760661339, 33.746411006914805, 33.8796339762561, 34.02764214541554, 34.1473903655785, 34.19822295020225, 34.43265243060696, 34.48917717390688, 34.67359027147922, 34.65626994554641, 34.77878046291145, 34.99249114391607, 34.986886589647916, 35.119204376388154, 35.335700884122396, 35.29524026673955, 35.57652164053668, 35.451341834138404, 35.638823319797126, 35.77688993815757, 35.8946526166888, 35.882380159355534, 36.19878291406894, 36.34285040612155, 36.254764050233916, 36.44569737830706, 36.47587875337877, 36.653599838669486, 36.61658537656519, 36.85721387597435, 36.71563571682904, 36.93959809661356, 37.03922552799508, 37.106782408071844, 37.06855446606702, 37.23482555154722, 37.285447733839824, 37.286670896593904, 37.43812287040153, 37.533800493665474, 37.60050233354138, 37.64496183548253, 37.69491116440059, 37.758448761590806, 37.844558285791685, 38.045368564161116, 38.0453388914538, 38.20432682801419, 38.18487493027703, 38.21156886168078, 38.20077977613329, 38.384897694390276, 38.395807147552134, 38.494851690100035, 38.595992398652896, 38.545707062900696, 38.567377759456875, 38.628996340820656, 38.86263242973887, 38.80504947021432, 38.84528283477031, 39.123586171275754, 39.02359877048727, 39.09966946932007, 39.11653971139852, 39.219645358549535, 39.19065620269129, 39.21589242752803, 39.43009761855401, 39.46111554684474, 39.42652876880975, 39.31525009228557, 39.51545957875472, 39.68121761401497], "val_loss_l1": [2.3355832815170285, 2.2323961734771727, 2.1803152561187744, 2.133879208564758, 2.1142643213272088, 2.0971205711364744, 2.0832247972488402, 2.0712092876434323, 2.05496940612793, 2.057439994812012, 2.0434890747070313, 2.042638695240021, 2.0344696164131166, 2.027811789512634, 2.0176204442977905, 2.013230764865875, 2.0121623158454898, 2.0060976147651672, 2.003113174438477, 2.0025705218315126, 2.008116209506989, 1.999398422241211, 1.9950974702835083, 1.9911100625991822, 1.9900625944137573, 1.9887767553329467, 1.9829257607460022, 1.9936181545257567, 1.9881900906562806, 1.9811020374298094, 1.9827351093292238, 1.9848093032836913, 1.9858089566230772, 1.9798876762390136, 1.9838760852813722, 1.9775722980499268, 1.9834040999412537, 1.9734070420265195, 1.9765843152999878, 1.973664402961731, 1.9756244897842405, 1.977028727531433, 1.9746498584747314, 1.9788002252578734, 1.9750188708305358, 1.9804898023605346, 1.9818355202674864, 1.9750028371810913, 1.9743514299392702, 1.9743807315826416, 1.97317476272583, 1.9807555317878722, 1.9766264081001281, 1.9774980068206787, 1.98056298494339, 1.9760015606880188, 1.9780428171157838, 1.9782446861267091, 1.9784160256385803, 1.9767203688621522, 1.9778261303901672, 1.9784266352653503, 1.975636053085327, 1.9791908502578734, 1.979479432106018, 1.9830963253974914, 1.9815247654914856, 1.9858885526657104, 1.984205687046051, 1.9820769429206848, 1.9811805248260497, 1.985950779914856, 1.9837735772132872, 1.9925153017044068, 1.983695936203003, 1.988582229614258, 1.9878515601158142, 1.9841446042060853, 1.988059139251709, 1.992078244686127, 1.9936084747314453, 1.9905622005462646, 1.9878058433532715, 1.9977995038032532, 1.9929415225982667, 1.9928959131240842, 1.9942484855651856, 1.9985772967338562, 1.993722128868103, 2.003422808647156, 1.9997797966003417, 1.9980134963989258, 2.007783436775208, 1.9964831352233887, 2.001612985134125, 2.0034163117408754, 1.9988862991333007, 2.011780142784118, 2.007941520214081, 2.0087117075920102],