{"epoch_idx": 100, "model_save_file": "models/LSTM/128/ESEU_60-40/ESEU_60-40_4.pt", "best_joint_acc": 34.555096229482906, "best_joint_loss": 1.995966190099716, "best_epoch_idx_loss": 46, "best_epoch_idx_acc": 64, "run_time": "445s", "train_loss": [2.6488929661837495, 2.3300506183595355, 2.26640497193192, 2.2297184756307886, 2.2044992139845183, 2.182425000450828, 2.1660290649442957, 2.1521313136274163, 2.1395427385965973, 2.1292478424130055, 2.119480868180594, 2.1101045698830574, 2.1003501577810804, 2.0947055943084476, 2.087448810086104, 2.079999071179016, 2.074589277758743, 2.0691870505159544, 2.063080128395197, 2.0576408695090893, 2.0504398562691426, 2.047295089020874, 2.041942797826999, 2.036248022859747, 2.0324989196025953, 2.0275053806377183, 2.0226326042955582, 2.018316885738662, 2.014766021208329, 2.0110859401298273, 2.0079774143117852, 2.0008178371371654, 1.997953378792966, 1.9942613216963687, 1.989483734875014, 1.9861192640030028, 1.982457741643443, 1.9806963629794843, 1.9762244251641363, 1.9725267959363535, 1.9712229930993277, 1.9652483020768023, 1.9608019888401036, 1.9597227808200954, 1.9549992030317132, 1.9532595294894584, 1.9501999652746949, 1.9461371564503869, 1.9449819714734047, 1.9405985149470248, 1.9387321029648634, 1.9363456467787419, 1.9321531608249194, 1.9294762918443389, 1.9259148628422709, 1.9236866461508206, 1.92250693025011, 1.918979606845162, 1.9162252147992451, 1.9126174811160932, 1.9128011645692762, 1.9091801598216545, 1.9066520784840442, 1.9033123733419366, 1.898897091547648, 1.8998096485932667, 1.896518048011895, 1.8945158467148286, 1.8901528363878077, 1.8899573945637906, 1.8877054028438798, 1.8865699117833918, 1.8847377137704333, 1.8804846126021761, 1.8792206139275525, 1.8763294960513262, 1.87479305177024, 1.8740434619513426, 1.8725249297691113, 1.8697408365480825, 1.8673174381256097, 1.8658686045444377, 1.8635442446578632, 1.8612258813597944, 1.860469859657865, 1.8589752235195858, 1.8566030516768945, 1.8548700430176477, 1.8522814900586098, 1.8529992157762705, 1.8510026850483634, 1.847772238832531, 1.8473777671655023, 1.8444540518702885, 1.8441231377197038, 1.841023504734039, 1.8387585417790846, 1.839246251366355, 1.8378392033504716, 1.8348768768888535], "train_acc": [21.436811896382462, 25.706478322398326, 26.815414209038927, 27.672471483303955, 28.29763322883638, 28.904266517371145, 29.37180695984411, 29.731891257431087, 29.94503692696597, 30.366159930522524, 30.52034647595275, 30.64648596760606, 31.17403132876964, 31.276021983988585, 31.378989836342964, 31.713203412378522, 31.96085027724208, 31.963652935296793, 32.19620793094981, 32.40743311607698, 32.42436526167477, 32.617647348575844, 32.79820384652646, 33.06715397554273, 33.16282296949437, 33.333573428123984, 33.550500504137624, 33.62763117213984, 33.714164013689846, 33.88076661476097, 33.87891881945143, 34.24890032738334, 34.29663182845941, 34.40303982833621, 34.49204669769221, 34.62730619940181, 34.730237756681376, 34.77647562018935, 35.011222201321196, 35.072687021705754, 35.08441131423963, 35.475319961373955, 35.48396009455775, 35.48777636585625, 35.7635776222008, 35.765691144677014, 35.8599640066531, 35.933221129787995, 36.077375908650396, 36.09846887798787, 36.250232293783526, 36.3470471411529, 36.45323611777943, 36.43087352186841, 36.66981781666747, 36.85081285660199, 36.74847173007213, 36.87028804116895, 36.881506478133886, 37.09944484776118, 37.05014373422769, 37.2567450588271, 37.32881167173634, 37.45285365157639, 37.586297837464436, 37.50841760227833, 37.67691283749648, 37.60828482685008, 37.92997708476823, 37.85455424530809, 38.020424690266864, 37.962838366384624, 38.07855543976947, 38.161235050411584, 38.287918704232595, 38.21494973502269, 38.37256869690356, 38.37460664876743, 38.40898424343556, 38.67210392227045, 38.62092578992925, 38.57288898885085, 38.754374125217325, 38.88985817576671, 38.808496615344, 38.94572861613851, 38.943559491536845, 38.99542513739378, 39.088200958474594, 39.058600284820926, 39.23056815963263, 39.295961159346355, 39.41412118161726, 39.41663838688028, 39.41334081918295, 39.46680559882569, 39.50027506260549, 39.54876207355238, 39.64530821316467, 39.71273609151897], "val_loss_l1": [2.3210877895355226, 2.225506544113159, 2.170305943489075, 2.1388168334960938, 2.11987795829773, 2.0947103261947633, 2.083322739601135, 2.064077043533325, 2.0613131284713746, 2.04772002696991, 2.042516756057739, 2.032021009922028, 2.0249220490455624, 2.0219222545623783, 2.014791595935822, 2.0142775535583493, 2.006571090221405, 2.011221432685852, 2.013334131240845, 2.0028387665748593, 2.0007562279701236, 1.996736431121826, 1.998360526561737, 1.987810492515564, 1.9911573171615602, 1.9822498917579652, 1.981477415561676, 1.9816583871841433, 1.9785649061203003, 1.9773655772209169, 1.9720401167869568, 1.975989603996277, 1.971116292476654, 1.9760693430900573, 1.975304126739502, 1.9701126456260682, 1.971332061290741, 1.9725043773651123, 1.9647446990013122, 1.9725510120391847, 1.9693883061408997, 1.9668587446212769, 1.9662766575813293, 1.9641881585121155, 1.9642996430397033, 1.9731758117675782, 1.9763739824295044, 1.9665861129760742, 1.9603971362113952, 1.965330219268799, 1.9644790410995483, 1.966654646396637, 1.968505811691284, 1.9636226892471313, 1.9695754051208496, 1.9677581787109375, 1.9706199169158938, 1.9686637163162233, 1.9743435263633726, 1.976154124736786, 1.968344533443451, 1.969031572341919, 1.9699919104576114, 1.9759047269821166, 1.969381368160248, 1.9756942391395569, 1.973117458820343, 1.9728121042251587, 1.9712302684783936, 1.9681904792785643, 1.9742709159851075, 1.9711817502975464, 1.9824456334114076, 1.9750452399253846, 1.9769890666007994, 1.9801543712615968, 1.9788190484046937, 1.9857938766479493, 1.982410287857056, 1.9833280563354494, 1.9875700712203979, 1.9810504674911498, 1.986269998550415, 1.9910788416862488, 1.9947604060173036, 1.9820600509643556, 1.994493043422699, 1.986723244190216, 1.9936161279678344, 1.9950706720352172, 1.9989977955818177, 1.9991039156913757, 1.9973167061805728, 2.0000869631767273, 1.9992586374282837, 2.002234637737274, 1.9958828210830688, 1.9980859875679016, 1.9975251078605651, 2.0019014477729797],