{"epoch_idx": 50, "model_save_file": "architectures/ESEN_100-00_512/ESEN_100-00_512_2.pt", "best_joint_acc": 0, "best_joint_loss": 1000000000.0, "best_epoch_idx_loss": 0, "best_epoch_idx_acc": 0, "run_time": "239s", "train_loss": [2.3918406873038323, 2.089321206916462, 2.0227807624773555, 1.979773422985365, 1.9479945609063811, 1.919421430790063, 1.89499687426018, 1.8698172704740006, 1.8481993097247498, 1.8234751378044936, 1.798988213141759, 1.7770655688011285, 1.7529384683478961, 1.730490024342681, 1.7079191551064004, 1.6877251303557195, 1.6629258403272331, 1.64361387220296, 1.626052300135295, 1.6075423703049165, 1.593646681669987, 1.577815153382041, 1.561215721296542, 1.5483685361616544, 1.5365654979691363, 1.5236617462201556, 1.5142532993446698, 1.5043746702598797, 1.4957736396428307, 1.486805702700759, 1.479156199729804, 1.4739148959969026, 1.464241431518035, 1.4570016319101504, 1.4564525521162783, 1.4481902565016893, 1.4406177582162798, 1.4387874503930413, 1.4326080300591206, 1.4314156048225641, 1.4255225143649364, 1.420833113518629, 1.4172559506965408, 1.4113677658817991, 1.4090651436285542, 1.4073897889166163, 1.4031903102542413, 1.4032895601156983, 1.400478029792959, 1.3952894553993684], "train_acc": [24.911594364344168, 30.701302292727487, 32.60997947464629, 33.696263731081466, 34.635477309094256, 35.64419334557689, 36.263983687733955, 37.0394179734141, 37.792742349345666, 38.57526855142752, 39.240614796876194, 40.16603285630412, 40.85982867216562, 41.48891189879984, 42.316764293119675, 43.01826332355338, 43.74284690764706, 44.43632093957978, 44.92410254191444, 45.48223770630757, 45.851423286199505, 46.52487556075504, 47.05196656909325, 47.377731798051165, 47.77585126914222, 48.15509423897122, 48.37601179824667, 48.82717198010163, 48.9909272161852, 49.35407189119139, 49.50939185029817, 49.71227506571151, 50.05590833581963, 50.17706682247009, 50.02115621192857, 50.339841402571906, 50.6537390030973, 50.70069377637939, 50.79605853534548, 50.85408901047326, 51.00699418601985, 51.17139024373557, 51.361766363661864, 51.48873214998907, 51.33464606083123, 51.448675821094966, 51.66596742961765, 51.55830156492755, 51.73768901481972, 51.74843174288282], "val_loss_l1": [2.1210627794265746, 2.0232574582099914, 1.9792587161064146, 1.944953978061676, 1.9188307762145995, 1.9033555150032042, 1.8854122757911682, 1.8726325273513793, 1.857634699344635, 1.8501139044761656, 1.841200339794159, 1.8323883652687074, 1.8285077214241028, 1.8279139280319214, 1.827397108078003, 1.828675925731659, 1.8228965044021608, 1.8264684081077576, 1.8265551328659058, 1.8356785655021668, 1.839437794685364, 1.8478752851486206, 1.8492084741592407, 1.85147465467453, 1.8631950497627259, 1.8641879439353943, 1.8755236268043518, 1.875521719455719, 1.8909362912178043, 1.8942696690559386, 1.8919667959213258, 1.8961150884628295, 1.9062904953956603, 1.9033825278282168, 1.910109579563141, 1.9116629004478456, 1.9273705124855043, 1.9298365592956543, 1.9276407122612, 1.9271925210952758, 1.9382699370384218, 1.9379859447479248, 1.9478716611862181, 1.954584276676178, 1.9525559186935426, 1.9537553906440737, 1.9572751998901368, 1.9600002527236937, 1.9642866373062133, 1.9664149045944215], "val_acc_l1": [30.12341782009023, 32.50733800180543, 33.62808092307082, 35.18273692249653, 35.39012269932051, 36.153598122934525, 36.61384757354288, 36.75436959008033, 37.649327574283525, 38.031162843653334, 38.441065630144415, 38.368940022519354, 38.472674328797375, 38.92449485024185, 38.75256411538353, 38.60062489317432, 38.99226216936689, 39.10543458482876, 39.531112293424584, 39.03862804887343, 39.12978784093731, 39.831288844255184, 39.547666661685994, 39.38745977340086, 39.46433715190817, 39.12542638415092, 39.44574632847293, 39.348563611328316, 39.53335842621527, 39.37044179145559, 39.39421871788652, 39.59997327010871, 39.45999510538547, 39.19112761567729, 39.422842788692776, 39.700479889590454, 39.502572215038334, 39.323914213091804, 39.50851798975366, 39.59914373900676, 39.246369144679186, 39.582122510784785, 39.60292872074807, 39.325186257658224, 39.43267925599233, 39.576974621689565, 39.3430610506481, 39.68730602557638, 39.789551272482676, 39.62288660900077], "val_loss_l2": [0, 0, 0, 0, 0, 0, 0, 0, 0, 0, 0, 0, 0, 0, 0, 0, 0, 0, 0, 0, 0, 0, 0, 0, 0, 0, 0, 0, 0, 0, 0, 0, 0, 0, 0, 0, 0, 0, 0, 0, 0, 0, 0, 0, 0, 0, 0, 0, 0, 0], "val_acc_l2": [0, 0, 0, 0, 0, 0, 0, 0, 0, 0, 0, 0, 0, 0, 0, 0, 0, 0, 0, 0, 0, 0, 0, 0, 0, 0, 0, 0, 0, 0, 0, 0, 0, 0, 0, 0, 0, 0, 0, 0, 0, 0, 0, 0, 0, 0, 0, 0, 0, 0], "test_loss_l1": 1.9882484912872314, "test_acc_l1": 39.580233565965244, "test_loss_l2": 0, "test_acc_l2": 0}