{"epoch_idx": 50, "model_save_file": "architectures/ESEN_100-00_512/ESEN_100-00_512_1.pt", "best_joint_acc": 0, "best_joint_loss": 1000000000.0, "best_epoch_idx_loss": 0, "best_epoch_idx_acc": 0, "run_time": "237s", "train_loss": [2.399640072475781, 2.0811217210509567, 2.0192065735658002, 1.9792216889785996, 1.9512598351998764, 1.9259339354254978, 1.8998865512284362, 1.8779825830098358, 1.8548648989561838, 1.832509810274298, 1.8063823960044167, 1.7846431750239748, 1.7606669565041866, 1.7396929408564705, 1.7165443337324895, 1.6953268836845055, 1.6718234483039747, 1.654189714879701, 1.6370637534242694, 1.6173296986204204, 1.600503584652236, 1.5836863337141094, 1.5697725072051545, 1.557760839209412, 1.5455462923555663, 1.533661024136977, 1.520072321097056, 1.5117660887313613, 1.503945814840721, 1.4919961130980293, 1.4847991457491205, 1.476557469729221, 1.4726226185307358, 1.464436198725844, 1.461547201330012, 1.4540428907582248, 1.4494916372226947, 1.4439353482289743, 1.4389921453866086, 1.4342412153879793, 1.4293601558063966, 1.4269411970268597, 1.4215079320199568, 1.4174741407235465, 1.41538699738907, 1.4094728159182004, 1.4076424484903163, 1.4069282918265371, 1.4029579108411612, 1.399603372270411], "train_acc": [24.815532600370318, 30.7087457545483, 32.449780539942914, 33.705169824057045, 34.60543709722073, 35.27484877261922, 36.14514886953389, 36.868115313959976, 37.55506916840422, 38.28901165088637, 39.224547042208904, 39.84420645374734, 40.70621522711676, 41.344948409091224, 42.021254524205844, 42.725956442825336, 43.500584343035534, 43.9697681284802, 44.79610012893938, 45.26895510945065, 45.78458810710146, 46.374799262976495, 46.73483281561543, 47.19363972130274, 47.68705113376345, 47.94074180001687, 48.41035163735322, 48.570392482293286, 48.84998139079284, 49.23139132181451, 49.33325463359653, 49.71437684272052, 49.7693539610962, 49.92881607075287, 50.00884570202647, 50.364679628832825, 50.430449947272116, 50.53326327048478, 50.70579809319142, 50.79654189775703, 50.966056069257895, 50.89970804963816, 51.18619353743391, 51.31522194687883, 51.30097900296606, 51.580610505687936, 51.61400452034824, 51.39264410672916, 51.68429609408645, 51.66813293832835], "val_loss_l1": [2.107024312019348, 2.0252285957336427, 1.9803647279739378, 1.945840895175934, 1.9253834843635558, 1.9058907866477965, 1.8897860646247864, 1.8739929914474485, 1.863657546043396, 1.858276915550232, 1.8476515531539917, 1.843211030960083, 1.8352523207664488, 1.8342060804367062, 1.8361183881759644, 1.833234941959381, 1.8313230752944947, 1.8378862977027892, 1.8401631236076355, 1.8491039991378784, 1.8376124978065491, 1.845459198951721, 1.8556192874908446, 1.8601901412010193, 1.8659191370010377, 1.8708961367607118, 1.8770665645599365, 1.883725714683533, 1.8880576133728024, 1.8882046222686768, 1.897833812236786, 1.899550294876099, 1.903087556362152, 1.9050809860229492, 1.9240537643432618, 1.9179184556007385, 1.919983434677124, 1.925799560546875, 1.935081923007965, 1.93741614818573, 1.939302933216095, 1.938269567489624, 1.9487943768501281, 1.9481555342674255, 1.9511810660362245, 1.9594614148139953, 1.9675145864486694, 1.9598451375961303, 1.9658525824546813, 1.9760619878768921], "val_acc_l1": [30.363542687471686, 32.20421803158583, 33.915573530637126, 34.478774282402014, 34.811290869651636, 35.614783447013785, 36.99724133290647, 36.973916166981724, 37.68132614279103, 37.520139141442705, 37.778525568582424, 38.42582896217628, 38.30000803895076, 38.387646291219994, 38.294374082863584, 38.70383965406154, 38.719312452159905, 38.92133159293445, 38.87261442089821, 38.789218943031145, 39.04039245580766, 38.97249799717747, 38.909106252407526, 38.872518340574366, 39.327917336757054, 38.89191586804852, 39.50007211656878, 39.245119272469736, 39.379379806176544, 39.24983492508538, 39.04808839686239, 39.191809933013225, 39.29603116143446, 39.30251278226911, 39.102600622344646, 39.59956244344829, 39.355209121785016, 39.344994313191485, 39.35931902075859, 39.38857508755029, 39.381781984131855, 39.60776404099215, 39.26251241249703, 39.28546074439056, 39.448859952994866, 39.710422742716645, 39.28486018381149, 39.664643414308784, 39.55554229697758, 39.51264664010332], "val_loss_l2": [0, 0, 0, 0, 0, 0, 0, 0, 0, 0, 0, 0, 0, 0, 0, 0, 0, 0, 0, 0, 0, 0, 0, 0, 0, 0, 0, 0, 0, 0, 0, 0, 0, 0, 0, 0, 0, 0, 0, 0, 0, 0, 0, 0, 0, 0, 0, 0, 0, 0], "val_acc_l2": [0, 0, 0, 0, 0, 0, 0, 0, 0, 0, 0, 0, 0, 0, 0, 0, 0, 0, 0, 0, 0, 0, 0, 0, 0, 0, 0, 0, 0, 0, 0, 0, 0, 0, 0, 0, 0, 0, 0, 0, 0, 0, 0, 0, 0, 0, 0, 0, 0, 0], "test_loss_l1": 1.9941928982734685, "test_acc_l1": 39.71894768405133, "test_loss_l2": 0, "test_acc_l2": 0}