{"epoch_idx": 50, "model_save_file": "architectures/ESEN_100-00_512/ESEN_100-00_512_3.pt", "best_joint_acc": 0, "best_joint_loss": 1000000000.0, "best_epoch_idx_loss": 0, "best_epoch_idx_acc": 0, "run_time": "242s", "train_loss": [2.404536839687462, 2.0955806916410267, 2.0250173924547252, 1.9839948596376364, 1.9522567255930465, 1.9247249852527275, 1.9011079461285554, 1.8778340662970685, 1.8536598835930684, 1.8286411924795671, 1.8092755268920548, 1.7840693240815944, 1.760760148366292, 1.7389203048113622, 1.7164222986409157, 1.693953426498355, 1.6729378799597416, 1.6548786506508333, 1.6333906415737034, 1.6177147653969852, 1.6016756269064822, 1.5850467862504902, 1.571318796186736, 1.5543514733964745, 1.5437193341327438, 1.5321331466689254, 1.5195071959134308, 1.511800581758672, 1.5028079215324281, 1.4930565384301282, 1.4844506617748376, 1.4774884175170548, 1.4695711108771243, 1.4648843272165815, 1.4572274757154058, 1.4522706658551192, 1.4476363803401147, 1.4410149536349552, 1.4361332826542128, 1.432072639465332, 1.4281742419257313, 1.4249974407932975, 1.4188276682839256, 1.4144758753704305, 1.4126499791940055, 1.4105499043609153, 1.4070161129489083, 1.4026149421027216, 1.4025342988245413, 1.4003880674188784], "train_acc": [24.799699380774605, 30.618938116581116, 32.489421210396365, 33.675807539312075, 34.62566966126477, 35.43222422845109, 36.110742286844584, 36.88287669264741, 37.72924502977599, 38.511937645197484, 39.007031337953805, 39.81409367304236, 40.56189413356533, 41.30131906124252, 42.01595057491589, 42.7564059747385, 43.44565630315849, 44.115238275212874, 44.834304638495496, 45.21965380651063, 45.714173874697025, 46.29068218043126, 46.658959812228304, 47.15896839805729, 47.42057501371023, 48.03074699613105, 48.26538982650962, 48.541569129123054, 48.83651445216762, 49.01079296460179, 49.448596898831276, 49.518402278130424, 49.75788760545589, 49.95587102048714, 50.13567722201116, 50.317004700701474, 50.46644799086692, 50.50615147706358, 50.83011040497838, 50.83666553483165, 51.06661918236652, 50.99752294572359, 51.245266575701216, 51.29160048128148, 51.42712643881946, 51.50854716282175, 51.508179168071905, 51.59601828766022, 51.55891001612316, 51.777328513031215], "val_loss_l1": [2.124365997314453, 2.0280790328979488, 1.983916926383972, 1.9504046201705934, 1.9265379905700684, 1.9081424355506895, 1.89076726436615, 1.8723098754882814, 1.8644707322120666, 1.860131597518921, 1.8459771633148194, 1.8407797694206236, 1.834441566467285, 1.8291103005409242, 1.8244681119918824, 1.8274805545806885, 1.8297820925712587, 1.8357382178306578, 1.8379825711250304, 1.8354310631752013, 1.8385736942291262, 1.8468593716621398, 1.8446407675743104, 1.8566708445549012, 1.8598928093910219, 1.867606794834137, 1.8690696358680725, 1.8805655717849732, 1.889278447628021, 1.887190806865692, 1.8932140707969665, 1.8987849235534668, 1.8985829591751098, 1.902808666229248, 1.9082075119018553, 1.914786446094513, 1.9185004115104674, 1.9292426466941832, 1.932287061214447, 1.9324730038642886, 1.9393339276313784, 1.9383067250251773, 1.9472830533981325, 1.946038579940796, 1.9580208659172058, 1.9563330173492433, 1.9583513855934143, 1.969562566280365, 1.9718743443489073, 1.966555106639862], "val_acc_l1": [30.09907476410732, 32.69655657545237, 33.72155878164897, 34.56990770563361, 35.48107721770454, 35.85086124910428, 36.75561605099315, 36.958372549526295, 37.22869140339906, 37.575300991938946, 37.75081781098123, 38.43984923106973, 37.926145030896265, 38.603807010915176, 38.354099581900094, 39.16825313405712, 39.09401617659223, 39.03162158309296, 38.75711940679306, 39.1121263724945, 38.90379318889272, 39.20626839300348, 39.46697533061525, 39.17534113024227, 39.35411564925062, 39.61254605469631, 39.43238649511797, 39.09228537695294, 39.15337213656497, 39.66021366551287, 39.483922676867714, 39.64432208433639, 39.38356331047284, 39.12023249581856, 39.40606374859002, 39.23922815781975, 39.33139168495973, 39.63886841464457, 39.46758805384553, 39.251447515171044, 39.43557240726551, 39.453993316792356, 39.53378228947975, 39.336412641135034, 39.70124994104391, 39.5680802250632, 39.78939368963596, 39.43907745902358, 39.65948994288688, 39.55647575577932], "val_loss_l2": [0, 0, 0, 0, 0, 0, 0, 0, 0, 0, 0, 0, 0, 0, 0, 0, 0, 0, 0, 0, 0, 0, 0, 0, 0, 0, 0, 0, 0, 0, 0, 0, 0, 0, 0, 0, 0, 0, 0, 0, 0, 0, 0, 0, 0, 0, 0, 0, 0, 0], "val_acc_l2": [0, 0, 0, 0, 0, 0, 0, 0, 0, 0, 0, 0, 0, 0, 0, 0, 0, 0, 0, 0, 0, 0, 0, 0, 0, 0, 0, 0, 0, 0, 0, 0, 0, 0, 0, 0, 0, 0, 0, 0, 0, 0, 0, 0, 0, 0, 0, 0, 0, 0], "test_loss_l1": 1.9793107867240904, "test_acc_l1": 39.55574467864373, "test_loss_l2": 0, "test_acc_l2": 0}