{"epoch_idx": 50, "model_save_file": "architectures/ESEN_100-00_512/ESEN_100-00_512_4.pt", "best_joint_acc": 0, "best_joint_loss": 1000000000.0, "best_epoch_idx_loss": 0, "best_epoch_idx_acc": 0, "run_time": "237s", "train_loss": [2.395239116567555, 2.090880525834632, 2.0231137131199692, 1.9824689960840978, 1.9521008034547174, 1.925034406510266, 1.8983986829266406, 1.8774406666105448, 1.852539860841, 1.8281996033408425, 1.8051474708499333, 1.7813636452862711, 1.7598947801373215, 1.7354902318029692, 1.7128351935834594, 1.6910669839743404, 1.67028301231789, 1.650456976709944, 1.6323968768119808, 1.6140376501011127, 1.5961917124011304, 1.5819891113223452, 1.5659715533256533, 1.5539797399983266, 1.5398984208251487, 1.528027445980997, 1.5178562881368576, 1.507689927563523, 1.499992048198526, 1.4897009062044548, 1.4818435780929802, 1.475530041889711, 1.4683560412941556, 1.4628709735292373, 1.4552540345625442, 1.451303677125411, 1.4461171392238497, 1.44179226864468, 1.4338296516375117, 1.431652134115046, 1.4258204337322347, 1.4232491128372429, 1.4202060365315639, 1.4164373116059743, 1.4102039662274453, 1.4087162053946294, 1.4048376589110403, 1.401419471610676, 1.4000842517072498, 1.3958316165389435], "train_acc": [25.0378529595206, 30.61110989590598, 32.389593020307686, 33.684450651394144, 34.58462060229611, 35.30624059433327, 36.289796658306315, 36.86483643897364, 37.6141600018997, 38.43002253170431, 39.26702155651127, 39.96491167765048, 40.591001208275266, 41.44570779584533, 42.128750497142576, 42.85019771505248, 43.56158668583888, 44.144507211523454, 44.711769343048886, 45.37518716418604, 45.895253003946195, 46.31907199577456, 46.89958548997415, 47.37625505511247, 47.77262416866726, 48.15354979805494, 48.39040822405252, 48.772908362510606, 48.87234783719669, 49.33821979417979, 49.55726707885421, 49.618060987620424, 49.788606640572816, 49.97138820675351, 50.12783435188781, 50.39538086737146, 50.49258909773625, 50.76100347217671, 50.79877734990799, 50.93212031465151, 51.11100793276514, 51.075568036600956, 51.2239056845941, 51.2039018481084, 51.52704564057548, 51.50206106298498, 51.64203904831187, 51.69759634669633, 51.71566632952695, 51.683456275812816], "val_loss_l1": [2.135839915275574, 2.022028958797455, 1.9771657586097717, 1.94622004032135, 1.9234446287155154, 1.9041390895843506, 1.8886162519454956, 1.8723964333534242, 1.8623363614082336, 1.8493639349937439, 1.8395055770874023, 1.8336363792419432, 1.8266896605491638, 1.8233358263969421, 1.818576514720917, 1.8191815614700317, 1.8215505838394164, 1.8235342741012572, 1.8301299571990968, 1.826089870929718, 1.8374534249305723, 1.8425642609596253, 1.8550284385681153, 1.8537709951400758, 1.85805082321167, 1.8626707911491394, 1.8669031381607057, 1.8688754320144654, 1.8701320171356202, 1.8799921989440918, 1.8899277091026307, 1.8860135197639467, 1.9041815042495729, 1.9062534809112548, 1.909143888950348, 1.9078693509101867, 1.912247085571289, 1.919897449016571, 1.9165233850479126, 1.9218302845954895, 1.9335105895996094, 1.927455461025238, 1.9352405667304995, 1.9414836883544921, 1.9454607963562012, 1.9447234869003296, 1.948625671863556, 1.9434410214424134, 1.951921033859253, 1.955349087715149], "val_acc_l1": [30.450342656462045, 32.58964152877367, 33.83513600027502, 34.739406485192816, 35.20488499173346, 35.92529332781873, 36.11732160652978, 37.21895511909727, 37.28242048088281, 37.99015154627117, 38.26125123714529, 38.17741354888889, 38.56388124762225, 39.052411349477026, 39.01768333410604, 39.05561106271642, 39.02111403807837, 39.064712585484976, 39.285567180232164, 39.34353474696141, 39.361355463226175, 39.25333152867093, 39.007546942331054, 39.32243842676218, 39.588064263866386, 39.1673651765803, 39.37866208576303, 39.7560997131144, 39.45964530075193, 39.81902292951743, 39.46156520063508, 39.66676010909018, 39.82825081712473, 39.571022954477655, 39.64390541402666, 39.71383912543372, 40.00401051314137, 39.35858722346965, 39.708169310207595, 39.63634127876656, 39.53133073805633, 39.91895315044889, 39.910771943817004, 39.90477339585367, 39.815297943318285, 39.65209123774645, 39.71481632038402, 39.82385330730006, 39.989348353064614, 39.65751183939475], "val_loss_l2": [0, 0, 0, 0, 0, 0, 0, 0, 0, 0, 0, 0, 0, 0, 0, 0, 0, 0, 0, 0, 0, 0, 0, 0, 0, 0, 0, 0, 0, 0, 0, 0, 0, 0, 0, 0, 0, 0, 0, 0, 0, 0, 0, 0, 0, 0, 0, 0, 0, 0], "val_acc_l2": [0, 0, 0, 0, 0, 0, 0, 0, 0, 0, 0, 0, 0, 0, 0, 0, 0, 0, 0, 0, 0, 0, 0, 0, 0, 0, 0, 0, 0, 0, 0, 0, 0, 0, 0, 0, 0, 0, 0, 0, 0, 0, 0, 0, 0, 0, 0, 0, 0, 0], "test_loss_l1": 1.9809207916259766, "test_acc_l1": 39.42615476730168, "test_loss_l2": 0, "test_acc_l2": 0}