{"epoch_idx": 50, "model_save_file": "architectures/ESEN_100-00_512/ESEN_100-00_512_0.pt", "best_joint_acc": 0, "best_joint_loss": 1000000000.0, "best_epoch_idx_loss": 0, "best_epoch_idx_acc": 0, "run_time": "234s", "train_loss": [2.39430317734227, 2.0909221497449013, 2.023361812938345, 1.9835251380096786, 1.9549228883150853, 1.9262111801089672, 1.901790721849961, 1.8783126870791116, 1.855132889566999, 1.833767880092968, 1.8087479571501415, 1.7875798624573338, 1.7636050094257703, 1.7404602612509876, 1.7201427031647074, 1.6958762777574132, 1.677411755829147, 1.6549673667459768, 1.635928351770748, 1.6177713338172797, 1.6007768457586111, 1.585017082366077, 1.5695858073957036, 1.5568119079777696, 1.543448542103623, 1.533566406278899, 1.5217812079371826, 1.5116410020625954, 1.499563316504161, 1.4931958769306992, 1.484987686980855, 1.4769979245734932, 1.470844722155368, 1.4633139209313828, 1.4592735189380073, 1.451937146259077, 1.446846265684475, 1.4414771930737917, 1.4353040845105138, 1.4319247296362205, 1.4276282507361788, 1.4247695505619054, 1.418866273128625, 1.4170329968134563, 1.4112252304048252, 1.409567241415833, 1.4059771136804065, 1.4036943740916972, 1.4003056540633696, 1.4016237295035163], "train_acc": [25.07062837543714, 30.597071902192457, 32.32988037714042, 33.63180344183115, 34.35994960874477, 35.43133801714751, 36.050776042754975, 36.850575807020114, 37.50750017418226, 38.23327631935269, 39.24242524271718, 39.770762746194144, 40.46509124248399, 41.19611981456795, 41.94344391404474, 42.65132265294376, 43.28451763571071, 44.06062903918606, 44.72075666490698, 45.20993627130676, 45.77590235593376, 46.19327455088551, 46.78466932768634, 47.19096988446114, 47.57409148644171, 47.8835127615846, 48.24014877946706, 48.59771245185605, 49.023393464868875, 49.08617694225862, 49.2701415146668, 49.502136032018235, 49.73757173282331, 49.94374885490136, 50.17331693525979, 50.400059653262815, 50.43771570694689, 50.52051523753704, 50.82288421340546, 50.8539085182404, 51.035855858902494, 50.97888171385862, 51.27323263739134, 51.16678442946887, 51.37575809902697, 51.42731913250171, 51.489121002244204, 51.71513772454287, 51.6832458805837, 51.65633758664255], "val_loss_l1": [2.1234001398086546, 2.0273887634277346, 1.9813280344009399, 1.9510292053222655, 1.9283369779586792, 1.9046246647834777, 1.8885101437568663, 1.8786095261573792, 1.8667849063873292, 1.8537823915481568, 1.8502195477485657, 1.8397045850753786, 1.8371862173080444, 1.8305759191513062, 1.8309903740882874, 1.828977108001709, 1.8345518469810487, 1.8301156759262085, 1.8288519620895385, 1.8356263637542725, 1.8354772686958314, 1.8413374185562135, 1.8572356939315793, 1.865453910827637, 1.8602031230926512, 1.86018625497818, 1.8784400343894958, 1.8880210876464845, 1.8903289079666137, 1.8880532383918764, 1.8981264352798461, 1.8975584983825684, 1.9016579866409302, 1.9212255954742432, 1.9163376688957214, 1.917456328868866, 1.9177807927131654, 1.9190544843673705, 1.936968433856964, 1.9244511008262635, 1.9320218443870545, 1.9378749608993528, 1.9490325808525084, 1.9494371294975281, 1.9479350209236144, 1.957576322555542, 1.9531428694725037, 1.959325897693634, 1.9590315222740171, 1.9605196356773378], "val_acc_l1": [30.16760174728035, 32.13352196619026, 33.82528902402923, 34.649790659293565, 35.356353455421484, 36.0959683030668, 36.28621459758244, 37.132868902217986, 37.35080880949081, 37.70028171994441, 37.85695023252079, 38.5367777657587, 38.64377115058054, 38.84441416555147, 38.64880425616232, 38.68113904017618, 38.7810768222518, 39.30182345297807, 39.23583379181157, 39.269101130210345, 39.207397927851375, 38.93665104857763, 39.042042001145546, 38.83769761696297, 39.18426976617672, 39.069834664337165, 39.16064956416084, 39.13989305942524, 39.143997818052014, 38.98652654462428, 38.8773536300512, 39.25904327575978, 39.23125712192741, 39.31165251852962, 39.32403759006576, 39.37304700231385, 39.469408705482834, 39.647062579017124, 39.24471773190044, 39.37453289599712, 39.71703607274681, 39.64892103708906, 39.52875855838015, 39.52238513147089, 39.476972795534884, 39.417501928046896, 39.688687883703864, 39.22365547174655, 39.76885285501908, 39.33642619248972], "val_loss_l2": [0, 0, 0, 0, 0, 0, 0, 0, 0, 0, 0, 0, 0, 0, 0, 0, 0, 0, 0, 0, 0, 0, 0, 0, 0, 0, 0, 0, 0, 0, 0, 0, 0, 0, 0, 0, 0, 0, 0, 0, 0, 0, 0, 0, 0, 0, 0, 0, 0, 0], "val_acc_l2": [0, 0, 0, 0, 0, 0, 0, 0, 0, 0, 0, 0, 0, 0, 0, 0, 0, 0, 0, 0, 0, 0, 0, 0, 0, 0, 0, 0, 0, 0, 0, 0, 0, 0, 0, 0, 0, 0, 0, 0, 0, 0, 0, 0, 0, 0, 0, 0, 0, 0], "test_loss_l1": 1.975699746608734, "test_acc_l1": 39.24444414003585, "test_loss_l2": 0, "test_acc_l2": 0}