{"epoch_idx": 100, "model_save_file": "models/ESEN_100-00/ESEN_100-00_6.pt", "best_joint_acc": 30.26414140434784, "best_joint_loss": 2.486686813831329, "best_epoch_idx_loss": 6, "best_epoch_idx_acc": 50, "run_time": "1392s", "train_loss": [2.3628121581646284, 2.058258138118534, 1.9892502377886299, 1.9516639146236106, 1.9231245878639576, 1.8971807945758923, 1.8755032649827654, 1.8560122196827462, 1.8381598821473781, 1.8201965432648266, 1.804293944201338, 1.789116760459514, 1.7749013933566735, 1.760913823722699, 1.7478338146428458, 1.7353818941553791, 1.7245566795725342, 1.7126318577232713, 1.7012014525745975, 1.6907584678142433, 1.6809817519756636, 1.6710188263053196, 1.6615850870762399, 1.6525964310409822, 1.6444488829428998, 1.6356804928648367, 1.6279570974341222, 1.621094871551619, 1.6133567718190889, 1.605626518573236, 1.599624770496963, 1.5927803625754264, 1.5878073693415435, 1.5821006801150268, 1.5762386179845278, 1.5696980586839382, 1.5649561860145773, 1.559766521147632, 1.5546256331128805, 1.5501134581522105, 1.5454980315418423, 1.541285759812101, 1.5361372051982705, 1.5329773311221273, 1.5278534856411299, 1.5240220597030922, 1.5204567417092278, 1.5173998300088658, 1.5129306250755938, 1.5094712382062863, 1.5062904598516058, 1.5030479868617632, 1.4993079851526727, 1.4961569566245472, 1.4939531082407047, 1.490925065421183, 1.4878292734469836, 1.4858002432989421, 1.4821680970148208, 1.4797280862790736, 1.477030783618262, 1.474603197990208, 1.4736047332439943, 1.4700846338490832, 1.4678562376477304, 1.466520751288177, 1.4634732915720803, 1.4610653142316625, 1.4589273060133694, 1.457947399638115, 1.4561139826380867, 1.4530768974111719, 1.451976801824132, 1.4499805361852736, 1.4478184351133652, 1.44632913103891, 1.4440461118286905, 1.442089493121575, 1.4405487589879866, 1.4390220696772997, 1.43786964832096, 1.4372039595875177, 1.43550350906652, 1.4340690680600083, 1.4312051354198285, 1.4301464470154648, 1.42927912342439, 1.4275079648429103, 1.4268745298779344, 1.4250492573878089, 1.4245063864856686, 1.422048411784916, 1.4218878587451547, 1.420392178614205, 1.419501496017526, 1.4177423999943863, 1.4161894042557541, 1.4150468411795594, 1.4143268733943275, 1.4134068248468796], "train_acc": [25.223863715962384, 31.56163792314496, 33.53067391744309, 34.65178474085623, 35.43787202038592, 36.17147235309865, 36.91524908412115, 37.522922705304154, 38.08495309855179, 38.783573535993966, 39.22551419282956, 39.841374476784615, 40.15603139055112, 40.55827381734551, 41.1347690926792, 41.47751818487092, 41.862954236014545, 42.252021842943336, 42.60530220249834, 42.8014633506385, 43.34472496632812, 43.59201747325207, 43.80572940391234, 44.164881707480276, 44.49379282104989, 44.726390444123986, 44.91086696438976, 45.16154478478323, 45.37918427902663, 45.63493864421402, 45.88707465661967, 46.132504357995465, 46.12079000354285, 46.42538501216649, 46.52659389959477, 46.75600571856848, 46.88192168762495, 47.07777678192021, 47.238174779195866, 47.337170248647794, 47.36550389997841, 47.59416834109122, 47.77997916306233, 47.80540965404961, 47.95188503125092, 48.11611492606984, 48.1591834577548, 48.321882351439854, 48.297627035619996, 48.518811690406565, 48.47349073203497, 48.71457327102503, 48.79685636895734, 48.90519212396405, 48.869622404955365, 49.16172478366514, 49.157527734426964, 49.20296294796928, 49.39434157471145, 49.305935248289586, 49.3661399005381, 49.484800971150456, 49.46847724745665, 49.50853273540325, 49.692117794204584, 49.824514284660296, 49.874518072082516, 49.83361021097616, 49.985259677805104, 49.963598396048305, 49.899654751690456, 50.03260016498506, 50.110742964597186, 50.207193764398895, 50.21727663465558, 50.18598970370229, 50.40459916344463, 50.27807860902195, 50.38673657668585, 50.52211611387026, 50.58894187789667, 50.471971310667264, 50.61268414733495, 50.59165529883636, 50.67270840924942, 50.74033350986601, 50.59541221816768, 50.73429784764861, 50.7715912271199, 50.84382583548349, 50.82087991170995, 50.91001728668875, 50.94085577732017, 50.78940974863708, 50.92673906898452, 51.00622362397033, 51.07460378771426, 50.94399746233675, 51.12984773791143, 51.06799439823132], "val_loss_l1": [2.114957571029663, 2.017599081993103, 1.9801408410072328, 1.9577659487724306, 1.940558171272278, 1.9231054306030273, 1.9181869983673097, 1.9009562015533448, 1.8946900367736816, 1.8895971298217773, 1.8861060500144957, 1.8807393670082093, 1.8788783788681032, 1.873374438285828, 1.8751340746879577, 1.8755113363265992, 1.8745257258415222, 1.8742788553237915, 1.874817168712616, 1.8720752716064453, 1.87194881439209, 1.8809428572654725, 1.8781973481178282, 1.8784356355667113, 1.8845622539520264, 1.8868882656097412, 1.8869863152503967, 1.8892771005630493, 1.889143419265747, 1.8965531706809997, 1.8937794923782347, 1.89673273563385, 1.899313247203827, 1.9093264698982237, 1.9111688256263732, 1.9091335773468017, 1.920531344413757, 1.9161977767944336, 1.9243740797042845, 1.9313042163848877, 1.9276610255241393, 1.9310248970985413, 1.9374901294708253, 1.9388227462768555, 1.9450260758399964, 1.939984667301178, 1.9414312601089478, 1.9488219499588013, 1.9519198417663575, 1.9539067506790162, 1.9667704820632936, 1.9685147047042844, 1.9726044416427613, 1.9738582253456116, 1.9839171648025515, 1.985268473625183, 1.9837371349334718, 1.9975648283958434, 1.9956217885017393, 1.9993127942085267, 1.9964471340179442, 1.9991831302642824, 2.004055774211884, 2.0122474670410155, 2.0164612412452696, 2.0103206872940063, 2.0111819744110107, 2.0091606616973876, 2.0263597726821896, 2.0239359378814696, 2.029600870609283, 2.0374395012855535, 2.0399771809577945, 2.0316933751106263, 2.040371358394623, 2.0336801648139953, 2.0512676000595094, 2.048792839050293, 2.044997823238373, 2.0451918721199034, 2.055599403381348, 2.0515996694564818, 2.0623875975608827, 2.065269827842713, 2.064083158969879, 2.066965138912201, 2.0749630451202394, 2.0710213661193846, 2.0658727407455446, 2.0799728631973267, 2.090696012973785, 2.078389871120453, 2.091658365726471, 2.077941524982452, 2.0860526323318482, 2.0832353115081785, 2.0902830958366394, 2.1031557798385623, 2.096709442138672, 2.1041663646697994],