{"epoch_idx": 100, "model_save_file": "models/ESEN_100-00/ESEN_100-00_5.pt", "best_joint_acc": 30.653537393513524, "best_joint_loss": 2.5065330266952515, "best_epoch_idx_loss": 6, "best_epoch_idx_acc": 64, "run_time": "1393s", "train_loss": [2.3918277243955424, 2.0601357002870753, 1.994739285849649, 1.957281761760012, 1.9284160596515065, 1.9037551923629343, 1.881953349354071, 1.8619801396623648, 1.8444875795906834, 1.827416312257084, 1.811138650692932, 1.7948760866025182, 1.7811570473767198, 1.7668262873220888, 1.7533815973395612, 1.7401375437001574, 1.7273307606714592, 1.7159271010565105, 1.7050305883818815, 1.6932825380509058, 1.6847230660806014, 1.6736195623327834, 1.665012500154862, 1.6553432744577408, 1.6474850336346056, 1.6392841268023215, 1.631309872373529, 1.6226749103003681, 1.6165075515388356, 1.6093084675456404, 1.6017666355185551, 1.5954260284747552, 1.5893235704220756, 1.5830674980758517, 1.5764121670241737, 1.5720128712304138, 1.56658283122089, 1.5613955062463747, 1.5564162621804334, 1.5501339173098223, 1.5458259090371087, 1.5413942101898555, 1.5378765917699277, 1.5330571597869236, 1.5288786549086963, 1.5243979714332379, 1.5205859612981116, 1.5167762533240357, 1.5126360977461575, 1.5093668179774495, 1.506790480482469, 1.5026455270041013, 1.499772748269072, 1.4967184340188262, 1.4936668304128387, 1.4904447810365526, 1.4879006453610342, 1.484427285850595, 1.482871974280121, 1.479596782168119, 1.4769654006039339, 1.474429159536274, 1.4724672595295336, 1.4690318966130596, 1.4672708451201069, 1.4657702254592826, 1.4631681639120122, 1.4612078497169214, 1.458917544522417, 1.4564722858437713, 1.4546298849473303, 1.4515737360770564, 1.44968933140466, 1.4489266845064426, 1.4463977108307937, 1.4456120439625655, 1.4430618827496098, 1.442712781079319, 1.4400865878533875, 1.4381846413699848, 1.4365133610340437, 1.43452945652358, 1.4325986805312132, 1.4317860198677128, 1.4307087616089282, 1.429263182189487, 1.4271034964727705, 1.4269976096415735, 1.4244806432942736, 1.4226662997805752, 1.4221210025866093, 1.4210901079921545, 1.419030996090775, 1.4182448879294431, 1.417495748318663, 1.4163351655006406, 1.4144752178717104, 1.4129581221746739, 1.411290056661728, 1.4109110952517303], "train_acc": [24.88515057139237, 31.630906795293605, 33.31592173750272, 34.43718676506842, 35.34013850511658, 36.08190138548931, 36.85570317606641, 37.4834173449877, 37.984886195864355, 38.70193510239378, 39.172971279238794, 39.58937943693449, 40.06639612529201, 40.627034167832875, 40.958655086327624, 41.45308501513473, 41.95162124253482, 42.13379067934654, 42.58704324256182, 42.95162904435529, 43.212345474109846, 43.6037948005589, 43.862852549798085, 44.110713492310865, 44.43207646218841, 44.76459486104181, 44.8871693098695, 45.241400714426014, 45.44224898885612, 45.55915881455415, 45.77159026372665, 46.04505061030535, 46.23659225451676, 46.40014158046951, 46.55041334251389, 46.74770051755615, 46.758906598270364, 47.155420153907656, 47.17412108247687, 47.41087084554389, 47.56083690581827, 47.632111732551884, 47.737410260570215, 47.83601109193985, 48.023458565756194, 48.113427296397624, 48.232978305925386, 48.25129005200809, 48.480741373882125, 48.599280116783014, 48.62134932603719, 48.782621611092, 48.8812023329789, 48.89091551833993, 48.920963638602494, 49.09648497891539, 49.111765970029616, 49.08838771917027, 49.29589329811858, 49.45263095629788, 49.46249396965203, 49.57163381621875, 49.459490152095285, 49.72648835505546, 49.71691592173538, 49.73909144790538, 49.85441859608564, 49.94807386534765, 49.994079257442, 49.970662735006016, 50.10393918654457, 50.29863142367807, 50.264645700143774, 50.18918727568425, 50.36076944406858, 50.29318429547423, 50.35818113860287, 50.30847529138567, 50.46061860000685, 50.375190135225196, 50.52475276836173, 50.64639490716708, 50.769685571520384, 50.61665325498173, 50.670741279273905, 50.63826146853208, 50.852494597646896, 50.838724006164135, 50.82468678096835, 50.988304718178576, 50.94095675151011, 50.96120604062694, 50.95882407629661, 51.021033969234054, 51.045892593243735, 51.055754857295135, 51.120964694578824, 51.13043436025544, 51.240723333929935, 51.14021540657526], "val_loss_l1": [2.123707723617554, 2.0269631624221804, 1.9836904644966125, 1.9547138571739198, 1.9388368129730222, 1.925436305999756, 1.9123103857040404, 1.9031620144844055, 1.9056081414222716, 1.8911974787712096, 1.8909982800483705, 1.8842348217964173, 1.882247805595398, 1.8763624548912048, 1.8778964638710018, 1.8713571429252625, 1.8709069013595583, 1.8744176030158997, 1.8677795767784118, 1.8703777194023132, 1.8719899177551271, 1.878741478919983, 1.8799015998840334, 1.8794121980667116, 1.8851375460624693, 1.8829942345619202, 1.886050319671631, 1.883915364742279, 1.8933932065963743, 1.8956268429756165, 1.8942090392112731, 1.8980215072631834, 1.8980794072151184, 1.902589786052704, 1.9115628600120544, 1.9132554411888123, 1.9128736734390257, 1.9173448204994203, 1.9175957083702087, 1.9244027376174928, 1.9252495646476746, 1.9269489645957947, 1.9356113433837892, 1.9330058097839355, 1.9378044843673707, 1.9388701319694521, 1.9435154557228087, 1.9519575595855714, 1.9544173240661622, 1.9545534133911133, 1.9558499574661254, 1.961436998844147, 1.9681238651275634, 1.9706355214118958, 1.976679539680481, 1.977035927772522, 1.983824360370636, 1.9822903513908388, 1.9858962893486023, 1.998318612575531, 2.0022993326187133, 1.9977408647537231, 2.0062814354896545, 2.000104510784149, 2.007534074783325, 2.006778502464295, 2.0149715662002565, 2.01451952457428, 2.013072967529297, 2.0205052852630616, 2.0201886653900147, 2.026408004760742, 2.029845106601715, 2.0351610660552977, 2.03107373714447, 2.035443890094757, 2.0344898700714116, 2.046669626235962, 2.037865734100342, 2.0436539292335514, 2.0517789483070374, 2.0515177130699156, 2.0583389997482304, 2.061170339584351, 2.059046721458435, 2.061283755302429, 2.0596000909805294, 2.061275398731232, 2.0656118869781492, 2.072652745246887, 2.076641869544983, 2.076716160774231, 2.0700093626976015, 2.0824936985969544, 2.086327028274536, 2.0760118484497068, 2.0856775999069215, 2.085865354537964, 2.0946285009384153, 2.097317898273468],