{"epoch_idx": 100, "model_save_file": "models/ESEN_100-00/ESEN_100-00_0.pt", "best_joint_acc": 30.637953313112618, "best_joint_loss": 2.4899875462055205, "best_epoch_idx_loss": 5, "best_epoch_idx_acc": 56, "run_time": "1406s", "train_loss": [2.3707138846773637, 2.075849698771033, 2.0027060470449816, 1.9618340096342455, 1.9307491330925477, 1.9048432412497505, 1.8822841338061413, 1.8617116152693374, 1.8428887167108174, 1.8257326828230402, 1.8095433105022536, 1.793692761058108, 1.7793458946254272, 1.7649618868434103, 1.7513426246993045, 1.7390926223282415, 1.7261978994815719, 1.715271373954388, 1.7040443338385411, 1.6938759547854791, 1.6828111273433086, 1.6737186799355588, 1.6648244797636627, 1.655608255381977, 1.646980160966926, 1.6391050514824892, 1.63027925611636, 1.6224386134278879, 1.6157418445709644, 1.6079775012961224, 1.6019785502635013, 1.595505484200399, 1.5892604813663238, 1.5819796498762357, 1.5774448885830168, 1.5709148749299011, 1.5655435066704355, 1.5603720343441043, 1.5552214132536448, 1.5503894391409858, 1.5454014063975137, 1.5411654492037015, 1.5367619619457005, 1.5324904710874643, 1.5279676815785395, 1.5236487667494958, 1.520427745963456, 1.5166104900727584, 1.5128407647850315, 1.5095088924836677, 1.505406577652747, 1.5022707160459754, 1.4982517372577557, 1.4955686910436785, 1.4929400983206718, 1.4895637598606442, 1.4873513672329965, 1.4842775967142994, 1.4814374178921408, 1.4793007138672225, 1.4758271613252263, 1.4729697862896352, 1.47187429283737, 1.4677778230894603, 1.4666633813753036, 1.4644851039309021, 1.4624060015065954, 1.4599941985322793, 1.4583046687852355, 1.4555975532313008, 1.4535359658232518, 1.4510337365876644, 1.4504955700778066, 1.447595393985783, 1.4452605575596513, 1.4441884761556578, 1.4418195174374715, 1.4409243480874854, 1.4388465952435765, 1.4372366726945298, 1.434772441146571, 1.4334877138837745, 1.4336974227100336, 1.43148854347544, 1.4286505716656324, 1.4279493924674642, 1.4258702955114724, 1.424729065063897, 1.4237255820440586, 1.4228011254870563, 1.4203783804123546, 1.4191875151537978, 1.4185976200147496, 1.4169145117112265, 1.4164089544103784, 1.4149651740669114, 1.413699971973349, 1.4125561839943637, 1.4112124114955238, 1.410135811075159], "train_acc": [25.205429033240083, 30.98381695810525, 33.01298825960933, 34.3774339225442, 35.238012486539205, 36.08109989141689, 36.886712314226735, 37.48914659003929, 38.004592725437846, 38.47650425710398, 39.04004210228465, 39.71031567089858, 40.12977975918094, 40.56065682675783, 41.02465323935206, 41.42406276284531, 41.76471667774673, 42.21423663159466, 42.54292158851005, 42.96759956835083, 43.30156328715659, 43.510648011884015, 43.78189037782899, 44.04428846717415, 44.42603961481677, 44.538990510040946, 44.89159124003049, 45.1273249643691, 45.42915171471723, 45.67444287479793, 45.73306408240379, 46.07010581313661, 46.321349418505044, 46.405251766929865, 46.488746514220495, 46.742179947327514, 46.86929846754788, 47.09184379963681, 47.23400984351926, 47.36235396707764, 47.46414779866644, 47.597708421015824, 47.77819300987709, 47.8470599528707, 47.92435079813333, 48.143182957525724, 48.180851950676725, 48.34738121598563, 48.440913226596194, 48.526941597342116, 48.62691127716848, 48.7581249453246, 48.84308844021844, 48.94871367278506, 48.97997028409582, 49.033427748644066, 49.13600595190847, 49.30407264518732, 49.383580893546934, 49.34877485984497, 49.527664390299954, 49.5138003036925, 49.48724031596768, 49.79060391570682, 49.62549024830973, 49.87043305982387, 49.85449256406108, 49.9520682656083, 49.87963660101547, 49.95382711799528, 50.111818690894175, 50.113511611051145, 50.111167676056574, 50.32220457525701, 50.35133518496034, 50.388649336567724, 50.363836274372666, 50.38680427958457, 50.530059037120694, 50.53267527747186, 50.506021910436445, 50.66179579272053, 50.58601069689956, 50.5655794672894, 50.63444396610739, 50.73182547046917, 50.7941402646613, 50.80708712134653, 50.78970574383227, 50.74186137978817, 50.789941970317585, 51.088046987894934, 50.95473009838868, 51.05529574195321, 50.993575524318345, 50.993349775791174, 51.14061386890493, 51.03863703596965, 51.14834737953619, 51.15765538225329], "val_loss_l1": [2.1383681297302246, 2.034363663196564, 1.9955347180366516, 1.958590495586395, 1.9371340870857239, 1.93134388923645, 1.916964876651764, 1.9025948882102963, 1.89847069978714, 1.8921091437339783, 1.8849697828292848, 1.8848381638526917, 1.881837296485901, 1.8717142939567566, 1.8745198845863342, 1.8790439724922179, 1.8722959995269775, 1.8776825308799743, 1.8775826930999755, 1.8741056442260744, 1.8807511925697327, 1.8769206762313844, 1.8802586317062377, 1.880522108078003, 1.8815330386161804, 1.8815964221954344, 1.8889758110046388, 1.8966852307319644, 1.8945687651634218, 1.889456820487976, 1.9024576663970945, 1.9027188658714296, 1.9121118426322936, 1.910119569301605, 1.9111539483070374, 1.9242640495300294, 1.9237599968910217, 1.9279463052749632, 1.9308000564575196, 1.936273717880249, 1.9357858300209045, 1.9405970335006713, 1.9434733510017395, 1.9513112902641296, 1.9558876633644104, 1.9537255048751831, 1.9624944806098938, 1.970035433769226, 1.9661056041717528, 1.9771822690963745, 1.9803213596343996, 1.9769259333610534, 1.9903957843780518, 1.9848116636276245, 1.9901087403297424, 1.9950799822807312, 1.9977240920066832, 1.9950983643531799, 2.003664743900299, 2.0040944337844846, 2.007913732528687, 2.0127987265586853, 2.0147456169128417, 2.0232779026031493, 2.027657854557037, 2.0278863191604612, 2.031881403923035, 2.0340254664421082, 2.0350746273994442, 2.043261766433716, 2.046866726875305, 2.048514187335968, 2.0487878561019897, 2.041804122924805, 2.06220703125, 2.054152011871338, 2.057536792755127, 2.0659263372421264, 2.065300130844116, 2.0739590644836428, 2.0747203469276423, 2.0705821752548217, 2.0804701089859012, 2.0815637588500975, 2.081241774559021, 2.0846973061561584, 2.0920632243156434, 2.093581032752991, 2.0887211322784425, 2.0947622776031496, 2.102491760253906, 2.1092177987098695, 2.103696572780609, 2.1082300901412965, 2.1208244323730465, 2.1164711713790894, 2.119536876678467, 2.1154983043670654, 2.1199567794799807, 2.1261917114257813],