{"epoch_idx": 24, "model_save_file": "models/ESEN_100-00/ESEN_100-00_4.pt", "best_joint_acc": 29.13365970540699, "best_joint_loss": 2.5488219797611236, "best_epoch_idx_loss": 6, "best_epoch_idx_acc": 24, "run_time": "384s", "train_loss": [2.3645143760453653, 2.061231511995334, 1.9934109148629224, 1.9550673425744427, 1.9264404981508172, 1.9014334317741053, 1.8791600624355695, 1.8602357391917386, 1.842496518695027, 1.8252628051906543, 1.8089625583876168, 1.793026505807124, 1.778857827186585, 1.7652598871003597, 1.7511248271399684, 1.738432749695733, 1.7255757505740599, 1.7143037319183356, 1.7033075805104099, 1.6921501504171879, 1.6819590160606104, 1.6725429854261762, 1.6623298208647914, 1.6534214911110903], "train_acc": [25.32060892241209, 31.402369974420104, 33.53001156709845, 34.47598886286361, 35.42894045643711, 36.220613086325976, 36.96099689374408, 37.534283294491644, 38.00814759474735, 38.706492496016295, 39.22827802729909, 39.78861515606414, 40.29368415287961, 40.65433851584055, 41.182655894448494, 41.53815767062923, 42.018397320518254, 42.315402721823986, 42.690169037779235, 43.13552756656475, 43.314909084915726, 43.683974727512584, 44.023277677376605, 44.31345254434678], "val_loss_l1": [2.1237553119659425, 2.0292528033256527, 1.9964863419532775, 1.9692425847053527, 1.9513158321380615, 1.9353010296821593, 1.9249969363212585, 1.9190500974655151, 1.9101288557052611, 1.897015953063965, 1.8980944275856018, 1.8893980860710142, 1.893277013301849, 1.8902925491333007, 1.8834255814552308, 1.8886896014213563, 1.882665693759918, 1.8814755201339721, 1.8839146971702576, 1.8870917439460755, 1.8882326006889343, 1.8899076461791993, 1.8909968972206115, 1.8894639372825623], "val_acc_l1": [30.409069456189584, 32.67866899105569, 32.78409895423789, 34.05781386458637, 34.9217400916915, 34.897135113431766, 35.32973122171978, 35.95347812350534, 35.81245724061924, 36.085836539780566, 36.527602196298275, 36.677093137420506, 36.52984739303269, 36.340788123455646, 36.92204910808913, 36.5931093624381, 37.456593129218824, 37.28777724009938, 37.67629674469732, 37.63047132245282, 37.26524929533317, 37.80914837515837, 38.12678674313701, 38.053243456603205], "val_loss_l2": [3.030085754394531, 3.092643165588379, 3.1408188581466674, 3.1735740661621095, 3.171890449523926, 3.162342929840088, 3.2199205636978148, 3.2327945470809936, 3.2237751007080075, 3.226436138153076, 3.245382881164551, 3.310346794128418, 3.3268652677536013, 3.3276544809341435, 3.3625193119049075, 3.3831794261932373, 3.366522431373596, 3.3768885135650635, 3.4420981645584106, 3.4387638807296756, 3.4333801984786985, 3.4768844604492184, 3.50782744884491, 3.4881878137588505], "val_acc_l2": [16.17002813557172, 16.993721737106473, 17.79042427874785, 17.378936680524767, 17.72555772382669, 18.58873833322979, 17.974667943688647, 18.194276592972635, 18.727252803627334, 19.192878262194093, 18.879488779121317, 18.884017456472925, 19.031705733944428, 19.627692067254905, 19.316753734218473, 19.69053382067822, 19.888678097200344, 20.105645623756747, 20.03579920322492, 20.169536884596305, 20.297187575500214, 19.576296852120922, 20.021523239354867, 20.214075954210774], "LDT_score": [60.57593769215003, 65.4744824759172, 68.30805492928879, 70.66509530641525, 72.78130764500922, 74.40561590489855, 75.9838081574093, 77.61324041811847, 78.94035663045706, 80.12912482065997, 81.13342898134863, 82.26583316253331, 83.13691330190612, 84.55113752818201, 84.62287353965976, 85.57081369133019, 86.41627382660381, 87.42570198811231, 87.61016601762657, 88.42488214798114, 89.10637425701988, 89.08075425292068, 89.73150235704038, 90.20291043246567], "test_loss_l1": 1.8838518977165222, "test_acc_l1": 38.79124045310354, "test_loss_l2": 3.58524432182312, "test_acc_l2": 19.16378689220024}