{"epoch_idx": 50, "model_save_file": "models/LSTM/128/ESEN_100-00/ESEN_100-00_6.pt", "best_joint_acc": 28.669708233532596, "best_joint_loss": 2.4808697581291197, "best_epoch_idx_loss": 8, "best_epoch_idx_acc": 49, "run_time": "212s", "train_loss": [2.6036657311699622, 2.217559189507455, 2.1354562477632006, 2.095399993838687, 2.069977801857572, 2.048473543289936, 2.032914766759584, 2.021228827310332, 2.0092391109827803, 1.9994827048345032, 1.9912967176148388, 1.9833343634099678, 1.9750582909945287, 1.9683111842834584, 1.9609609824238396, 1.9551393001368558, 1.9483655618898796, 1.9432906743251912, 1.9354590547807289, 1.9329254564010745, 1.9268947343031562, 1.9209159883585836, 1.9137637904196076, 1.9116273423035939, 1.9050000282851127, 1.9022894330096973, 1.8972437643643576, 1.8918569060889163, 1.8921503794915753, 1.8843561492182987, 1.8805366474570653, 1.87706290862777, 1.8725200340603334, 1.8692448626865037, 1.865293987772682, 1.8627365944963519, 1.85973185210517, 1.854265332221985, 1.8517151610417797, 1.8476753704475637, 1.8439548458113817, 1.8415523839719365, 1.8385290395129807, 1.8346289920084409, 1.830513803344784, 1.8288285073005794, 1.8252163574551086, 1.8218441713940006, 1.8210012840502197, 1.8186734390981272], "train_acc": [21.438638735832335, 27.77105556973066, 29.6230344549516, 30.59519730367496, 31.185215603498946, 31.858464350615574, 32.31591260681609, 32.742001199920665, 33.02694631414604, 33.324696585505805, 33.573465321394856, 33.853581910190016, 34.01146856983601, 34.29534434184061, 34.51791028368235, 34.80042046315036, 34.966851829583675, 35.02790248101815, 35.249568995483536, 35.4602133466308, 35.64873356084895, 35.96438123357901, 36.016484295835554, 36.00604120794171, 36.31093194634253, 36.406406314798375, 36.446317469406715, 36.66899803044478, 36.64427953805849, 36.97797735957107, 37.019486438975704, 37.32303808089745, 37.38762862513991, 37.33658693210742, 37.595642806098354, 37.57638464158694, 37.71194420234003, 37.81691542083843, 37.97969600426456, 38.120591185584566, 38.296165811728244, 38.212337746387725, 38.24328376554673, 38.479933121253254, 38.71323661744917, 38.66990763455337, 38.678270722343626, 39.00726469633058, 38.95933589795747, 38.94406430053103], "val_loss_l1": [2.2510424375534055, 2.116407108306885, 2.0632277727127075, 2.034795677661896, 2.015824043750763, 1.9998842239379881, 1.985034644603729, 1.9765446424484252, 1.9631940960884093, 1.9542870998382567, 1.9462902545928955, 1.940622341632843, 1.933263921737671, 1.9294396162033083, 1.9256820917129516, 1.9190902590751648, 1.9133811116218569, 1.9120268106460572, 1.9084609150886536, 1.9044138431549071, 1.9005541682243345, 1.8968841671943664, 1.8992175221443175, 1.8952027797698974, 1.890600788593292, 1.888481080532074, 1.8858033418655396, 1.8851109027862551, 1.880590283870697, 1.8803236365318297, 1.88052374124527, 1.877042329311371, 1.8760745882987973, 1.878624153137207, 1.8740993857383728, 1.8736660599708557, 1.8736789226531982, 1.8717782258987425, 1.8699544668197632, 1.8715112209320068, 1.8691224217414857, 1.86835161447525, 1.8699750423431396, 1.8729212522506713, 1.8680809617042542, 1.8674058079719544, 1.871084213256836, 1.8683301329612734, 1.865947389602661, 1.868188190460205], "val_acc_l1": [27.868903607667455, 30.906109387541065, 31.993558864358768, 32.76093022655452, 33.07984509277441, 33.24670183264397, 33.9392947306944, 34.01861028170259, 34.375813632569105, 34.68275668804181, 34.71115870320596, 35.1455946489894, 35.51518426982528, 35.33769341304519, 35.79979741800042, 35.818790488871024, 35.82563919572354, 35.9260990643343, 36.27334385097229, 36.305947160223226, 36.61165904432156, 36.494373948009276, 36.524591361565165, 36.43777015240472, 36.62396895149767, 36.752992465891616, 36.779847721987124, 36.76929645036791, 36.84677862304676, 37.09204344098233, 36.760810922112725, 36.81504760484943, 37.0325742674115, 37.216461437761915, 36.98315143998726, 37.11395454365501, 37.015307344985615, 37.33065262331765, 37.27443616689155, 37.19439429522592, 37.26436205556056, 37.13771584236334, 37.347366588465256, 37.51755279509817, 37.29503154028591, 37.32315963100856, 37.29399133771778, 37.48094519048638, 37.60900667345208, 37.50406503731203], "val_loss_l2": [2.854010486602783, 2.9156656503677363, 2.9509691238403315, 2.972798275947571, 2.9675490140914915, 3.0251059770584106, 3.00592086315155, 2.9851948738098146, 3.0110617399215696, 3.0343990325927734, 3.0559367179870605, 3.031219005584717, 3.0498178005218506, 3.0605453491210937, 3.1043798923492427, 3.082159447669983, 3.0617716312408447, 3.081524872779846, 3.0976582527160645, 3.1112929821014403, 3.0800253391265873, 3.0950088500976562, 3.107365918159485, 3.1168997764587405, 3.091597557067871, 3.0977551221847532, 3.104470157623291, 3.141428756713867, 3.1011593818664553, 3.125933861732483, 3.1525651693344114, 3.117952513694763, 3.1384840726852414, 3.1279037475585936, 3.1363286018371586, 3.1380985975265503, 3.1643862009048456, 3.1575421571731566, 3.165059018135071, 3.189941430091858, 3.170399880409241, 3.158558773994445, 3.1901715993881226, 3.1904644012451175, 3.2007941246032714, 3.193681311607361, 3.205386185646057, 3.2277211904525753, 3.2049839735031127, 3.247625756263733], "val_acc_l2": [15.76121594194148, 15.965836685958454, 16.248426582382816, 16.8704532716069, 17.48304072655356, 17.186924097616682, 17.532146163648093, 17.948288721960047, 17.90797077143923, 17.927952574513853, 17.94504571502533, 18.23907763959846, 18.06788568989611, 17.90977988485595, 17.870467145942044, 18.089399295954514, 18.125655489859355, 18.416304898597534, 17.888250427425913, 17.892417015563073, 18.371092675757797, 18.519157914015274, 18.57665396028306, 18.556383256115936, 18.338778015828506, 18.67470700803814, 18.90681834805175, 18.754000905455243, 18.80403915046954, 19.127146198764287, 18.96883199746941, 18.835931172581283, 18.8123779383224, 19.305113596692014, 19.274223932491854, 19.12244486862088, 19.176868246412482, 19.483279404920577, 18.886707692273216, 19.07313300847283, 19.155792351730536, 19.54406925614567, 19.27608249984567, 19.411036003977998, 19.421895294278436, 19.704181368182624, 19.683364484236552, 19.659971278783907, 19.73040979361311, 19.47831227978198], "test_loss_l1": 1.882813513278961, "test_acc_l1": 37.484670751267934, "test_loss_l2": 3.302531147003174, "test_acc_l2": 19.789001005746005}