{"epoch_idx": 50, "model_save_file": "models/LSTM/128/ESEN_100-00/ESEN_100-00_2.pt", "best_joint_acc": 28.746349473105806, "best_joint_loss": 2.491541773080826, "best_epoch_idx_loss": 14, "best_epoch_idx_acc": 50, "run_time": "215s", "train_loss": [2.612028111111034, 2.217212655327537, 2.1412272977106497, 2.0991416591586494, 2.0708782934781262, 2.050995162942193, 2.035047204205486, 2.0221033683328917, 2.0111770801471933, 2.0010017093383907, 1.9913702480720756, 1.9822910111961947, 1.9732864679712239, 1.9685917252844034, 1.9611493710315588, 1.9534674485524495, 1.9470907278133158, 1.94027834498521, 1.9341825084252786, 1.9293491406874226, 1.924121880170071, 1.9199994314800612, 1.9130044371792763, 1.9084642565611636, 1.9054140096360983, 1.9010146477005696, 1.8947415207371574, 1.8905824233185162, 1.8851535943421462, 1.8802602318200194, 1.8786603916775102, 1.8739994258591623, 1.8692701603427078, 1.8685941714229009, 1.860819445414976, 1.8583218852678938, 1.8567404394800018, 1.8510352364092157, 1.8475081613569555, 1.8448232484586313, 1.8425006640679917, 1.8402355241053032, 1.8355845971540967, 1.8326136641430137, 1.8293903325543257, 1.8257150496497305, 1.8231393631660577, 1.8220508766896804, 1.817105345653765, 1.8126138873172526], "train_acc": [21.1050696465161, 27.560383674212893, 29.181520841503076, 30.425231353322314, 31.18213154545624, 31.690215623204683, 32.16576633338704, 32.540884369762395, 32.962865820155294, 33.195607848693896, 33.44896306863279, 33.7566592328532, 34.08352600896513, 34.1916972889589, 34.453422981128476, 34.626019888109475, 34.88210237768783, 35.13421354028312, 35.2492174833018, 35.50103597773309, 35.50615326459905, 35.79574417640409, 35.928818866024734, 36.123667044379935, 36.21896782002643, 36.61329896256236, 36.49118820386362, 36.725600409493914, 36.92253683817343, 37.14864852808606, 36.996044006329456, 37.13607883308746, 37.37142987572117, 37.30178759988175, 37.71816885769477, 37.70699502432371, 37.77976739582399, 38.02549545139579, 38.13177499058065, 38.13350289598241, 38.277285214989895, 38.28787427650435, 38.55798233106259, 38.558517466049715, 38.697861163748826, 38.68236850526245, 38.868907688059146, 38.81820271872928, 39.197588645570825, 39.344965197539594], "val_loss_l1": [2.252132272720337, 2.118213486671448, 2.0651525735855105, 2.0340104818344114, 2.0151668071746824, 1.9986141204833983, 1.9885758757591248, 1.9798364996910096, 1.965763306617737, 1.9580523371696472, 1.9508193016052247, 1.9427620887756347, 1.9392035245895385, 1.932063925266266, 1.9287293672561643, 1.9222564697265625, 1.9159662365913392, 1.9126656532287596, 1.9083890080451964, 1.9070080041885373, 1.906339406967163, 1.8989125132560731, 1.8980658292770385, 1.8926841735839843, 1.8894181370735168, 1.8880077123641967, 1.8863262057304382, 1.8833791732788085, 1.8819684624671935, 1.882400369644165, 1.8814222335815431, 1.8770130991935732, 1.874064755439758, 1.8725522994995116, 1.8699798107147219, 1.869501805305481, 1.8684639930725095, 1.8702416062355043, 1.867146408557892, 1.8660195469856262, 1.8637188911437987, 1.865679609775543, 1.8662398934364317, 1.8650123119354247, 1.8644973397254945, 1.8628503561019898, 1.8619137525558473, 1.8630409955978395, 1.8625785350799562, 1.8645813107490539], "val_acc_l1": [27.728519381960716, 30.356797778358906, 32.12605972354663, 32.50026957528602, 33.06631925503567, 33.491202222073305, 33.458119935623515, 33.62290640336376, 34.45839428746757, 34.50947137757674, 34.78712334183202, 35.1863440760914, 35.044844291952884, 35.1758355835286, 35.25728098960642, 35.77878248644287, 35.949222368048, 35.5153404908814, 35.80853074202044, 36.209548027206296, 35.899221873024146, 36.31748065497433, 36.31312879876455, 36.559470825530134, 36.64131130433069, 36.690250044603154, 36.46376826271687, 37.02290875150515, 37.070707270630294, 37.13138596290224, 37.2081400444345, 37.0553946902147, 37.300169378771486, 37.36487935831747, 37.47502540727449, 37.40784835767653, 37.27750513133088, 37.58130865074457, 37.87739910950573, 37.587518847967026, 37.74845505876989, 37.36195107163287, 37.80693429806943, 37.788006198917344, 37.857158618873655, 37.802316432619484, 37.829417406587886, 37.662584260200546, 37.848614926937614, 38.16227173906857], "val_loss_l2": [2.8303663253784177, 2.9409708738327023, 2.987459135055542, 2.9988920211791994, 3.0104360580444336, 3.0359365224838255, 3.0664044857025146, 3.0522253274917603, 3.073612189292908, 3.0638763666152955, 3.0571643829345705, 3.090937113761902, 3.06857647895813, 3.051019620895386, 3.06366868019104, 3.1121462821960453, 3.0855947494506832, 3.0883241653442384, 3.0907154321670527, 3.1138571023941037, 3.0994235992431642, 3.1088315248489375, 3.1161715030670165, 3.129422187805176, 3.15615029335022, 3.1277337551116946, 3.1442807912826534, 3.150541639328003, 3.1501576900482178, 3.1878413438797, 3.1680362462997436, 3.15620276927948, 3.156303429603577, 3.171762728691101, 3.164276146888733, 3.1801531314849854, 3.186546802520752, 3.1821603775024414, 3.206551432609558, 3.2022673368453978, 3.1936177730560305, 3.2092888116836544, 3.1882094383239745, 3.2441057682037355, 3.23708655834198, 3.2288917064666744, 3.2247928380966187, 3.2426370859146116, 3.254759168624878, 3.252883505821228], "val_acc_l2": [15.57931875448266, 15.202071899665745, 15.987381878110906, 16.37640260264485, 17.037566991773176, 16.65844885284993, 17.078688219125866, 17.353159160365227, 17.392362389018004, 17.465499093754424, 17.908623204835585, 17.80031164774547, 17.788878824804854, 18.29790205995384, 18.04072193807882, 17.87466093094066, 18.038850330714205, 18.138268345780638, 18.25984404687446, 18.31823305532831, 19.19790090431709, 18.490682341479207, 18.76194506609074, 18.853393320620075, 18.493004948676518, 18.51532846014853, 18.566465362679125, 18.50913886600528, 18.517675544483016, 18.4666971320679, 18.70575908251524, 18.962853400241862, 18.878647143039867, 18.69146483351617, 19.07400719221471, 18.993384946453194, 19.10671168299258, 19.218391114072052, 18.81886040209885, 18.823832262661597, 19.35854185058066, 19.20083762714011, 19.302639893177997, 19.278917791808652, 19.172982302507453, 19.510895390842297, 19.185759959403498, 19.448858532274336, 19.521411461035537, 19.33042720714304], "test_loss_l1": 1.8881933450698853, "test_acc_l1": 37.470670003757085, "test_loss_l2": 3.291951107978821, "test_acc_l2": 20.213049162095135}