{"epoch_idx": 100, "model_save_file": "models/ESEN_100-00/ESEN_100-00_2.pt", "best_joint_acc": 30.956323413208565, "best_joint_loss": 2.500657695531845, "best_epoch_idx_loss": 9, "best_epoch_idx_acc": 56, "run_time": "1394s", "train_loss": [2.3758654014779887, 2.0673001496070023, 1.9991714582530726, 1.9583109540676849, 1.9280874772903027, 1.903301451731166, 1.8818402777024363, 1.8612112085753627, 1.842898588114922, 1.825875474225491, 1.8091358815858127, 1.794317908243302, 1.7795515568978209, 1.7651524543762205, 1.7519844611850357, 1.7391718986931197, 1.7272442956583218, 1.7161630567060693, 1.7043504714965823, 1.694154766174632, 1.6826085661529397, 1.6737252003555998, 1.6630333383148956, 1.654635996446697, 1.6464607578898791, 1.6379885804762542, 1.6292682645517753, 1.6205380597245809, 1.614309127724499, 1.6063638318569289, 1.5998574533593766, 1.5940281672215233, 1.5870458450886091, 1.5804861461350672, 1.574757192659815, 1.5685732741968343, 1.5640834258237015, 1.557365736283294, 1.5534779763003015, 1.5483598162274836, 1.543040386033714, 1.5392443302574512, 1.5341300165981324, 1.529600535510877, 1.5255684754170404, 1.522255012201607, 1.5178136519335832, 1.5141869881831176, 1.510728614045939, 1.5069255834325734, 1.504093715903956, 1.5010411804969168, 1.4970578945011173, 1.4946046378634388, 1.4901915274628805, 1.4880608342109478, 1.4857720710815634, 1.4823213755537614, 1.4795750412372282, 1.4771198777977481, 1.4741377710202415, 1.472245022791241, 1.4690467387164408, 1.4670946362915387, 1.465125322341919, 1.4619748887665769, 1.4608479005481114, 1.458364137268942, 1.4565768340312018, 1.454953873923065, 1.4521553199225605, 1.4498808580801026, 1.4481772714798602, 1.4466772008379667, 1.4448112648561464, 1.4435475523318724, 1.4412159454931903, 1.4395707419159207, 1.4385135425340152, 1.4365132363564375, 1.4344729540544916, 1.4330025397309465, 1.4322550646755674, 1.4305243437443302, 1.4287693073990142, 1.4269904149781683, 1.4257526682057515, 1.4252908831342643, 1.424946386332906, 1.4223071949197605, 1.4212458472733107, 1.4198256342782893, 1.4176990832757512, 1.4176770098712461, 1.4172263254813087, 1.4144458896523218, 1.4131850572901037, 1.4124394365406914, 1.4107691935443, 1.4106685240334336], "train_acc": [24.806238318140117, 31.38809406161186, 33.33840856651407, 34.39030578429392, 35.412190616628116, 36.036180136535826, 36.63026109023442, 37.415980950386526, 38.03706264530203, 38.664464229538794, 39.22538697434228, 39.70822964136664, 40.10181840576761, 40.73121800000568, 41.028600246714504, 41.36363586504376, 41.80716228926388, 42.24102095550674, 42.65249990539827, 42.875585192682024, 43.306181437245975, 43.52421133474708, 43.859297721503125, 44.13364135779886, 44.38663322444795, 44.66155574056879, 44.96841358441722, 45.21264218785354, 45.412276957425824, 45.65590486137499, 46.02210395041015, 45.97159497542643, 46.22581251377141, 46.42607082645118, 46.60863017431358, 46.938143542577706, 47.009626214329884, 47.19045450982037, 47.2698762931957, 47.49618150124303, 47.637024249602376, 47.74649544507635, 47.87323996676963, 47.94512021961366, 47.996665306883784, 48.21570506787092, 48.31797963533618, 48.424966899850546, 48.46879846744605, 48.753219775856564, 48.65271238284212, 48.70925373485427, 48.95500312155444, 48.98919383809787, 49.06560865185731, 49.1842801012259, 49.17365935750443, 49.346417804581314, 49.61287866508238, 49.53370267695259, 49.497097961567526, 49.58464637967937, 49.7242870037839, 49.72772067304947, 49.82290428229002, 49.887206157575676, 49.9404385771579, 50.04263095312276, 50.09800305909538, 50.049906245315825, 50.129689062217636, 50.26831087897395, 50.21653611024064, 50.2456569577212, 50.335237251733794, 50.489075598935784, 50.37321481025558, 50.476315221590774, 50.589145988817634, 50.58809638622467, 50.548138672046356, 50.58343183901911, 50.67294065419251, 50.71659600594889, 50.82590427995378, 50.94482332949798, 50.89552390505901, 50.84703781273029, 50.92932425083111, 50.8820269535264, 50.96495897656693, 50.987591796431154, 51.02825504371792, 50.986324511223266, 51.08189094378843, 51.11953831860614, 51.173515910124436, 51.20224786157181, 51.23170978126108, 51.111339681463164], "val_loss_l1": [2.1320032835006715, 2.0286381721496585, 1.9882151722908021, 1.9570060610771178, 1.9316095232963562, 1.921705687046051, 1.918687355518341, 1.9004393577575682, 1.8967530608177186, 1.888971495628357, 1.8882808208465578, 1.8855200052261352, 1.8722702503204345, 1.877600884437561, 1.8756342411041262, 1.8672099113464353, 1.8765572667121888, 1.872537589073181, 1.866736149787903, 1.8738662481307982, 1.8667587518692017, 1.872127652168274, 1.8739423155784607, 1.8763731956481933, 1.8815505862236022, 1.8824417233467103, 1.8815376996994018, 1.8837363243103027, 1.8886201500892639, 1.8906519889831543, 1.8994031310081483, 1.897524094581604, 1.8988811135292054, 1.904720962047577, 1.9052177667617798, 1.9067852258682252, 1.910829544067383, 1.9173511862754822, 1.9212806940078735, 1.9182616472244263, 1.9397389411926267, 1.9325617551803589, 1.9307950139045715, 1.941115999221802, 1.934993004798889, 1.9551720738410947, 1.9499347805976868, 1.954000723361969, 1.963131070137024, 1.964947140216827, 1.9656995296478272, 1.9651880502700805, 1.97254935503006, 1.9787943363189697, 1.979309391975403, 1.9857450246810915, 1.9895222306251528, 1.9927959203720094, 1.9940853476524354, 2.003130650520325, 2.007533323764801, 2.0083783984184267, 2.010131847858429, 2.012451946735382, 2.0224045276641847, 2.023680281639099, 2.0222007632255554, 2.0312182188034056, 2.0349708199501038, 2.0352100849151613, 2.033279466629028, 2.0362967729568484, 2.0473792195320124, 2.0480848431587217, 2.0481535315513613, 2.0670529127120973, 2.056987142562866, 2.0614696383476256, 2.070349657535553, 2.0717749953269955, 2.0757278203964233, 2.0787258148193355, 2.07810982465744, 2.0756478667259217, 2.08203706741333, 2.0849320769309996, 2.0940664410591125, 2.0894736528396605, 2.0870782494544984, 2.0971578001976012, 2.1023095846176147, 2.099101138114929, 2.1044781446456904, 2.10766065120697, 2.113019919395447, 2.108568024635315, 2.11582989692688, 2.1134422063827514, 2.1137970685958862, 2.1231940388679504],