{"epoch_idx": 20, "model_save_file": "models/ESEN_100-00/ESEN_100-00_0.pt", "best_joint_acc": 29.368520189403608, "best_joint_loss": 2.508354139328003, "best_epoch_idx_loss": 8, "best_epoch_idx_acc": 17, "run_time": "305s", "train_loss": [2.3694699412092173, 2.0605963337312074, 1.9948148377444777, 1.9564175419851184, 1.9267054900116876, 1.903310285795718, 1.8814058976435888, 1.8615535940598993, 1.8438519851877055, 1.8257765731680278, 1.8090728679928216, 1.7942821514715843, 1.7787085563764655, 1.7640235949000087, 1.750800505690619, 1.7384999394416807, 1.7258797801962686, 1.7151474241816675, 1.7028383579822859, 1.6925911351081429], "train_acc": [25.122238053710873, 31.81032473028906, 33.54276972988543, 34.55869931300854, 35.452214105106364, 36.148674356084925, 36.86901680629878, 37.53940750498131, 38.04541467711644, 38.69591594895298, 39.19585463841165, 39.670341257846445, 40.27820886799674, 40.702918777663555, 41.12973782416164, 41.539335248594476, 41.8870358970698, 42.13747090794386, 42.73885840015224, 42.957366915303915], "val_loss_l1": [2.110082244873047, 2.0264061212539675, 1.9822464346885682, 1.9573182702064513, 1.9433069705963133, 1.923695456981659, 1.914499771595001, 1.9063184261322021, 1.9017659783363343, 1.8942596673965455, 1.8915552973747254, 1.885885977745056, 1.882407557964325, 1.8837518811225893, 1.8810433268547058, 1.8787483334541322, 1.882658350467682, 1.878302204608917, 1.8829852581024171, 1.8779157638549804], "val_acc_l1": [30.2688810241021, 32.79714794176077, 34.02174860221072, 35.15785359566825, 35.51704742417756, 35.67207652786224, 35.318826819590996, 36.28781678039664, 36.31815285698341, 36.27811148802009, 36.51902904655814, 36.6921709734257, 37.187676889484734, 36.699258563203244, 37.36404800311609, 37.48518528894322, 37.8527999624144, 37.65802453408164, 37.81744294016732, 37.42802423554068], "val_loss_l2": [3.0045296430587767, 3.096637320518494, 3.081064534187317, 3.0965769290924072, 3.1046375274658202, 3.113867115974426, 3.1830841302871704, 3.1103898525238036, 3.148287558555603, 3.1517247676849363, 3.194657754898071, 3.1945091247558595, 3.2045219659805295, 3.202953314781189, 3.2260823488235473, 3.219820261001587, 3.265761303901672, 3.286577010154724, 3.295543098449707, 3.3093064785003663], "val_acc_l2": [15.961969838816701, 16.865220862596303, 17.386805253119963, 18.34068226925828, 18.71665321858764, 18.0940907193209, 18.21497424274436, 20.276613417063363, 19.067852089763427, 19.783307321273544, 19.555267055052482, 19.846734124627094, 20.159655797805684, 19.76062574810984, 20.52953632410603, 20.45966018092605, 20.884240416392814, 20.168342284404204, 20.366480404324957, 20.438434506995993], "LDT_train_score": [61.41754307451331, 66.82143656298948, 69.92056388453793, 71.96800179010965, 73.84761691653614, 75.69366748713358, 77.78585813381069, 79.57037368538823, 81.18147236518237, 81.66815842470352, 83.53099127321548, 84.68896844931753, 85.6008055493399, 86.43432535242783, 87.1951219512195, 88.35869321995973, 89.04117252181696, 89.40478854329828, 89.91385097337212, 90.62430073842023], "LDT_val_score": [61.951219512195124, 67.07317073170732, 69.6341463414634, 71.70731707317073, 70.73170731707317, 73.78048780487805, 74.8780487804878, 72.92682926829268, 74.8780487804878, 74.26829268292683, 76.09756097560975, 77.19512195121952, 77.07317073170732, 77.4390243902439, 77.07317073170732, 78.53658536585367, 78.65853658536585, 77.8048780487805, 77.5609756097561, 78.90243902439025], "LDT_test_score": 80.0, "test_loss_l1": 1.8501681804656982, "test_acc_l1": 38.10287278687737, "test_loss_l2": 3.386009621620178, "test_acc_l2": 20.44089870360247}