{"epoch_idx": 23, "model_save_file": "models/ESEN_100-00/ESEN_100-00_3.pt", "best_joint_acc": 29.43242399988099, "best_joint_loss": 2.544292986392975, "best_epoch_idx_loss": 4, "best_epoch_idx_acc": 23, "run_time": "364s", "train_loss": [2.3646992598104912, 2.0599332654148066, 1.9930953438128904, 1.9535095538568068, 1.9230281092704977, 1.8981095596190987, 1.876605490478901, 1.8567088339306894, 1.8372299807880998, 1.8205183848328546, 1.8043162100905674, 1.7887134929315764, 1.7732275210389308, 1.7596808923493836, 1.7463627342784078, 1.7334729624450755, 1.7225136713150446, 1.7100012619561014, 1.698962561034281, 1.6877475572288587, 1.6776833031155647, 1.6680869624155383, 1.6590827468338356], "train_acc": [25.69130894279777, 31.717702655232912, 33.47603661584701, 34.69072155654556, 35.59561834303587, 36.27976187784486, 36.98966305754374, 37.62651159798418, 38.37657818265243, 38.84985401239118, 39.24298759104017, 39.87857899991572, 40.42918523498557, 40.79169202733653, 41.279362825900435, 41.61558844034504, 41.98434261532177, 42.427685711936896, 42.78206834428093, 43.11030633815769, 43.449785999631466, 43.78287978013094, 44.03500461255071], "val_loss_l1": [2.130232548713684, 2.0316476225852966, 1.9932793855667112, 1.9661360740661622, 1.9452543735504149, 1.9282247424125671, 1.9231367826461792, 1.910774099826813, 1.90193372964859, 1.8947726607322692, 1.8965961217880252, 1.890507709980011, 1.8936580896377562, 1.8859745264053345, 1.8822953939437865, 1.8849923253059386, 1.88566654920578, 1.8810682773590088, 1.8797743678092955, 1.8799637794494628, 1.889142918586731, 1.8848551630973818, 1.8869773864746093], "val_acc_l1": [30.253088688144338, 32.649888724192074, 33.664077456026114, 34.229014504928834, 34.59989056244956, 35.7507763056492, 35.537312904152955, 35.52436653535131, 36.235736914377675, 36.927529370196275, 36.17003282258338, 36.69331554201624, 36.69210835190858, 36.351320547049646, 37.00163496693776, 36.561911275648356, 37.37075116553057, 37.215576256752385, 37.22468158405568, 37.321783022933296, 37.576766468519686, 37.085766875876814, 38.49470748101602], "val_loss_l2": [2.9868005752563476, 3.0573148488998414, 3.139174962043762, 3.1224498987197875, 3.1455827713012696, 3.189139723777771, 3.1846206426620483, 3.2198965072631838, 3.1964226961135864, 3.2216045379638674, 3.292277479171753, 3.254593658447266, 3.2823264598846436, 3.2803406000137327, 3.3268041133880613, 3.326873230934143, 3.377020978927612, 3.405768036842346, 3.4053651571273797, 3.427912712097168, 3.431052231788635, 3.4847097873687742, 3.5179105043411254], "val_acc_l2": [15.870214421487676, 16.770388044742194, 16.45105761675479, 17.69796115149546, 17.807305740940215, 18.436142745946313, 18.753356859859935, 18.435891760665253, 19.30870784674889, 19.553133974246958, 19.50337175186722, 19.789587843184187, 19.72689931546516, 20.24067334472818, 20.28003944697978, 20.20209103301574, 20.643618017825663, 20.744734728947357, 20.72374019505207, 21.252653792791538, 20.92978747676364, 20.626070328872785, 20.370140518745956], "LDT_score": [60.40684566509531, 64.76737036277925, 67.6060668169707, 70.3269112523058, 72.32014757122361, 74.71305595408894, 76.43984423037507, 77.31092436974791, 78.88399262143881, 80.44681287149005, 81.43574502971921, 82.43492518958803, 83.40336134453781, 84.23344947735191, 85.47858167657307, 86.13957778233244, 86.82106989137118, 87.29760196761632, 87.91760606681697, 88.57860217257635, 89.06538225046116, 89.52654232424678, 90.24902643984423], "test_loss_l1": 1.876737356185913, "test_acc_l1": 37.69617210089161, "test_loss_l2": 3.5710124015808105, "test_acc_l2": 18.62633574415685}