{"epoch_idx": 100, "model_save_file": "models/ESEN_100-00/ESEN_100-00_8.pt", "best_joint_acc": 30.57992887722923, "best_joint_loss": 2.4996606290340426, "best_epoch_idx_loss": 5, "best_epoch_idx_acc": 76, "run_time": "1424s", "train_loss": [2.3533828105401557, 2.060921789309302, 1.9965063377257881, 1.9578883981485982, 1.9280810667834154, 1.9025272038004812, 1.8784456438974495, 1.8588944804777796, 1.8398857887731774, 1.8222631746475855, 1.805955496403055, 1.7904410772367345, 1.7762173988403536, 1.7620692914779026, 1.7475369545297883, 1.7354127611588999, 1.7220519053826635, 1.710365066834546, 1.6994754710328694, 1.6883129400944494, 1.6776938558718477, 1.6686789530132882, 1.6596309055975818, 1.65011786102155, 1.6412175696924192, 1.6327969606863242, 1.624697767266439, 1.6161848815209285, 1.6100400533151191, 1.6021984389068886, 1.5954811720673103, 1.5900474212585238, 1.5823805889952085, 1.5766274004901213, 1.5710857587123128, 1.5659388981827902, 1.5603714596240894, 1.5553744916522179, 1.5500755534259552, 1.5438738509055676, 1.5392293153552827, 1.5355432782698129, 1.5302497700813709, 1.526791297514504, 1.522152665558211, 1.518793530967258, 1.5144249173479343, 1.5108640478291642, 1.5076847781828773, 1.5032874919952606, 1.5000669037530188, 1.4970461594949076, 1.4939429131122897, 1.4899164848371393, 1.4879289061651317, 1.4848530051905091, 1.4813528897565436, 1.4798200294512116, 1.4765374195685086, 1.4734667468508449, 1.4709375418654278, 1.4685669563232213, 1.4666810724713386, 1.4647585432463832, 1.4613865296775053, 1.4598289700823095, 1.4573078117239364, 1.4554355789762026, 1.453963184575421, 1.4506954266390677, 1.4490103459139483, 1.4481524568085278, 1.4457470862143627, 1.444572269369703, 1.4419572342426406, 1.4393600701192106, 1.4381214320112812, 1.4370040603733931, 1.4352934546426888, 1.4341116979581505, 1.4326048214501192, 1.4304340640339284, 1.428973022404067, 1.427959838044754, 1.4256546727014245, 1.4261998359216472, 1.4236689073230144, 1.4218954936080028, 1.4206823695690252, 1.4198484732470382, 1.4175103640337596, 1.41701076719739, 1.416110452708847, 1.4149434479004754, 1.413393502388526, 1.4123424652519574, 1.4108351124536012, 1.4105476780768924, 1.4081959461947098, 1.4075819811689743], "train_acc": [25.164366202058673, 31.37969457225057, 33.365951352601904, 34.395185702214576, 35.384600868404, 36.13313451359484, 36.89283924328774, 37.52175656734324, 38.185393469124165, 38.731475760992986, 39.22163252139351, 39.739830315983085, 40.283572435027914, 40.78582982151419, 41.19062122929948, 41.72762871171114, 42.03228921516812, 42.37989778278221, 42.64634469080527, 43.135443835032575, 43.49312271775653, 43.75368746231641, 43.983716313043814, 44.37811352367365, 44.70218562064554, 45.03546822285665, 45.03369294983302, 45.31629478477987, 45.61335225302316, 45.78646155115343, 46.08033825596281, 46.185167782441155, 46.498517549780296, 46.66197869699845, 46.76296558667592, 46.91950323965035, 47.068520009444924, 47.23568445581512, 47.424899414902306, 47.605380954658045, 47.76974453705793, 47.81123413671446, 47.97184787568405, 48.1269156091105, 48.2947858495829, 48.34206836525016, 48.41043802807734, 48.57250326140335, 48.635408989425024, 48.854959605191894, 48.96539986239979, 48.9463500371269, 49.06691470250742, 49.19674202866129, 49.20811470685394, 49.360896174778176, 49.40368378565661, 49.48056246298971, 49.52020739635956, 49.54725332623162, 49.63301888702713, 49.823135242333905, 49.772630502787294, 49.81534954164493, 50.02200177652127, 50.00733342177488, 50.032546864886335, 50.06271384338265, 50.18857177988239, 50.24637495353948, 50.2545959127591, 50.28605433588213, 50.3793155206369, 50.365763069256474, 50.375149616258554, 50.35884270596229, 50.538525952941804, 50.45450764636289, 50.65369660266991, 50.62800418240453, 50.69636017891853, 50.69081732878081, 50.75694837990388, 50.76215873322161, 50.85230141234263, 50.850685613208235, 50.868317837250245, 50.92265785228712, 50.9263643564468, 50.88757536913719, 51.06898671465033, 51.133143096204144, 51.031380389304935, 51.1731505857889, 51.10634367400835, 51.19299299941944, 51.262322071965734, 51.20038761207196, 51.341895688238566, 51.30085412205941], "val_loss_l1": [2.1219395160675045, 2.0270299077033997, 1.9840235710144043, 1.963240385055542, 1.9395402789115908, 1.9261048555374147, 1.9172499418258666, 1.901366102695465, 1.8977378249168397, 1.8909777641296386, 1.884095346927643, 1.8796090602874755, 1.8847753047943119, 1.8742870926856998, 1.8746213436126709, 1.8726837873458864, 1.8707363843917848, 1.8691594004631042, 1.8714961290359495, 1.8761579751968387, 1.881418025493622, 1.8777748942375185, 1.8849533677101133, 1.879458725452423, 1.8808775663375856, 1.8861910223960878, 1.8905715584754945, 1.8936645150184632, 1.8961323976516724, 1.8978352308273316, 1.8972214818000792, 1.9037121772766115, 1.9060299634933473, 1.9116564393043518, 1.9127142310142518, 1.913933479785919, 1.921692156791687, 1.9224916100502014, 1.9210752964019775, 1.9272407293319702, 1.9315903067588807, 1.934268057346344, 1.9418599009513855, 1.9407198190689086, 1.9479532480239867, 1.948227858543396, 1.9495939135551454, 1.954958987236023, 1.9513901233673097, 1.9697072863578797, 1.9680216670036317, 1.9684857726097107, 1.9669560432434086, 1.978140866756439, 1.979240643978119, 1.9862455606460572, 1.987323582172394, 1.9970056653022767, 1.9912719130516054, 1.9996317744255065, 2.008084070682526, 2.0050651907920836, 2.008937132358551, 2.006604743003845, 2.012523090839386, 2.0154404520988467, 2.0179512858390805, 2.025977611541748, 2.0259279966354367, 2.039740705490112, 2.034562861919403, 2.0361669659614563, 2.0433572649955747, 2.044750452041626, 2.0456871271133426, 2.0558935165405274, 2.058475565910339, 2.063903951644897, 2.0665650725364686, 2.069721806049347, 2.0737830281257628, 2.079023015499115, 2.081545829772949, 2.0752257466316224, 2.094162607192993, 2.085190403461456, 2.086991655826569, 2.099312460422516, 2.0900222063064575, 2.1030340909957888, 2.107153522968292, 2.1036354660987855, 2.1091464042663572, 2.108847439289093, 2.110077822208405, 2.1156593918800355, 2.1142793655395504, 2.1124331951141357, 2.116065227985382, 2.1142058968544006],