{"epoch_idx": 100, "model_save_file": "models/ESEN_100-00/ESEN_100-00_9.pt", "best_joint_acc": 30.805426512527635, "best_joint_loss": 2.51776904463768, "best_epoch_idx_loss": 10, "best_epoch_idx_acc": 60, "run_time": "1391s", "train_loss": [2.3546774704521947, 2.06970704531451, 2.000279749205352, 1.96160324943175, 1.9304907086792351, 1.9056034323272357, 1.8841520110401533, 1.863412218903183, 1.8446952197529858, 1.827166046571294, 1.8101058104716312, 1.7938335625403519, 1.7791535624670325, 1.7650448592430952, 1.7507120387269812, 1.737787111089864, 1.726924956391711, 1.7137753356487382, 1.7038831792840172, 1.6932440520426548, 1.6819129810420737, 1.6731185628733507, 1.6634710759197904, 1.6546594511478325, 1.6460728858589035, 1.637591666037883, 1.6296274312045589, 1.6221972162570424, 1.6146248311077789, 1.6080555046370266, 1.6006180283126492, 1.5946229472072844, 1.5877616870293922, 1.5819714058429817, 1.575955989710782, 1.570430281512234, 1.5652654258483054, 1.5603092941669157, 1.5552990485768807, 1.5497362323857224, 1.5444890031027132, 1.5399179595326071, 1.5361181814736182, 1.5316813659230502, 1.5274267666930454, 1.5229934497710764, 1.5193095852475649, 1.5163978223406942, 1.5123489411599043, 1.5078067090533198, 1.505156079016695, 1.5021125909385336, 1.4984565032731505, 1.4957627572050871, 1.491274311455018, 1.488890188549636, 1.4859211111287465, 1.483240260443556, 1.4814407180208684, 1.4791819360278073, 1.4756023911161154, 1.4725961242247072, 1.4715028465340991, 1.46845305676854, 1.4658017513948833, 1.4642895356230778, 1.4613677525739057, 1.4591709501152739, 1.4569181318676798, 1.4546897088715782, 1.4530445249802475, 1.4524127726161145, 1.449705994457279, 1.4475485917625084, 1.4454476997392984, 1.4434250111973617, 1.4424908358022697, 1.4400058913668363, 1.4390361194216874, 1.4367729430898608, 1.4357059696398744, 1.4339515326219965, 1.4338698994129084, 1.4305426281526548, 1.4303695067353204, 1.428169902858384, 1.4269362666191312, 1.4244572503851094, 1.4240064954538956, 1.4224030834819197, 1.4214950767132115, 1.4195969881267725, 1.4185945331503487, 1.4173832792754555, 1.4165207678024923, 1.415447451652737, 1.4152228542424126, 1.4133954633266552, 1.4126309993070196, 1.4105204371137359], "train_acc": [25.02414258737338, 31.12409365032821, 33.27773491170226, 34.36238361507193, 35.41384769605675, 36.1136648259575, 36.72537820988078, 37.40303337019367, 37.93066265381442, 38.48271648851562, 39.11608086188838, 39.63518829780336, 40.16961201272233, 40.57549375417823, 41.09402465548748, 41.47177060769568, 41.821439094848046, 42.21766314364543, 42.699605388524205, 42.9478734106323, 43.24216721439188, 43.56978751019794, 43.888433135495404, 44.18703308854965, 44.40705882091197, 44.758708430147315, 44.89742145702132, 45.1279307292527, 45.4875503849034, 45.66963172161766, 45.907185074724666, 46.20007770207586, 46.241418213619816, 46.45259718538668, 46.71124754102984, 46.88343667238518, 47.01698659594985, 47.26447605463278, 47.17194579557507, 47.41063050927795, 47.64961349955694, 47.84715528410845, 47.79706872499783, 47.96724895037967, 48.11470689820555, 48.23318109906717, 48.46997379485381, 48.45354541265751, 48.50586429183924, 48.7279448622165, 48.67271437411692, 48.80219695405444, 48.89226971340242, 48.98080825561897, 49.213164160604386, 49.243999084756915, 49.347484829190215, 49.276908551940416, 49.36987961536043, 49.48904791170652, 49.61496371569609, 49.65229366840619, 49.730567812923326, 49.784545198864826, 49.892625594219325, 49.91477809367663, 49.905907456934266, 49.94285900908419, 50.009746917740905, 50.23023296808104, 50.29331168356596, 50.09946728348918, 50.31399012600358, 50.321759033494786, 50.34403414461004, 50.50205138982389, 50.39134134507478, 50.47504524816614, 50.62940511390196, 50.731298457382934, 50.68286186348729, 50.795121300886834, 50.55425109780101, 50.83816621283369, 50.7619679998888, 50.855793197325475, 50.862980826460934, 50.88197288455869, 50.92711238001948, 51.01459034670658, 51.00339392597519, 51.05423476409904, 51.04558660394358, 51.112929529590616, 50.99541302096758, 51.11901640496651, 51.13100666705318, 51.16461516223265, 51.252358733901865, 51.21020411329337], "val_loss_l1": [2.1302239418029787, 2.0341510057449343, 1.9874420285224916, 1.9619720339775086, 1.9402558445930482, 1.9222010254859925, 1.9079257369041445, 1.9003462553024293, 1.8905709981918333, 1.8851498246192933, 1.8787811756134032, 1.8793298363685607, 1.8767093658447265, 1.8692919611930847, 1.8684835195541383, 1.866261112689972, 1.8654598474502564, 1.8672937035560608, 1.8663385152816774, 1.8661325573921204, 1.8755761742591857, 1.8687632918357848, 1.8798894882202148, 1.8769852638244628, 1.8787740826606751, 1.883591568470001, 1.8814960598945618, 1.883036136627197, 1.8922741293907166, 1.8980685710906984, 1.8991971850395202, 1.9047498106956482, 1.9080995678901673, 1.9075127482414247, 1.9156204104423522, 1.9231017708778382, 1.918297529220581, 1.9220582485198976, 1.9248747825622559, 1.9322582364082337, 1.9368183732032775, 1.9395089268684387, 1.9436262845993042, 1.9508259892463684, 1.9514766931533813, 1.9552139639854431, 1.9603078484535217, 1.9601861476898192, 1.964410173892975, 1.970237672328949, 1.967158281803131, 1.971609365940094, 1.9837765336036681, 1.9778590917587282, 1.9792409658432006, 1.9876107931137084, 1.986683976650238, 2.0014168858528136, 1.998640298843384, 1.9989122748374941, 2.0002082228660583, 2.009805238246918, 2.0062485814094546, 2.0067626237869263, 2.009240400791168, 2.019820237159729, 2.0195693969726562, 2.018304419517517, 2.0263462662696843, 2.035884571075439, 2.0215410709381105, 2.0381351828575136, 2.0270254969596864, 2.0331366896629337, 2.0384728670120236, 2.041434669494629, 2.0456418871879576, 2.0550672650337223, 2.0449252247810366, 2.0570724248886108, 2.0496464729309083, 2.0550976634025573, 2.0678091287612914, 2.0588022470474243, 2.070399582386017, 2.0716726899147035, 2.070142924785614, 2.079100477695465, 2.0775663018226624, 2.0732720375061033, 2.079915130138397, 2.0864549160003665, 2.092281854152679, 2.0903821468353274, 2.0876890063285827, 2.1008491992950438, 2.0993040561676026, 2.1035308003425595, 2.1046268582344054, 2.1052650928497316],