{"epoch_idx": 100, "model_save_file": "models/ESEN_100-00/ESEN_100-00_3.pt", "best_joint_acc": 30.65672103923247, "best_joint_loss": 2.505274164676666, "best_epoch_idx_loss": 7, "best_epoch_idx_acc": 45, "run_time": "1395s", "train_loss": [2.3627691061124896, 2.0678555238137575, 2.004109021720538, 1.965053555615451, 1.9346699135019148, 1.9095599274022872, 1.887061667551689, 1.8663623650139622, 1.8480936009949502, 1.8297178007047101, 1.8139731599650257, 1.7975369145017157, 1.7824979014352922, 1.7687638582439598, 1.7552612566073011, 1.742645913854652, 1.7300304447839019, 1.7194130584734295, 1.7074852164732204, 1.6972190524459976, 1.6866770129685005, 1.6758262389296792, 1.6676534113534, 1.6592008936295828, 1.6503250237998621, 1.6403167772730562, 1.6330828967444397, 1.6250921881526987, 1.61772943308594, 1.6108002886859645, 1.6038282847185759, 1.5968116997578814, 1.5912624274918796, 1.5842161703547213, 1.5784086278819167, 1.5729274880995445, 1.5666111117109247, 1.5624557055464572, 1.557223742708154, 1.5521867483034049, 1.5477493913895481, 1.5427104661224096, 1.5380459750464202, 1.5336872443146663, 1.5290650222279611, 1.5250562861425063, 1.522327355288584, 1.5178582460508436, 1.5141299093535188, 1.510457692889992, 1.5071169394965565, 1.5038676420483028, 1.5011317893999436, 1.497299816630302, 1.493898556866777, 1.4922003483553556, 1.487822299156714, 1.484947886488854, 1.4832145784973, 1.4804443656851392, 1.47780085813015, 1.4747193904098022, 1.4732738580178781, 1.4688585077950718, 1.4678435320154242, 1.4657912555090873, 1.4631013585886823, 1.461227265519834, 1.4590743851224222, 1.4565372275649962, 1.4548293204482545, 1.452307862426163, 1.4508294490499225, 1.449076981719481, 1.447566659078685, 1.4457375790001055, 1.4438837279967207, 1.4423597919831574, 1.440906090473909, 1.4380025404308914, 1.4378381497269388, 1.4361630891441206, 1.4340003799954693, 1.4327742052734447, 1.4317299920484559, 1.4296260016773825, 1.4288919732111312, 1.4268902392562377, 1.4260952850000579, 1.4248267062213444, 1.423222002633121, 1.4218191324024019, 1.4195672760315996, 1.420595293198157, 1.4182941153508815, 1.4167704598619295, 1.4169907105078394, 1.414662495118763, 1.4138883838959793, 1.4120428666062315], "train_acc": [25.263565152169132, 31.26775491939037, 33.08111943138918, 34.21775571591369, 35.199329918158824, 35.94025685298799, 36.65924082620603, 37.29387670967789, 37.93603496466172, 38.53708303831688, 39.01072342349797, 39.594377261515056, 40.074314347683035, 40.53848732021228, 40.96195674903855, 41.33434570096819, 41.746558088148404, 42.13366680422925, 42.450312958384046, 42.777382396597595, 43.24155399334574, 43.32629582091456, 43.7006640687612, 44.03770806452806, 44.344266642928595, 44.54584768025079, 44.79933250334563, 45.0386750061067, 45.2509700626122, 45.53903480729783, 45.64339716479474, 45.916296334398766, 46.12578455212286, 46.46276987158498, 46.44733482447724, 46.705483572094685, 46.91258131939253, 46.84519482953709, 47.122359375180444, 47.28550609749504, 47.453487618710696, 47.63240519109704, 47.71626068143503, 47.841887441346586, 47.92860248819239, 48.165188695764876, 48.180377359890564, 48.28248852678976, 48.487713676599434, 48.55039655412464, 48.63942840550512, 48.683935508234036, 48.82354028326619, 48.88967684885881, 48.98454317446086, 49.01329717122204, 49.1201399937461, 49.22274907301583, 49.22721396663977, 49.30313979277487, 49.35491580718033, 49.623380238513256, 49.515247504435195, 49.808663682012835, 49.727865927703284, 49.81499524583771, 49.84712833183974, 49.75402293041669, 49.92774244328101, 49.9891615023653, 50.02022221795283, 50.16827507195969, 50.17801046448795, 50.16367659603636, 50.363133763562026, 50.27942060590554, 50.372830100983165, 50.315400193987166, 50.4661670265898, 50.58857647243092, 50.483756295455514, 50.52598516541858, 50.70094590546697, 50.64679789451259, 50.6204374366452, 50.74365997702232, 50.74518235699948, 50.82611249638585, 50.83927365933579, 50.7954833964317, 50.88633003928095, 50.933821698070325, 51.016574783010995, 50.94799531898923, 50.996427182278254, 51.02025659196303, 51.00320472246686, 51.069037680461875, 51.15365201690157, 51.12553701503304], "val_loss_l1": [2.119437408447266, 2.0302927494049072, 1.989714765548706, 1.9662277102470398, 1.9403547763824462, 1.9260782480239869, 1.9176612854003907, 1.9098969221115112, 1.9020941495895385, 1.897053349018097, 1.887444531917572, 1.88620285987854, 1.8879814147949219, 1.8784980177879333, 1.8786305427551269, 1.8752365112304688, 1.8748225927352904, 1.8771983504295349, 1.8780743598937988, 1.873800301551819, 1.8765551090240478, 1.873150861263275, 1.8853631138801574, 1.881143581867218, 1.8854748725891113, 1.8820859432220458, 1.8879557013511659, 1.8873794198036193, 1.8979333758354187, 1.8973259687423707, 1.8936081171035766, 1.8988688468933106, 1.8950408101081848, 1.9039535403251646, 1.9002698183059692, 1.9085747718811035, 1.9127877712249755, 1.9142642498016358, 1.9228842377662656, 1.9299012422561646, 1.9268460869789126, 1.9294207692146301, 1.93535041809082, 1.934686017036438, 1.9363707184791565, 1.9484779238700867, 1.951315486431122, 1.947769045829773, 1.9550271391868594, 1.9597723007202148, 1.9687440395355225, 1.9703011393547059, 1.973676645755768, 1.9740449786186218, 1.9776724815368651, 1.977022647857666, 1.9845131278038024, 1.9928764820098879, 2.0013286232948304, 1.99534250497818, 2.0041164994239806, 2.0084453344345095, 2.018556547164917, 2.017031145095825, 2.01986346244812, 2.021112632751465, 2.028165948390961, 2.03775908946991, 2.033384919166565, 2.031989085674286, 2.038257527351379, 2.0456088304519655, 2.049454152584076, 2.0495603680610657, 2.0542473196983337, 2.0556583404541016, 2.059455132484436, 2.0597378969192506, 2.0697488307952883, 2.0701199173927307, 2.067961716651917, 2.08072202205658, 2.084386742115021, 2.0760754585266117, 2.0768883228302, 2.0853944301605227, 2.0921684741973876, 2.0852609395980832, 2.0893010973930366, 2.096099209785461, 2.105233597755432, 2.1042159557342526, 2.111668062210083, 2.105456185340881, 2.1037900686264037, 2.111699211597443, 2.1127666950225823, 2.1124050617218018, 2.1297231793403624, 2.125424718856811],