{"epoch_idx": 100, "model_save_file": "models/ESEN_100-00/ESEN_100-00_7.pt", "best_joint_acc": 30.728903599559544, "best_joint_loss": 2.5151444137096406, "best_epoch_idx_loss": 2, "best_epoch_idx_acc": 80, "run_time": "1392s", "train_loss": [2.3442188698217397, 2.0631980972552517, 1.9963699152710246, 1.9566988141164876, 1.9253315876383295, 1.9007397277639533, 1.8786956722583246, 1.8573238855108214, 1.8401816870094443, 1.8222157424743028, 1.806221038376519, 1.7911026860595844, 1.7756560608881327, 1.7616202426612924, 1.7496746587097096, 1.7361902146164434, 1.724295429680325, 1.7124522022151076, 1.7022360043788178, 1.6912456220443088, 1.681616381220861, 1.671868711983391, 1.6623235508936258, 1.654041675799484, 1.6454665682731424, 1.6373752836787374, 1.6290413824790115, 1.6219237435848342, 1.6139088519122626, 1.6083281734667787, 1.6009723910497968, 1.5948699422932548, 1.588619487548093, 1.582533822693957, 1.576416429576524, 1.5711120049887828, 1.5659592255539856, 1.5597793941104077, 1.554774336311795, 1.5500630588706485, 1.5459020706491742, 1.5412063117421002, 1.5365100366259936, 1.5328465847794064, 1.5280632168874837, 1.5248006122921594, 1.5203147978957638, 1.517805457115173, 1.5136014556666029, 1.5103534837381547, 1.5064946177902574, 1.5040073443990234, 1.4994557275684601, 1.4973150923711454, 1.4942982349920706, 1.4919352750165749, 1.4882766719258154, 1.4856233361664175, 1.4827163689727076, 1.480189489115269, 1.4783981289338628, 1.4752233897874114, 1.473006404321128, 1.4707962061287065, 1.4678633229448168, 1.4660771368840422, 1.463212111674317, 1.4622519240466827, 1.4593993020713867, 1.4570251867311816, 1.455692166582161, 1.4547734987845118, 1.452410081110962, 1.4496753352497693, 1.4476913115300176, 1.4462659637862387, 1.4446435658209917, 1.442496060778242, 1.4416008066693577, 1.4400611016728462, 1.437684900170073, 1.4356979301216397, 1.4347695943412422, 1.4330300727021812, 1.4304503689118475, 1.4302226458120777, 1.4299314284543374, 1.4284916274044495, 1.425789004072137, 1.4245999723399445, 1.4237762443516233, 1.4219761512695097, 1.420103403953237, 1.4192352497249565, 1.4186105394582147, 1.4178524290749785, 1.4158331112030444, 1.4141200868361599, 1.4144134849583332, 1.413025703998881], "train_acc": [25.763054285718262, 31.334348685729132, 33.22205331122724, 34.43154497258512, 35.42400580687307, 36.25050827642825, 36.88219367263218, 37.65908130292317, 38.1063852743784, 38.648114295216004, 39.25942234074041, 39.87318120934096, 40.19705588501616, 40.69225424415383, 41.026514839211444, 41.45257780695848, 41.8498339688163, 42.298219616617295, 42.66551087572193, 42.948078388764785, 43.30083004027632, 43.53586547384566, 43.863088600476715, 44.129445818780546, 44.421425407546565, 44.69353475717698, 44.95830523871117, 45.105732940047616, 45.41899454456828, 45.59017412662511, 45.77750729632478, 46.16838511655009, 46.21153358990095, 46.4267271538685, 46.617711688377256, 46.75072558293697, 46.96366844630086, 47.191303528108726, 47.27809258817877, 47.469889033488414, 47.68198052342295, 47.696487171833134, 48.04350871053891, 48.06254609062249, 48.19177517488758, 48.22733996656221, 48.34371577423332, 48.452521795165616, 48.53219719418068, 48.54665539043116, 48.66299539593416, 48.893351147470575, 49.0226732473319, 49.08289645268587, 49.098451997874, 49.162104362618635, 49.29896309973395, 49.271210124914894, 49.412424800355545, 49.45995853399431, 49.460221049246755, 49.52863557810791, 49.69406605001349, 49.68900822250666, 49.8539869981934, 49.78370419757018, 49.88165952521833, 49.964796746766446, 50.079600606389846, 50.092962470289145, 50.22937679000389, 50.07161065170269, 50.13636451889515, 50.26315537900389, 50.28917367162849, 50.26436379888659, 50.467953994025784, 50.367489493349915, 50.45918217817976, 50.5788471353195, 50.55906627635808, 50.634353874699954, 50.62415450276541, 50.77702559284226, 50.70368165130657, 50.77402349744335, 50.81818449015471, 50.808446501620544, 50.927503622700435, 50.986254266060115, 50.836447327658824, 50.95783371381991, 50.91158196915282, 50.94008260143103, 51.02680966594312, 51.10648876228614, 51.168079270635225, 51.12712406951326, 51.11292825381693, 51.17352951232214], "val_loss_l1": [2.1163177967071536, 2.031532895565033, 1.9828245878219604, 1.9590587377548219, 1.9381453037261962, 1.926598024368286, 1.9086657166481018, 1.9024163842201232, 1.8887256622314457, 1.8894327282905579, 1.8897330164909365, 1.8793636918067933, 1.878368365764618, 1.8754374623298644, 1.8753616213798523, 1.8745033144950867, 1.8825580596923828, 1.8809466719627381, 1.8734983801841736, 1.873846137523651, 1.87710120677948, 1.8835293173789978, 1.8712862730026245, 1.8798083782196047, 1.8823949217796325, 1.8845689415931701, 1.8913536071777344, 1.8940266251564024, 1.895827054977417, 1.8994154691696168, 1.9030945301055908, 1.9053566575050354, 1.90829496383667, 1.9106303215026856, 1.9098422408103943, 1.9177939057350157, 1.9181301832199098, 1.9224821686744689, 1.921490502357483, 1.9300548672676086, 1.9274596214294433, 1.9354732751846313, 1.9401218295097353, 1.9417117953300476, 1.9446117758750914, 1.9477923035621645, 1.9526995182037354, 1.9557650327682494, 1.9604414701461792, 1.9734426975250245, 1.9761276483535766, 1.9717374563217163, 1.9687676668167113, 1.9795525312423705, 1.9806682229042052, 1.9817766070365905, 1.9817230463027955, 1.9886736273765564, 1.9918269515037537, 1.9986419916152955, 1.997439455986023, 2.010063755512238, 2.0078281044960025, 2.00407167673111, 2.0083895087242127, 2.020282673835754, 2.0235730528831484, 2.0314951777458194, 2.0249087810516357, 2.018772745132446, 2.037902617454529, 2.026767325401306, 2.039208221435547, 2.041514217853546, 2.0416712641716, 2.0465137004852294, 2.0467192411422723, 2.0521296501159667, 2.056440806388855, 2.0589329838752746, 2.060799133777618, 2.0583039999008177, 2.0651714205741882, 2.0669978618621827, 2.0716864347457884, 2.077829647064209, 2.07447144985199, 2.0819504976272585, 2.0883956670761106, 2.081022262573242, 2.079937732219696, 2.0932592988014225, 2.0999847173690798, 2.09661591053009, 2.0968819737434385, 2.0967454791069033, 2.1034827709197996, 2.109429180622101, 2.109829604625702, 2.110396695137024],