{"epoch_idx": 50, "model_save_file": "models/LSTM/128/ESEN_100-00/ESEN_100-00_1.pt", "best_joint_acc": 28.881652180359705, "best_joint_loss": 2.4781124234199523, "best_epoch_idx_loss": 23, "best_epoch_idx_acc": 49, "run_time": "213s", "train_loss": [2.5820801276149172, 2.208645726695205, 2.139097522605549, 2.100948160344904, 2.075335638089613, 2.055774310321518, 2.0402102307839836, 2.0271508386640833, 2.013941513769557, 2.006419199885745, 1.9956962439146915, 1.9872046194293285, 1.9806211265650673, 1.9703240132693087, 1.9648418029149375, 1.9575804571310684, 1.9510867803385754, 1.9467767666686664, 1.939874491908334, 1.936765092791933, 1.9280671983054192, 1.9232484689264588, 1.9184716894771108, 1.9147429041790236, 1.907909426725272, 1.903203204725727, 1.8997162896575353, 1.8943296409014496, 1.890751373587232, 1.8869949741797016, 1.8810299418189307, 1.8797300340551324, 1.875165364959023, 1.8724467411185761, 1.8681464231375497, 1.8631185528003813, 1.8631574773427204, 1.8561615844567612, 1.8529230401371466, 1.8511255798917825, 1.8472467579624872, 1.8444415105111671, 1.8398562994870273, 1.8354108171029524, 1.8366779170253058, 1.8313680273113824, 1.8272638040961637, 1.8259667826421337, 1.8222504465868985, 1.8183428121335579], "train_acc": [21.800706986336746, 27.507247501720585, 29.195728208058345, 30.229488301167272, 30.94386570791589, 31.49929732778141, 32.00658325429659, 32.39874205244102, 32.751653452650196, 32.962924959100306, 33.410866557764066, 33.529115309088986, 33.932974903551504, 34.13538649890046, 34.30184734514649, 34.53604423101554, 34.69959995065705, 34.811023772659446, 35.05967350677835, 35.228483805692996, 35.44953512792967, 35.707021060856334, 35.92102373939452, 35.852318454571225, 35.96174343648361, 36.13747737093723, 36.294348177819224, 36.60167575717877, 36.74471296070947, 36.80844505742167, 36.93474032023326, 37.10738329569873, 37.185371978555175, 37.30558001648679, 37.373814764729836, 37.49661209359817, 37.53192195527274, 37.80824949785572, 37.879616297726386, 37.836825556952334, 38.09423486984064, 38.25661071521163, 38.3321779513228, 38.49743391380479, 38.45266934149611, 38.59377857083128, 38.78592851321951, 38.921728774498405, 38.86543862427683, 38.94304307541586], "val_loss_l1": [2.226870560646057, 2.122862339019776, 2.0731684446334837, 2.037640964984894, 2.018616116046906, 2.002244532108307, 1.9914785027503965, 1.9801588892936706, 1.970872700214386, 1.9634010910987854, 1.9551144242286682, 1.9460225701332092, 1.9411326169967653, 1.9341407656669616, 1.929675531387329, 1.9255116939544679, 1.9209616780281067, 1.913392162322998, 1.9129414796829223, 1.9098042845726013, 1.9099125504493712, 1.9015145182609559, 1.898785591125488, 1.8982685089111329, 1.8945331931114198, 1.8905157327651978, 1.886965847015381, 1.8852705597877502, 1.8855576634407043, 1.8812722563743591, 1.8813671946525574, 1.878465735912323, 1.8760918974876404, 1.875995135307312, 1.8758941888809204, 1.8729387879371642, 1.8696885704994202, 1.8710369348526001, 1.870616865158081, 1.8746310472488403, 1.86752610206604, 1.8682497143745422, 1.86817786693573, 1.8658305525779724, 1.8676451206207274, 1.8644028902053833, 1.8656015038490295, 1.8660432934761046, 1.8680367708206176, 1.866642940044403], "val_acc_l1": [28.05316760900001, 29.843368471485594, 31.444778353956323, 32.51534543973233, 32.879053810926976, 33.245597919076545, 33.67544802173509, 33.370091641898746, 33.85806241835993, 34.3199332590324, 34.40614301257848, 34.59655925249663, 35.04718305187962, 35.00751697679211, 35.401760309154554, 35.49940444326806, 35.76405206841625, 35.63656363496206, 35.51910516716555, 36.010937216234176, 36.21767442514425, 36.29534212798096, 36.14292738178681, 36.28729482121423, 36.255928979395655, 36.78278864031202, 36.80475836926099, 36.861521129626894, 36.970453199161945, 36.90345324979453, 36.88200844966231, 37.03180655358376, 36.867833083821836, 37.36798904979099, 37.02786498743216, 37.195335073142154, 37.29949301754351, 37.27824708349725, 37.37077432823306, 37.52476267497215, 37.55361885130388, 37.35626654492804, 37.61887348004284, 37.505905955102456, 37.33376643064901, 37.297882655998535, 37.709168435983685, 37.51443910476957, 37.51971484425241, 37.56705686239211], "val_loss_l2": [2.8942106723785397, 2.9294631481170654, 2.9345800399780275, 2.9763978242874147, 2.9870360136032104, 3.0084821224212646, 3.035173773765564, 3.000819396972656, 3.014485502243042, 3.0261937856674193, 3.0738592863082883, 3.0425660610198975, 3.068359804153442, 3.028144311904907, 3.0774006605148316, 3.0846339225769044, 3.100354862213135, 3.063701915740967, 3.0668731689453126, 3.086017942428589, 3.1218785285949706, 3.0726570129394535, 3.0574392557144163, 3.1247043371200562, 3.136586546897888, 3.114244794845581, 3.106187725067139, 3.1072580814361577, 3.1573685884475706, 3.0911755084991457, 3.108388066291809, 3.1542681932449343, 3.109993815422058, 3.1425292015075685, 3.174149823188782, 3.1517077445983883, 3.154436779022217, 3.153010368347168, 3.1689890146255495, 3.160165548324585, 3.1791932106018064, 3.170946478843689, 3.199099636077881, 3.209664154052734, 3.1951152086257935, 3.1962822675704956, 3.2299266815185543, 3.2170970678329467, 3.223068141937256, 3.22529399394989], "val_acc_l2": [15.282909152813053, 15.974546118651743, 16.301786457387912, 16.58856674100196, 16.336399910036704, 16.727381492640216, 16.725014399458747, 16.9663758221786, 16.996290997409208, 17.470140135827428, 17.23233046450057, 17.871698110258862, 17.332420835079535, 17.75797024464752, 18.00034945574081, 17.95125764927316, 17.86908841208161, 18.293575813502034, 18.410382560412167, 18.6394417918072, 18.633127917028723, 18.918155132722354, 19.08179806255167, 18.540951780620723, 18.745664520768557, 19.04603918239559, 18.98150875377677, 19.318547056850566, 19.163609372022016, 19.719756722709292, 19.335783540358243, 19.360921193731862, 19.907783132298782, 19.23268739229431, 18.951854244079016, 19.484080781475722, 19.8693102630595, 19.715034132186563, 19.798008017975917, 20.124368061774206, 19.83180124446101, 19.903012726736, 19.516605303411808, 19.649557541473293, 19.583222014882704, 19.93639655236353, 19.969337699102333, 20.15457532172896, 20.243589516466997, 20.032233340966588], "test_loss_l1": 1.880121612548828, "test_acc_l1": 37.69837827963412, "test_loss_l2": 3.271618366241455, "test_acc_l2": 20.566870914524486}