{"epoch_idx": 24, "model_save_file": "models/ESEN_100-00/ESEN_100-00_0.pt", "best_joint_acc": 28.649566981958777, "best_joint_loss": 2.543980520963669, "best_epoch_idx_loss": 8, "best_epoch_idx_acc": 24, "run_time": "354s", "train_loss": [2.362340503876363, 2.072150117760404, 2.0009894649916826, 1.9616168469464024, 1.9298929271348029, 1.9050856473249032, 1.8835849712748038, 1.863734096562096, 1.846288416363779, 1.829135811656987, 1.8135698629081796, 1.797170607868685, 1.7824187535758413, 1.7680076109159992, 1.7554559160809993, 1.743115914524149, 1.7299589022583917, 1.7181893598049058, 1.7063978795611532, 1.6961811846549362, 1.685108781407731, 1.6758858725565284, 1.665348291397095, 1.6575485287456344], "train_acc": [25.20642719280241, 31.089424597351112, 32.98573987278416, 34.40869571412861, 35.20999411531316, 36.05618210042217, 36.675510247831134, 37.34838273073869, 37.839434242164764, 38.52631969289561, 38.93543661115026, 39.54731551362843, 40.02077308331567, 40.54834077087491, 40.89078895771128, 41.27736524235358, 41.76388031213734, 42.08018935101531, 42.40674588148585, 42.93521362019309, 43.18542245562081, 43.56516112032821, 43.77875145353869, 44.14341961443219], "val_loss_l1": [2.1395426273345945, 2.037961483001709, 1.9978083848953245, 1.9781862020492553, 1.9461532354354858, 1.9335062384605408, 1.9262258410453796, 1.9095937609672546, 1.9045564889907838, 1.9017046570777894, 1.8963879585266112, 1.8836120367050169, 1.8872871875762938, 1.883565354347229, 1.8841618180274964, 1.881748056411743, 1.8839488267898559, 1.8844532012939452, 1.8913374304771422, 1.8888123989105223, 1.8856153249740601, 1.8898843050003051, 1.8946319222450256, 1.8944774270057678], "val_acc_l1": [29.68962751961489, 32.40367693169693, 32.76832165294712, 33.80146469589828, 34.483172993557815, 34.748849855979785, 35.57027406601293, 36.04564658345871, 36.6564626681869, 36.174874402214684, 36.12270910444632, 36.787048175740104, 36.6343152698575, 36.95334452430615, 37.248986646145845, 37.070777593081765, 37.41171831780986, 37.04164127163732, 36.9647210807996, 37.04896180757183, 37.207321027324234, 37.05394484482369, 37.13285387055652, 37.75060532008902], "val_loss_l2": [3.0441856861114505, 3.095419096946716, 3.142188954353332, 3.177124643325805, 3.196845269203186, 3.1976434230804442, 3.2282541275024412, 3.178367280960083, 3.220205235481262, 3.2663905382156373, 3.249252772331238, 3.2839825868606565, 3.284260869026184, 3.2940582990646363, 3.326279306411743, 3.357219386100769, 3.4062684059143065, 3.411347770690918, 3.4501157760620114, 3.453402376174927, 3.4945826053619387, 3.521528935432434, 3.518359422683716, 3.560214304924011], "val_acc_l2": [15.746278218491842, 17.134379809967506, 16.40043524863027, 16.743184718451243, 16.40185158646202, 17.746954028835802, 18.057050115062605, 18.43476351366858, 18.778538230388513, 18.460502567134533, 18.426281110129796, 18.90866400308696, 19.10714962941504, 19.669843812976147, 19.28349472422918, 20.206103157060376, 19.053983088164692, 19.543430855531714, 19.861749855196628, 19.477572519275075, 20.03935250727527, 19.756155882468576, 19.809813808988284, 19.548528643828536], "LDT_score": [58.83890141422423, 63.88604222176676, 67.8110268497643, 70.30641524902644, 72.60196761631482, 74.0418118466899, 75.75835212133633, 77.0291043246567, 78.49456855913097, 79.5706087312974, 80.75425292068047, 81.9583931133429, 83.16765730682518, 84.08997745439639, 84.98155359704857, 85.65792170526747, 86.39065382250462, 86.7595818815331, 87.44619799139168, 88.00471408075425, 88.73744619799139, 89.14224226275877, 89.70075835212134, 90.07993441278951], "test_loss_l1": 1.8807061553001403, "test_acc_l1": 37.85024561203662, "test_loss_l2": 3.6527515649795532, "test_acc_l2": 18.22354407766268}