{"epoch_idx": 50, "model_save_file": "models/LSTM/128/ESEN_100-00/ESEN_100-00_5.pt", "best_joint_acc": 28.931213503524038, "best_joint_loss": 2.474701589345932, "best_epoch_idx_loss": 15, "best_epoch_idx_acc": 45, "run_time": "213s", "train_loss": [2.5867178114977745, 2.2092285264622085, 2.1330230904347967, 2.091790374481317, 2.0649065086335834, 2.0452780208804384, 2.0307215425101197, 2.017758802934128, 2.0066805436755675, 1.9972998535994329, 1.9880870779355364, 1.9776919565417557, 1.972312860416644, 1.9631251900485065, 1.9568909108638766, 1.952931280388976, 1.94374173337763, 1.9374665762438925, 1.9327534157218365, 1.9265116642821922, 1.9219211050958354, 1.9156246691039107, 1.9121873017513393, 1.9067641866929608, 1.9038313509839953, 1.8972722183574329, 1.8922909245346538, 1.889521190614411, 1.8850247471621544, 1.880746789953926, 1.8779672059145835, 1.8744370079401766, 1.8684067121057797, 1.8646096388498947, 1.8629136374502466, 1.8580413397514455, 1.8545032288088936, 1.851880572962039, 1.8463811585397436, 1.8442792991797126, 1.840475178126133, 1.8387258748213453, 1.8359909906531828, 1.8330857636350573, 1.827656822674202, 1.8259617225690317, 1.8219557323239066, 1.8189166531418306, 1.817179230126467, 1.8125299134037716], "train_acc": [21.985760200791404, 27.697545664697735, 29.480959418154615, 30.53136583671412, 31.275641244546847, 31.852207493092692, 32.20130438126416, 32.722230624176454, 32.94906929680972, 33.34013449931091, 33.71299364044761, 33.903347538498544, 34.068170076357866, 34.460469077879544, 34.51738457709737, 34.641505453150344, 34.99548748707262, 35.05128420938002, 35.31375626897455, 35.493732846703054, 35.79518780188811, 35.78124863468772, 36.05513208961313, 36.10164015390727, 36.17080862263123, 36.48310587197901, 36.630806519167955, 36.60847225122404, 36.9155431017894, 36.94716545713685, 37.09531816376914, 37.11310853909561, 37.34513376072142, 37.41703284144032, 37.557842994106096, 37.60232470233393, 37.89212842133103, 37.98204698448114, 38.08703685066513, 38.14432839832352, 38.28412740645029, 38.34266980542682, 38.47343164016882, 38.52155463605293, 38.70345140658391, 38.79660094824654, 38.91304995144107, 38.875082727182594, 39.090228877120914, 39.13327215547599], "val_loss_l1": [2.226818108558655, 2.1142056941986085, 2.0580633878707886, 2.030984103679657, 2.0122474074363708, 1.996979224681854, 1.983046567440033, 1.9726431250572203, 1.9587687849998474, 1.9544501662254334, 1.948170006275177, 1.9392103075981142, 1.9326332449913024, 1.9267509222030639, 1.9216240286827087, 1.9188173294067383, 1.912656331062317, 1.9079633593559264, 1.9040987133979799, 1.8995917439460754, 1.8967190265655516, 1.8938072681427003, 1.8946763396263122, 1.8896308302879334, 1.885837149620056, 1.8828065156936646, 1.8791752099990844, 1.879303503036499, 1.8783888578414918, 1.8755269408226012, 1.8740620493888853, 1.8705851078033449, 1.869545066356659, 1.8649329900741578, 1.8646363735198972, 1.8647069573402406, 1.8665960788726808, 1.8625804781913757, 1.8614958643913269, 1.86300687789917, 1.8614669799804688, 1.8616653203964233, 1.8601777315139774, 1.8596171855926513, 1.8562092542648316, 1.8575755000114442, 1.8577749133110046, 1.8574272751808165, 1.8582624912261962, 1.857357454299927], "val_acc_l1": [28.24046317666527, 30.535540701194854, 32.09873018033158, 32.64556107248328, 33.536529372838544, 33.61167581636537, 33.92752570718684, 34.247757622178554, 34.76569254918531, 34.5664918592107, 34.724580667388324, 35.25344692521828, 35.23892181023557, 35.5252110773689, 35.599860909130854, 35.63300079787308, 35.74984439986707, 36.13714525022423, 36.29397180455636, 36.394790816521976, 36.41036096137136, 36.41226606979278, 36.63020286942715, 36.74462250147761, 36.84033649183296, 36.70014243538997, 37.19846032354137, 37.01140402125677, 37.1255182017527, 37.5329399633633, 37.38441026619057, 37.61729661011915, 37.45608772997993, 37.75509572093043, 37.45876273288389, 37.615035095880515, 37.555550743718115, 37.73028120433038, 37.60158265341629, 37.98809815224896, 37.61108665631495, 37.49485796429653, 37.80826033297907, 38.01213130351829, 38.113537709718926, 37.93352871127034, 37.8977988496897, 38.10279253082054, 38.09530855500745, 37.908972113066916], "val_loss_l2": [2.87661554813385, 2.9185095548629763, 2.943199563026428, 2.9451462030410767, 2.9783709049224854, 3.0106161117553714, 2.980238962173462, 3.043249440193176, 3.046156573295593, 3.0223831653594972, 3.033231258392334, 3.0641464948654176, 3.031936502456665, 3.0700502634048465, 3.0277791500091555, 3.065755248069763, 3.0641547203063966, 3.055840992927551, 3.0885585546493535, 3.1099061727523805, 3.1003586769104006, 3.1170199394226072, 3.1369279623031616, 3.1275361061096194, 3.1031235933303836, 3.130915951728821, 3.1356676101684573, 3.1382742166519164, 3.157988381385803, 3.1406314611434936, 3.1581146717071533, 3.1540929079055786, 3.1396514415740966, 3.162442231178283, 3.1376593112945557, 3.1448913097381594, 3.196824645996094, 3.160034465789795, 3.1558367490768435, 3.1747414112091064, 3.1866597652435305, 3.1711103200912474, 3.206545901298523, 3.216426157951355, 3.1958904027938844, 3.2076353788375855, 3.2308971881866455, 3.243340468406677, 3.2374740123748778, 3.2399860858917235], "val_acc_l2": [15.781133233901388, 15.766828597946875, 16.71841680539256, 16.675626767729433, 16.9899622040019, 17.04801828866214, 17.58543049290353, 17.558695520361884, 17.24763576768054, 17.55218345544121, 17.6305780326297, 17.537033898948003, 18.006503915723183, 17.74832771041008, 18.140832875714555, 17.878218564859367, 17.754413454103602, 18.16405316533691, 18.06441641254723, 17.83628749546542, 18.680875245616505, 18.279737751819738, 18.492838363713993, 18.104299391261065, 18.466961539968292, 18.18621025070769, 18.47723653225095, 18.89085079838959, 18.931661109620734, 18.90499951178152, 18.887821363404058, 19.23784791285893, 19.410674172916952, 19.044111660232513, 19.075848369047502, 19.12499176591935, 18.630318984668065, 19.01459556475243, 19.404818763448453, 19.210356615888642, 19.452691158835936, 19.7463844729297, 19.340357642235503, 19.555187135479073, 19.74888929732915, 19.291711612852552, 19.58138936524227, 19.691531011954254, 19.484418176030992, 19.66323300047234], "test_loss_l1": 1.8811310172080993, "test_acc_l1": 37.93975280536238, "test_loss_l2": 3.2949719905853274, "test_acc_l2": 20.815689667991833}