{"epoch_idx": 26, "model_save_file": "models/ESEN_100-00/ESEN_100-00_2.pt", "best_joint_acc": 29.51564939228885, "best_joint_loss": 2.5337040662765506, "best_epoch_idx_loss": 6, "best_epoch_idx_acc": 25, "run_time": "411s", "train_loss": [2.3737604858678414, 2.078141871942293, 2.006968752506676, 1.9675338525290886, 1.9359405166512238, 1.9121347113486817, 1.8901435754714753, 1.8713211953093152, 1.852705596237008, 1.8371110279625706, 1.8210649375521817, 1.8062688063044068, 1.7915611048357196, 1.7785237639322191, 1.765203624143514, 1.7519633999658284, 1.739591972543559, 1.7273934756943938, 1.7163550334239224, 1.7051456641713416, 1.6946598570281208, 1.6843408078228663, 1.6746342132944576, 1.6650852468035635, 1.656264888584067, 1.648037919757563], "train_acc": [25.361509878206228, 30.986160646655925, 32.865787850007564, 34.167212806801096, 35.01677099649225, 35.78575437477639, 36.4773799287307, 37.10940409504241, 37.838682328370474, 38.38943155930785, 38.84413627169978, 39.268166269377254, 39.86718064448471, 40.28636627858368, 40.73158690697966, 41.25500376712826, 41.46130665970458, 41.90144373417922, 42.24821657102719, 42.56183754164556, 42.944361207200835, 43.30114224758334, 43.58388048651389, 43.88143430413497, 44.182316837159135, 44.5649152785299], "val_loss_l1": [2.139899444580078, 2.0413466811180117, 2.0025277972221374, 1.9745956540107727, 1.961159896850586, 1.9414949655532836, 1.933729147911072, 1.931210148334503, 1.9173807621002197, 1.9067891359329225, 1.9029429316520692, 1.9020269632339477, 1.8986910820007323, 1.896372103691101, 1.8925060391426087, 1.8867241263389587, 1.8869995236396788, 1.8955596923828124, 1.8910128712654115, 1.8877729177474976, 1.895288670063019, 1.8984353184700011, 1.899842095375061, 1.8961214065551757, 1.8966730952262878, 1.897662091255188], "val_acc_l1": [29.4767258265899, 31.970291405571682, 33.72049819248443, 34.28276801915188, 34.96139549411761, 35.04810271904813, 35.91762903310542, 35.493607596535085, 35.98789374095408, 35.64988655966048, 36.32661535030598, 35.96358452461953, 36.0966004270342, 36.557680810171846, 36.97952237922086, 36.96005745854704, 36.384622512928615, 37.43130979901436, 37.205994718657756, 37.32735564555333, 36.95704266595614, 36.887840755597416, 36.84044002894598, 37.47440962138594, 37.847434368454316, 37.783251879705595], "val_loss_l2": [3.0066287040710447, 3.0744045019149784, 3.0973910331726073, 3.096737599372864, 3.1526915550231926, 3.1259131669998172, 3.1733221054077148, 3.235945153236389, 3.217463159561157, 3.19312219619751, 3.235126256942749, 3.282573580741882, 3.2754329204559327, 3.26118893623352, 3.267510199546814, 3.3362053632736206, 3.329339623451233, 3.3418261766433712, 3.399604654312134, 3.362992072105408, 3.3812073707580566, 3.4233604907989506, 3.448901128768921, 3.455961751937866, 3.4830283403396605, 3.4897318840026856], "val_acc_l2": [16.805323929641354, 16.415335020899825, 18.40505535042861, 18.308690564782815, 18.50585743076138, 18.971277387963024, 19.132303058991837, 18.315940915709557, 17.934863802638496, 19.725660463113634, 19.61001843088077, 19.731682760698643, 19.702907735762654, 20.16137540723354, 20.33792957538696, 20.142762087016465, 20.677069393223032, 20.278813201913685, 20.83856852579493, 21.080168596524228, 21.324259635683905, 21.06000023168722, 21.43558495973724, 21.13862403530193, 21.183864416123384, 21.079702016263486], "LDT_score": [58.94138143062103, 63.71182619389219, 67.4420987907358, 69.72227915556466, 71.2338593974175, 73.16560770649724, 74.82065997130559, 76.04529616724739, 77.5415044066407, 79.43738470998156, 79.93953679032589, 81.43574502971921, 82.75261324041811, 83.27526132404182, 84.04386144701783, 84.91494158639065, 85.8526337364214, 86.35990981758556, 87.07214593154336, 87.73314203730273, 88.51711416273827, 88.66058618569379, 88.91166222586597, 89.53679032588646, 89.94158639065382, 90.51035048165608], "test_loss_l1": 1.8732304930686954, "test_acc_l1": 37.599526938224, "test_loss_l2": 3.555145597457886, "test_acc_l2": 20.035078269647887}