{"epoch_idx": 50, "model_save_file": "models/LSTM/128/ESEN_100-00/ESEN_100-00_4.pt", "best_joint_acc": 28.556554710942873, "best_joint_loss": 2.488436675071716, "best_epoch_idx_loss": 17, "best_epoch_idx_acc": 47, "run_time": "213s", "train_loss": [2.578463594118753, 2.205787508776693, 2.131544447306431, 2.092389475215564, 2.066281075730469, 2.047310044368109, 2.0337462958061328, 2.0207351446151742, 2.0097893422300164, 1.9991018726970204, 1.9911480275067424, 1.9827837420232362, 1.973674367774617, 1.9681009370269205, 1.9595928246324716, 1.9552024449362901, 1.9490343955430112, 1.9418581390019622, 1.9377424021561944, 1.931556475884987, 1.9257196043476907, 1.923536531852954, 1.9155828564456008, 1.9116375897869922, 1.9065271977222324, 1.8997375694188205, 1.8981589169213262, 1.893091843886809, 1.8906126708695379, 1.8862532377243044, 1.882955554759864, 1.8791912432872881, 1.8747954639521507, 1.8708271411332216, 1.8671627595569151, 1.8623288327997376, 1.8597771769220177, 1.8572646758773106, 1.8529146403977366, 1.8506977214957732, 1.8465770699761122, 1.842755964308074, 1.8395424322648477, 1.8354369988947206, 1.8366429896065686, 1.8319903332175629, 1.8277450221957583, 1.8251750496300778, 1.8227213603077508, 1.8221906459692754], "train_acc": [22.075835548747623, 27.81646472682584, 29.461879894487033, 30.431662029929342, 31.248336987557487, 31.720308779982815, 32.103211299243576, 32.517163221910096, 32.94377900489698, 33.338460391943244, 33.41964959280463, 33.694760108820674, 34.07133698783765, 34.27430561666269, 34.46219190359494, 34.60825038421862, 34.725128444513985, 34.885311235723506, 35.17869929165566, 35.356779254569524, 35.48475717255994, 35.65744465794639, 35.82303652475135, 35.92218217775173, 36.063077593563676, 36.25853848119012, 36.398679683134525, 36.43139338277339, 36.614198812129686, 36.78165526573725, 36.66265497126717, 37.13830871336243, 37.14125186980432, 37.25926917484079, 37.308610502536546, 37.647519650417415, 37.59276171551133, 37.64105232069051, 37.85986891278015, 37.79957997705235, 38.12495895674184, 38.36448158567485, 38.229064330952895, 38.5889796492011, 38.375357486802116, 38.567510953204014, 38.65354522195084, 38.795886018540315, 38.81590814407738, 38.824273587500635], "val_loss_l1": [2.2263999938964845, 2.1119780778884887, 2.0601614713668823, 2.0321028590202332, 2.01496924161911, 1.9972985267639156, 1.9851127743721007, 1.9756491899490356, 1.9661023497581482, 1.9585338234901428, 1.9530518293380736, 1.9450667977333072, 1.9380774021148681, 1.9367011785507202, 1.928757619857788, 1.924503231048584, 1.9187823534011839, 1.9140419363975525, 1.9129514694213867, 1.9079210162162783, 1.9050081729888917, 1.901136791706085, 1.8952264428138732, 1.8958925485610962, 1.8933670163154603, 1.8922858595848084, 1.8915551543235778, 1.8904966115951538, 1.8922461986541748, 1.8824947714805602, 1.8832642793655396, 1.8813944339752198, 1.877117955684662, 1.8789028525352478, 1.8755590200424193, 1.8775970339775085, 1.8733075141906739, 1.8731338620185851, 1.8741695880889893, 1.8711876034736632, 1.8712106466293335, 1.8669636487960815, 1.869558823108673, 1.871297538280487, 1.8692670106887819, 1.866540539264679, 1.8657944679260252, 1.865515899658203, 1.8670721173286438, 1.863656258583069], "val_acc_l1": [28.350295903115967, 30.480207344737718, 31.86640006391699, 32.12256290984418, 32.35519456095313, 33.175397224723994, 33.61450292956377, 33.75428200445246, 33.69872555227917, 34.059136825548705, 34.487596533458316, 34.58095297614454, 34.78870243627086, 34.92372194134916, 34.938117541460116, 35.052791150870284, 35.721628688334626, 35.509391620941884, 35.54740151949122, 35.85332330909904, 35.93210938482175, 36.19829249584039, 36.48720395913316, 36.042219121115565, 36.419730951531065, 36.37063903215211, 36.27740285437813, 35.98050548383622, 36.45407864561633, 36.54798291742246, 36.43903286616711, 36.832787584313756, 36.77654434928992, 36.662331220792055, 36.79466370789252, 36.734165000030146, 36.97002612705709, 36.90420088278601, 36.993902084776984, 37.15332807316875, 37.072125545907156, 37.039612135855855, 37.078674001192375, 37.12133460697903, 37.16594599538044, 37.27929102395929, 37.32090626065271, 37.30893012804352, 37.5321101193376, 37.64288887171069], "val_loss_l2": [2.864474821090698, 2.9432564258575438, 2.954431271553039, 2.9692004203796385, 2.97810468673706, 2.988066029548645, 3.019624948501587, 3.03736834526062, 3.0177660465240477, 3.03888418674469, 3.048953890800476, 3.0410841703414917, 3.053607869148254, 3.0804402589797975, 3.090338182449341, 3.0575328826904298, 3.0580909967422483, 3.0782073020935057, 3.0722062110900876, 3.074593663215637, 3.0907901525497437, 3.090286064147949, 3.0952580690383913, 3.1035340070724486, 3.0936962604522704, 3.10318865776062, 3.1242595434188845, 3.093150806427002, 3.1349351882934573, 3.116377520561218, 3.1352113962173465, 3.129237246513367, 3.116236686706543, 3.1307613611221314, 3.1391564846038817, 3.165809297561646, 3.1841723680496217, 3.1953174114227294, 3.1569926738739014, 3.1530137777328493, 3.159451580047607, 3.19995801448822, 3.1522913455963137, 3.1684874057769776, 3.2168442964553834, 3.187823009490967, 3.1735469818115236, 3.200329303741455, 3.230395722389221, 3.1967329502105715], "val_acc_l2": [15.780132470840574, 15.518579255662432, 16.03209590136344, 16.626455799298327, 16.765128508060073, 16.889793331888495, 16.707938060308646, 17.04961823702982, 17.206851998403433, 17.397736006535123, 17.38555394840012, 17.441095802489276, 17.507570244707104, 17.647133923499183, 17.396005326702678, 17.79018920804428, 18.145113981938437, 17.534426994691163, 18.037622887149187, 18.060291291385123, 17.979870582959695, 18.029829251400372, 18.096527357764483, 18.197792378785216, 18.175733899000633, 18.67447440319208, 18.731066134412572, 18.564683737183017, 18.79960521923408, 18.118174224310245, 18.190101443624435, 18.90602577344159, 19.13991220689875, 19.202812893117894, 19.058936918713705, 18.24221118379758, 18.856963180022127, 18.963443270970757, 19.29248291935315, 19.447358524046386, 19.29760209354392, 19.187099007287493, 19.472604238085612, 19.18786724997627, 19.115983756480652, 19.68650523793882, 19.792203161233033, 19.298326983137486, 19.14189176475039, 19.108819368450195], "test_loss_l1": 1.8765443801879884, "test_acc_l1": 37.763328283179504, "test_loss_l2": 3.2385381698608398, "test_acc_l2": 20.511764419307703}