{"epoch_idx": 100, "model_save_file": "models/ESEN_100-00/ESEN_100-00_4.pt", "best_joint_acc": 30.541063657266708, "best_joint_loss": 2.519680744409561, "best_epoch_idx_loss": 5, "best_epoch_idx_acc": 55, "run_time": "1392s", "train_loss": [2.339332570723437, 2.0612745563918295, 1.995719187850251, 1.9551344721689143, 1.9251316922520283, 1.8993907652863662, 1.878088926503418, 1.8589660869825866, 1.8405961957546557, 1.8246221192386178, 1.8080453287570846, 1.7932721092066626, 1.7788842998513381, 1.7648881936292036, 1.7523623294786574, 1.7401213006142089, 1.7275314686495236, 1.715427770527131, 1.7050968255471746, 1.6943002736896549, 1.6844988465309139, 1.6751032930995344, 1.6651673218525875, 1.6563400030136106, 1.6473983263750678, 1.639058618917378, 1.6311711411957344, 1.6232004089092984, 1.615505795413201, 1.6093197207932075, 1.6017598334802396, 1.5962483707917938, 1.5893917712596577, 1.583358417957201, 1.577089841212702, 1.5715809579289295, 1.5657210453934631, 1.5602405536065416, 1.5559220893667376, 1.5517369454060128, 1.5468648169018802, 1.5427180446616, 1.5371892392088515, 1.5337870115533878, 1.529052987011202, 1.5257296655156205, 1.5216834091265274, 1.5174741788741646, 1.5135806060712285, 1.5099112577394622, 1.506842565099034, 1.5038237298300494, 1.5006693164142997, 1.4976770555207486, 1.4937884528702554, 1.491922379086871, 1.488717309378703, 1.484943850324788, 1.4825970093044663, 1.4800563268705245, 1.4771619406315164, 1.4759827004660167, 1.4731705336395753, 1.4703696627135663, 1.4674154820792178, 1.4651540605300066, 1.4635682647381365, 1.4607559940136894, 1.4599593385643919, 1.4571485574092327, 1.4555916917433434, 1.4529308474391973, 1.4514897192290073, 1.4487834069706986, 1.446476965322407, 1.4463732937060372, 1.4444519221235854, 1.4429688656002013, 1.440834726762334, 1.439287828196079, 1.4379448420410859, 1.4356377715364503, 1.4334203562605272, 1.4334732665928143, 1.4310249981530216, 1.4304730246920105, 1.4276688377791595, 1.4276456154814552, 1.4257436722790424, 1.4243873193723349, 1.423238963708964, 1.4218740523408318, 1.420063468294405, 1.4202074736630157, 1.4174328271402128, 1.4170678039209554, 1.4165171855086574, 1.4142853863742377, 1.4133532730811231, 1.4120336322609435], "train_acc": [25.72744134372035, 31.2610620976608, 33.3683938405504, 34.57345516438703, 35.40578025218564, 36.11609311557221, 36.868379348074754, 37.60477130729071, 38.15571154442151, 38.63348276062826, 39.307839236634955, 39.81447416862683, 40.390301214965625, 40.626730304666395, 41.06927072764005, 41.59431894576353, 41.87431469135393, 42.193843125402296, 42.57291580854449, 43.00331618800202, 43.31315727219983, 43.51196119278799, 43.89362228877582, 44.14041923833638, 44.58723108520706, 44.59853387655749, 44.90644463595433, 45.109583614142856, 45.36596059858566, 45.53311585011043, 45.72132121710538, 45.94024320507269, 46.172784176398835, 46.31803044582815, 46.556517477192955, 46.71001582904979, 46.757258501904886, 47.03031190894467, 47.032312801549544, 47.25230911709173, 47.37788663882369, 47.48964900809578, 47.71396525681346, 47.803924212232566, 47.932797021299635, 47.96837569374018, 48.164703861485705, 48.181183162159165, 48.319103121499104, 48.4539642279886, 48.56468166832889, 48.62987677384735, 48.67135276828755, 48.82689428813857, 48.99393080223924, 49.039865945856945, 49.09963857617001, 49.20875521636129, 49.3215498754418, 49.27317652050857, 49.42009863395632, 49.4844495714665, 49.57709282099283, 49.59186268917036, 49.7180622949051, 49.827084528209355, 49.75987322739812, 49.92475382154918, 49.87036431859639, 49.987141451990674, 50.027372796524034, 50.18367211787187, 50.05332275481239, 50.251151536640236, 50.25280371639665, 50.22652757972498, 50.299526821420564, 50.31509429759131, 50.396845235275144, 50.393140414801195, 50.495291497894186, 50.415358197701735, 50.58868157742124, 50.610519852047375, 50.60922038793123, 50.72124109031684, 50.77193610938359, 50.69831623704122, 50.8820761932289, 50.822897937138585, 50.861054048547565, 50.903514373209184, 50.93680642652844, 50.931957062991586, 51.02731185903696, 51.02048589634291, 50.96996571360858, 51.0079361198494, 51.10100732331211, 51.11502049833357], "val_loss_l1": [2.1165275335311886, 2.0254624843597413, 1.989236903190613, 1.963762676715851, 1.9349388957023619, 1.9293732166290283, 1.9112736701965334, 1.9054839730262758, 1.8973416566848753, 1.8858553528785706, 1.891538155078888, 1.8833521604537964, 1.8801305294036865, 1.879200780391693, 1.8799270272254944, 1.876032519340515, 1.873059320449829, 1.8725784063339233, 1.878184473514557, 1.871006727218628, 1.8773481726646422, 1.8739405989646911, 1.8844753861427306, 1.8798914074897768, 1.8865026473999025, 1.8793358683586119, 1.8793188333511353, 1.8881228566169739, 1.8874862909317018, 1.8974494457244873, 1.8973151922225953, 1.9027748584747315, 1.901736855506897, 1.9046515583992003, 1.9148391723632812, 1.9215493083000186, 1.9178815722465514, 1.9237323760986327, 1.9193541407585144, 1.9236900806427002, 1.9365533590316772, 1.9403913617134094, 1.9331441164016723, 1.943634581565857, 1.9473412513732908, 1.9491174578666688, 1.9530993342399599, 1.9583696842193603, 1.9587095141410826, 1.9656984925270078, 1.9650925755500792, 1.9667682290077206, 1.9701956152915956, 1.968135118484497, 1.978031373023987, 1.9873381495475768, 1.9818517088890073, 1.9848286151885985, 1.9860515952110291, 1.9936354994773866, 2.0077232360839843, 2.0016691088676453, 2.0060266613960267, 2.0140580534934998, 2.0108643531799313, 2.008010411262512, 2.015901482105255, 2.0243605852127073, 2.0082181096076965, 2.0269815325737, 2.0222376465797423, 2.0345677852630613, 2.03452513217926, 2.0348194360733034, 2.0363048553466796, 2.0376452326774595, 2.047084808349609, 2.0491293907165526, 2.0399735450744627, 2.044931960105896, 2.0573292016983036, 2.0508622169494624, 2.068422782421112, 2.0650304198265075, 2.059283769130707, 2.0686376690864563, 2.0686973094940186, 2.073671650886536, 2.069902777671814, 2.083471608161926, 2.080494689941406, 2.0769646644592283, 2.07661896944046, 2.078272914886475, 2.0917772889137267, 2.099193513393402, 2.082290267944336, 2.0876834034919733, 2.0950021624565127, 2.0895593881607053],