{"epoch_idx": 24, "model_save_file": "models/ESEN_100-00/ESEN_100-00_1.pt", "best_joint_acc": 29.419088492549484, "best_joint_loss": 2.5498741984367372, "best_epoch_idx_loss": 5, "best_epoch_idx_acc": 20, "run_time": "378s", "train_loss": [2.3620329548459544, 2.07321900730833, 2.004141209322377, 1.9622027753689966, 1.932214857241429, 1.9060518243990912, 1.8833209434780507, 1.863143364770697, 1.8439119206656014, 1.8264102498325734, 1.8094197719468987, 1.7941916284211181, 1.7796019364934446, 1.76521949811813, 1.7522809401564643, 1.7393755464378848, 1.7265066958348687, 1.7154253349391697, 1.7045210435849811, 1.6939291270501025, 1.6838843505316925, 1.6747003060962085, 1.6642371766064141, 1.6554042910217146], "train_acc": [25.496404831297053, 31.2315569723888, 33.148960392321875, 34.26863079588074, 35.13564274750618, 35.97390400775941, 36.742615300930225, 37.38884780789549, 38.17123822413391, 38.795328700367314, 39.301038495686235, 39.6786306039582, 40.199279089067915, 40.67863651070993, 41.02811186184502, 41.45066577120619, 41.959760339660654, 42.26441266264229, 42.615296402357025, 42.928923528296565, 43.2204410726092, 43.60363748028927, 43.9329050557419, 44.217614576205165], "val_loss_l1": [2.142877316474914, 2.04581184387207, 1.9982410192489626, 1.9767706155776978, 1.9519274711608887, 1.9462860941886904, 1.928097665309906, 1.9161575317382813, 1.9146329522132874, 1.9026368618011475, 1.8999438762664798, 1.8953124880790713, 1.8954875588417053, 1.885932755470276, 1.8925764322280882, 1.8891729474067687, 1.8843965768814088, 1.8856780648231506, 1.887121284008026, 1.8844185829162599, 1.885752820968628, 1.8866708993911745, 1.892251193523407, 1.8913458943367008], "val_acc_l1": [29.803620363467946, 32.68439561570023, 33.303876863948574, 33.537918820671536, 34.84600103413028, 34.727215174553514, 35.902390997618085, 35.90347559960437, 35.89290821252889, 36.49533740135679, 36.46825124059188, 36.45583767931402, 37.34717693403188, 37.58730982735918, 37.46278078063843, 37.36507325966608, 37.622866835141316, 37.348605297725086, 37.93601104462912, 37.83122958259775, 37.95448066746559, 37.82754640443505, 37.49075924061692, 37.49734387065845], "val_loss_l2": [3.0400354862213135, 3.11091718673706, 3.1253047466278074, 3.132085156440735, 3.1478209257125855, 3.2020869016647335, 3.1897899389266966, 3.2089142560958863, 3.2637308835983276, 3.221243739128113, 3.22737820148468, 3.2842845916748042, 3.2744077920913695, 3.2896742820739746, 3.3243849515914916, 3.339218139648438, 3.350163674354553, 3.386252188682556, 3.3686438083648684, 3.3695225715637207, 3.405816483497619, 3.455691051483154, 3.46326265335083, 3.523018455505371], "val_acc_l2": [16.04185100256018, 16.519556769320793, 17.426745286760887, 18.613244701408348, 18.064377614576667, 17.840894176060697, 17.86823389279133, 18.7616603065423, 18.47859721314418, 19.210796730252774, 19.18342419657599, 19.42588134330412, 19.792686929148616, 20.30357458006435, 19.950191418722188, 19.68124094290378, 19.97827578290979, 20.488605248053254, 20.73374318348921, 21.006947402501222, 20.654915583906558, 20.293571605945427, 20.43843167761717, 20.68305517621097], "LDT_score": [59.68948555031769, 64.20885427341668, 67.4420987907358, 70.05533920885428, 71.97683951629432, 73.9649518343923, 75.67124410739906, 77.5927444148391, 78.55605656896904, 80.4519368723099, 81.47673703627792, 82.31194916991187, 83.59807337569174, 84.33080549292889, 85.07890961262554, 85.9807337569174, 86.46751383480222, 87.24123795859808, 87.83049805287969, 88.54273416683746, 89.1473662635786, 89.19348227095716, 89.68538634966181, 90.10043041606886], "test_loss_l1": 1.8893494963645936, "test_acc_l1": 37.658680632692686, "test_loss_l2": 3.627307486534119, "test_acc_l2": 19.296773734509483}