{"epoch_idx": 100, "model_save_file": "models/ESEN_100-00/ESEN_100-00_1.pt", "best_joint_acc": 30.807779445187073, "best_joint_loss": 2.495683342218399, "best_epoch_idx_loss": 7, "best_epoch_idx_acc": 63, "run_time": "1396s", "train_loss": [2.356246008785493, 2.061357267406008, 1.9955021296072437, 1.9571206974327016, 1.926644282603482, 1.9024700861458388, 1.8805194092453075, 1.8606138087193904, 1.8437170304289652, 1.8264983318267614, 1.8094082660631303, 1.7952036102977362, 1.7811088644036461, 1.7663806228462717, 1.7533926821629937, 1.7413509586535458, 1.7290838552177497, 1.7170555219737762, 1.7065176433379492, 1.6960476773594493, 1.6862893777156098, 1.6762281360976192, 1.6675625186447707, 1.6583568426447184, 1.649883862482298, 1.6417441657923781, 1.6334323297946833, 1.6258871210824457, 1.6186368957572035, 1.6115896608851372, 1.6053383580041598, 1.598781989255084, 1.5926311158258977, 1.585597971163759, 1.5795819442206558, 1.5738277511859158, 1.5690696184788278, 1.5627135721915355, 1.5588128654235, 1.553595395810014, 1.5497539546511587, 1.5446111849688617, 1.5399402265154987, 1.5348287908309095, 1.5321766313062892, 1.527838792275945, 1.523667509402703, 1.5193919085581367, 1.5158938005429887, 1.512485625547007, 1.509724864172279, 1.5053140099989166, 1.5024516303604896, 1.4997301588364702, 1.496111854500727, 1.4935437457277143, 1.4895762943346575, 1.4868370737504522, 1.4837277520687213, 1.4813875227893165, 1.478804512308278, 1.4764282462793756, 1.4729785487192477, 1.4709588803282576, 1.4689072359592552, 1.467724598329001, 1.4646520942722987, 1.4624907243142429, 1.4594642973821097, 1.4584494003462143, 1.4561361101789212, 1.4544717177338558, 1.4508992373396497, 1.4494535709739824, 1.4482680739612763, 1.4461206514900975, 1.4451627107935205, 1.4433154119264093, 1.4416447998186877, 1.4390855770592292, 1.438226455942206, 1.4362622340884776, 1.4343797285622413, 1.4330422932948539, 1.4310037466364165, 1.43093383530958, 1.4288666330346274, 1.4280872596513245, 1.4266195144128355, 1.425392887461076, 1.4230294418991163, 1.4222951947002223, 1.4203013701176437, 1.4199834126944941, 1.4176514055750782, 1.4166221328831587, 1.416254185208487, 1.4147004157031349, 1.413160389716472, 1.4125315809468622], "train_acc": [25.47517473905902, 31.487276502615252, 33.26232322790577, 34.33948236930086, 35.24654409776503, 36.0825208596409, 36.65010143472918, 37.475938697210346, 38.13054091026508, 38.65146917858332, 39.18272936301968, 39.535919838955046, 40.08472284646024, 40.52503162510566, 40.97626486316793, 41.35936120562282, 41.787307310415684, 42.1073444309616, 42.44379482189625, 42.74133108450102, 43.01695230229101, 43.4975655832519, 43.66859947837424, 43.92116760410009, 44.337257858213654, 44.4731656024486, 44.77308206433288, 45.09230135763728, 45.19452416361292, 45.48207370642867, 45.53717576595746, 45.840239139122744, 45.977732356383264, 46.30795555867854, 46.5063543689524, 46.57090865043014, 46.664621805818484, 46.98251585108834, 47.072971321903744, 47.102265357064056, 47.304569745846045, 47.49865695772761, 47.62945496166527, 47.77011376632212, 47.888976564016026, 47.931712637073105, 48.02920199290388, 48.187670101335485, 48.33532128172439, 48.49388746979438, 48.55378244117179, 48.65657685593795, 48.654088926129006, 48.760088732027235, 48.877153093673, 48.93995416422301, 49.033895024450814, 49.25766762173768, 49.36164909468576, 49.399768835365144, 49.38124756827877, 49.481937811016515, 49.54925621928638, 49.57184825509221, 49.75002613210145, 49.676687712330484, 49.8017855215893, 49.78056033760947, 50.0190744524844, 49.931273040270945, 50.00420752631034, 50.078436066939915, 50.18966333409618, 50.24880864105663, 50.30758506381726, 50.23224109502954, 50.2753748057132, 50.34666259478094, 50.41180469668058, 50.63200746903959, 50.425139239586244, 50.55858208081282, 50.550819251471346, 50.7220229397634, 50.699192229008744, 50.6211571452577, 50.793445539555876, 50.771561275998714, 50.773100759569374, 50.82347350108477, 50.80357260160915, 50.95374927007676, 50.90872932306188, 50.867531069981545, 51.11259491611713, 51.020604344369914, 51.10688819874274, 51.127051492767315, 51.11318784328378, 51.21088159296553], "val_loss_l1": [2.119406008720398, 2.02302451133728, 1.9826799392700194, 1.9581952333450316, 1.9394370436668396, 1.9264181852340698, 1.9155157446861264, 1.9043046832084656, 1.9041855931282043, 1.8928179383277892, 1.890906584262848, 1.884908664226532, 1.8814562320709227, 1.8848442435264587, 1.8769702672958377, 1.874348223209381, 1.879431092739105, 1.8741166234016418, 1.8822277307510378, 1.8730839848518372, 1.8730766296386718, 1.8767656087875366, 1.8813041567802429, 1.8751824140548705, 1.8821276903152466, 1.8768997669219971, 1.8786393046379088, 1.8845394134521485, 1.8918026089668272, 1.8932011723518372, 1.896856880187988, 1.9001187324523925, 1.899368679523468, 1.9064557552337646, 1.9086669802665712, 1.912283444404602, 1.9108433485031129, 1.9159555435180664, 1.9300793290138245, 1.9264698982238768, 1.9290115237236023, 1.9329685926437377, 1.9346788048744201, 1.9381834506988527, 1.9421928167343139, 1.9485273361206055, 1.9465577125549318, 1.9471522092819213, 1.9497860431671141, 1.9585404872894285, 1.9544189095497133, 1.963255727291107, 1.9707082629203796, 1.976771104335785, 1.9767355203628538, 1.9774770617485045, 1.9793195366859437, 1.9920390963554386, 1.9981077909469604, 2.0021132469177245, 2.0036281228065493, 1.9967909574508667, 2.000286340713501, 2.0064642906188963, 2.0191803216934203, 2.0157058477401737, 2.02027313709259, 2.020279037952423, 2.026237404346466, 2.029699671268463, 2.030577027797699, 2.035445320606232, 2.0379618406295776, 2.042768263816833, 2.044035160541534, 2.046113884449005, 2.0502851486206057, 2.056298422813416, 2.059903144836426, 2.065296769142151, 2.0638794541358947, 2.060996985435486, 2.058881592750549, 2.070387613773346, 2.073935639858246, 2.0749414682388303, 2.088668251037598, 2.079210019111633, 2.087935745716095, 2.0917545199394225, 2.0879767417907718, 2.0814691305160524, 2.097712087631226, 2.0976685881614685, 2.1072903633117677, 2.104612946510315, 2.101253736019135, 2.112228846549988, 2.101565980911255, 2.1073591232299806],