{"epoch_idx": 50, "model_save_file": "models/LSTM/128/ESEU_60-40/ESEU_60-40_1.pt", "best_joint_acc": 34.300323707399876, "best_joint_loss": 2.0011198639869687, "best_epoch_idx_loss": 44, "best_epoch_idx_acc": 46, "run_time": "210s", "train_loss": [2.646603813677124, 2.3346701733993744, 2.2708266521945157, 2.23306867209348, 2.2050256422071763, 2.1847677393393092, 2.1685562910455647, 2.1509350664687883, 2.141078230106469, 2.128267842711824, 2.1184745774124623, 2.1117331132744295, 2.103048555778733, 2.093391353433783, 2.087558339942586, 2.081612008990664, 2.0731890219630604, 2.0687031917499774, 2.062119921048481, 2.054470706166644, 2.049068851001335, 2.0454162575981827, 2.0399467565796603, 2.0347749735369827, 2.0310671293374267, 2.0257420449545878, 2.0207532680395883, 2.0165627345894324, 2.0138121671748888, 2.007295421578667, 2.005331563227103, 1.9993402280590746, 1.9977476199467974, 1.9920792182286577, 1.988931665817896, 1.9872475167115526, 1.9811026643623004, 1.9762013942906345, 1.9741829137007396, 1.9706239691286378, 1.9684531480977028, 1.9653061790899802, 1.9605380513451316, 1.9566324813799432, 1.9548563559850056, 1.9515164494514465, 1.9468011323249703, 1.9429245022210213, 1.9433926849654226, 1.940871726382862], "train_acc": [21.25535175434744, 25.678818755026313, 26.7420821421336, 27.669192780421515, 28.43134947120522, 28.969142774471145, 29.40415720254206, 29.84169803779995, 30.120229182707835, 30.279667964854806, 30.60396879179995, 30.911150819813685, 30.82419125957312, 31.246905008361235, 31.539244748931694, 31.665838568166503, 31.89010966296558, 32.04857178515969, 32.12580659910907, 32.489519666247716, 32.68229419659863, 32.83734392232034, 33.06434207584064, 33.05738762487844, 33.22615567303949, 33.32029953069187, 33.436628696957726, 33.66979183502455, 33.77897270484874, 33.91599038874305, 34.06455468672565, 34.09743428650304, 34.33579689166829, 34.55977717149387, 34.496486643143555, 34.738512885636176, 34.80601797242306, 34.851378726306756, 35.021614326732895, 35.16639972403234, 35.04708637608846, 35.33530193551962, 35.48131111367511, 35.60178219713583, 35.69342184081895, 35.70155241619974, 35.93030832973726, 36.168844572190466, 36.03578977337538, 36.213670798118685], "val_loss_l1": [2.3255955219268802, 2.2319489955902103, 2.17530472278595, 2.144480848312378, 2.114749622344971, 2.109765124320984, 2.087337708473205, 2.06831521987915, 2.0720357656478887, 2.056951355934143, 2.0474524974822996, 2.03309109210968, 2.0316297531127927, 2.0311812996864322, 2.023259389400482, 2.015306091308594, 2.009738421440124, 2.014083731174469, 2.0082820773124697, 2.0051893711090085, 2.0005564332008365, 2.0019035577774047, 1.9928912997245787, 1.9951918721199036, 1.9909746050834656, 1.9856375098228456, 1.9856701493263245, 1.992032277584076, 1.979913032054901, 1.9800379633903504, 1.976702928543091, 1.9755697965621948, 1.9757891297340393, 1.9768396139144897, 1.9784119725227356, 1.9760506272315979, 1.9761068224906921, 1.9793009281158447, 1.9720659136772154, 1.9743149399757385, 1.9746363520622252, 1.9830308079719543, 1.9815505146980288, 1.9748110771179197, 1.9740987420082092, 1.9712443232536316, 1.9708289980888367, 1.97881805896759, 1.9709117412567139, 1.9703377604484555], "val_acc_l1": [26.768288036882346, 28.51785910757087, 29.498875552624195, 30.74301547077925, 31.446335759276774, 31.94915027935128, 32.13499104543083, 32.607647152690745, 32.28382371913619, 32.47738169042008, 32.78769822098947, 32.92055003390197, 32.92989899666708, 33.17283576759107, 33.10209426423617, 33.32828404601197, 33.48327679558887, 33.328348569925986, 33.48879545623037, 33.77349774078287, 33.645784585878744, 33.70813516230598, 34.01966487080551, 33.976134947596336, 33.942288970338744, 34.073517741584084, 34.25257972276977, 33.96501060463534, 34.30783152189207, 34.244838791103206, 34.567748668678846, 34.4455889058344, 34.462664053132876, 34.678619878097294, 34.603384279381814, 34.67058496417502, 34.77790656085371, 34.300543638862955, 34.74202721405487, 34.63774680558366, 35.12890933068536, 34.601834070818356, 34.53759105710104, 34.95805912435705, 34.82639682867397, 35.11159325359304, 34.80454866178171, 34.72534440942728, 34.87806718624007, 34.842471552876965], "val_loss_l2": [2.387135553359985, 2.289547920227051, 2.2488269805908203, 2.219249773025513, 2.2032995939254763, 2.166705346107483, 2.158770704269409, 2.155807781219483, 2.1305869579315186, 2.1260216236114498, 2.119337058067322, 2.12972092628479, 2.112929344177246, 2.0987810611724855, 2.097909355163574, 2.098993420600891, 2.0987631559371946, 2.076635694503784, 2.077923846244812, 2.075262761116028, 2.0760402917861938, 2.0644869804382324, 2.0690973520278932, 2.0639405727386473, 2.0603422880172726, 2.06914279460907, 2.062746286392212, 2.0462359666824343, 2.056917643547058, 2.053648161888123, 2.059009170532227, 2.0522464990615847, 2.0467049360275267, 2.0433548450469967, 2.041573739051819, 2.04258770942688, 2.038946831226349, 2.031358635425568, 2.0375884771347046, 2.0383557081222534, 2.035826170444489, 2.030108022689819, 2.025748348236084, 2.027428650856018, 2.0319880843162537, 2.0340966463088987, 2.0343791127204893, 2.032864844799042, 2.031435799598693, 2.0458270072937013], "val_acc_l2": [25.58120402205522, 26.293002772926567, 27.502028181171617, 28.20602733011755, 28.87898856653561, 28.958349375782827, 29.45282265640319, 29.493983519678196, 29.887853531710803, 30.155622768785445, 30.08186795918358, 30.190370389020543, 30.468096935153955, 30.340321921210442, 30.544189841654124, 30.699102409168034, 30.738884701508663, 31.21352587840513, 31.060127847973355, 31.011843747310174, 31.29030419033312, 31.658523391625074, 31.854458377297718, 31.896153119401333, 32.035553418245364, 31.64962632212572, 32.16867281263567, 32.31878197372165, 32.06791979275391, 32.25876939905601, 32.31871676615357, 32.459762599592835, 32.525986160955014, 32.75243624115465, 32.650818350908736, 32.76084651673159, 32.65142451396173, 33.01143155024798, 32.75698544336476, 33.287201102020454, 33.12738361476346, 33.26743312389319, 33.50066599547995, 33.45771982221932, 33.41084623966508, 33.48905416120671, 33.6443006594029, 33.74103346779025, 33.27716774470061, 32.78744913432982], "test_loss_l1": 1.982563853263855, "test_acc_l1": 35.23209455507367, "test_loss_l2": 2.0372754335403442, "test_acc_l2": 33.452974673969585}