{"epoch_idx": 50, "model_save_file": "models/LSTM/128/ESEU_60-40/ESEU_60-40_4.pt", "best_joint_acc": 34.42522216687122, "best_joint_loss": 1.9969922304153442, "best_epoch_idx_loss": 48, "best_epoch_idx_acc": 48, "run_time": "219s", "train_loss": [2.6469325025876356, 2.32457525802381, 2.261606621019768, 2.228277536955746, 2.200505354187704, 2.179537507620725, 2.1637128483165387, 2.15017979072802, 2.137574502916046, 2.126507238908248, 2.117934252276566, 2.1097377863797284, 2.0995154127930147, 2.0929706331455344, 2.0878455982063766, 2.0794832065249924, 2.071060019912142, 2.0667480392889535, 2.0615797756296206, 2.055095027793538, 2.050343390667079, 2.0428998759298604, 2.040349907044209, 2.0328036745389304, 2.0287017208157154, 2.022521859768665, 2.0191000718058976, 2.0141890383127956, 2.0114119269631123, 2.0053315234906743, 1.9999910421443698, 1.9975690787488771, 1.9935402960488284, 1.988169378403461, 1.9846777744365454, 1.9817044888481952, 1.979129245786956, 1.972183718825831, 1.9724588674126255, 1.9658763769901162, 1.9629143142338947, 1.9600101664210805, 1.9564319451649983, 1.954112853064682, 1.9501795850016859, 1.9480014344056449, 1.9445741032109116, 1.9413765172163655, 1.9358567712884962, 1.9342126647631332], "train_acc": [21.35209355838274, 25.90796768753235, 26.992957646326147, 27.858845577354813, 28.483128978748354, 29.15745621746148, 29.44527561059787, 29.780807293411726, 30.09895153586824, 30.376446518493964, 30.622713524081224, 30.94316285515711, 31.1842570136351, 31.2782114011244, 31.402059640826355, 31.725511597697608, 31.961760070544024, 32.23535219502673, 32.25389167540071, 32.39132886885303, 32.56947308150273, 32.89144055065006, 32.848014317699494, 33.0919178584117, 33.19000931601392, 33.45494239130355, 33.56863909809565, 33.70767225482689, 33.812031820723995, 34.01531638266991, 34.23124125381519, 34.385450490092026, 34.56967610523525, 34.6201886011471, 34.52939755606203, 34.92442656326881, 34.813796864177704, 35.15503056131094, 35.15568357472257, 35.25173442783652, 35.50552750947068, 35.29868214497885, 35.63767389763929, 35.776726294420016, 35.80177057225279, 35.941523684969575, 36.06711952716756, 36.162051019256594, 36.31316254977428, 36.294615954138806], "val_loss_l1": [2.322263503074646, 2.225368690490723, 2.1709881305694583, 2.140583801269531, 2.1158064126968386, 2.1021494626998902, 2.0864750623703006, 2.0689653396606444, 2.0692769289016724, 2.052768540382385, 2.0434844732284545, 2.035986137390137, 2.040048813819885, 2.03324716091156, 2.021503746509552, 2.0208614945411676, 2.015147590637207, 2.018368399143219, 2.006038582324982, 2.0065209746360777, 2.0028533697128297, 2.0027648091316226, 1.9970010995864866, 1.9932759046554565, 1.992613959312439, 1.992902147769928, 1.9871643900871276, 1.9908268809318543, 1.9889249563217162, 1.9787816047668458, 1.9846084713935852, 1.9788755536079408, 1.9779891490936279, 1.9782655835151672, 1.9737412095069884, 1.9789527654647827, 1.9756462574005127, 1.9771261334419248, 1.9797495961189269, 1.9741868019104005, 1.971872651576996, 1.973424029350281, 1.9813393235206602, 1.972805917263031, 1.9705108165740968, 1.9726784348487854, 1.969251787662506, 1.9685431838035583, 1.9733310222625733, 1.976200532913208], "val_acc_l1": [26.763087517723427, 28.185021927572237, 30.364807660933163, 30.930939066118427, 31.697004118092078, 32.04389889714846, 32.338061647583395, 32.74894430260442, 32.70661802519168, 32.819794469719625, 33.050180394965075, 33.17278266238812, 33.36019508192265, 33.52383642072777, 33.7638703066644, 34.08907475395289, 34.3089181858388, 34.1554965147175, 34.1710556747426, 34.52555586551867, 34.77865342854251, 34.31155759170318, 34.371102176828884, 34.45057159443113, 34.65780868862914, 34.702699286051846, 34.65775067596545, 35.03198112664759, 34.552824336605134, 35.17910315830593, 35.119963040685505, 35.316052552309436, 35.16375387272077, 34.91724873270155, 34.999983608361894, 35.03545602998307, 35.099838001370394, 34.96376366464404, 34.93763038647573, 35.21612766849469, 35.25107217600205, 35.15751726966192, 35.05271228520141, 35.13780778496564, 35.22056339059938, 35.037817764828645, 34.99629334046019, 35.43381751704746, 35.34401246240438, 35.04877198485008], "val_loss_l2": [2.3929955005645756, 2.293199872970581, 2.2547817707061766, 2.2207201242446897, 2.205893063545227, 2.180157685279846, 2.165226197242737, 2.1610570192337035, 2.13708188533783, 2.136758637428284, 2.1335056304931643, 2.127846217155457, 2.101789116859436, 2.0985621929168703, 2.1035352468490602, 2.092596173286438, 2.08965163230896, 2.074952483177185, 2.08242871761322, 2.0768665313720707, 2.0787678718566895, 2.0643152236938476, 2.0684385299682617, 2.0623638868331913, 2.0562679529190064, 2.0545942783355713, 2.05584089756012, 2.0469835042953486, 2.043238091468811, 2.0567087888717652, 2.039473569393158, 2.0554446458816527, 2.0434162974357606, 2.039289808273315, 2.045997142791748, 2.0303987741470335, 2.0298481822013854, 2.0316844820976256, 2.02898280620575, 2.0367483735084533, 2.033399617671966, 2.030351710319519, 2.0298294305801394, 2.0293956279754637, 2.0296886205673217, 2.0302908658981322, 2.03532577753067, 2.02544127702713, 2.0317888021469117, 2.0209494471549987], "val_acc_l2": [25.200765670862516, 26.233184053380413, 26.824508804394295, 27.817377536964884, 28.691810996384174, 28.951038255296886, 29.36601552057199, 29.45841219599513, 30.021353335944127, 29.90636622371073, 30.262778899736446, 30.201311182031993, 30.549394949551218, 30.52992678664163, 30.555638522387596, 30.65224668540689, 31.383823872157663, 31.636044673798985, 31.41448586504137, 31.2402992837623, 31.441258114168743, 31.909436900249585, 31.92343997853717, 32.37411977948963, 32.300730187695656, 31.89510803042287, 32.328212742294674, 32.46882858563688, 32.8522588591807, 32.59165067206753, 32.4145999982362, 32.571532076019864, 33.009865233292714, 32.952643245326406, 32.9692887056567, 33.41571218461131, 32.95767155446847, 33.45178713259246, 33.2956639580351, 33.1089697894312, 33.270039499100555, 33.50082541308587, 33.07705179458417, 33.29389555070506, 33.480555022086286, 32.98510568920702, 33.44280478204685, 33.41662681669499, 33.27739219815582, 33.407592599981854], "test_loss_l1": 1.9936156868934631, "test_acc_l1": 35.145141647928604, "test_loss_l2": 2.029008054733276, "test_acc_l2": 33.929172720955876}