{"epoch_idx": 100, "model_save_file": "models/LSTM/128/ESEU_60-40/ESEU_60-40_3.pt", "best_joint_acc": 34.85224747655606, "best_joint_loss": 2.002606642246246, "best_epoch_idx_loss": 51, "best_epoch_idx_acc": 86, "run_time": "461s", "train_loss": [2.6580738876805157, 2.3270235513195843, 2.26578326658769, 2.225411518053573, 2.198934746511054, 2.178021851814153, 2.1608316284237494, 2.1466055133125983, 2.1327423670075136, 2.124015369198539, 2.112690020691264, 2.1053717678243453, 2.0966859676621152, 2.0891314483050145, 2.0834327033071802, 2.076455757473455, 2.069366023395999, 2.0632109127261433, 2.0571647611531354, 2.05188169172316, 2.046171010443656, 2.041661374496691, 2.034361317302243, 2.029567665222919, 2.0280261075857915, 2.0212730494412496, 2.0157268580162158, 2.014367938041687, 2.008686957937299, 2.005256897572315, 1.9992181460062661, 1.9971128882783828, 1.9933049362717248, 1.9883180947014778, 1.9851399524645368, 1.9801244076454279, 1.9776593040336263, 1.9735602149457643, 1.9702236643343258, 1.968503578142687, 1.9635981547110013, 1.9612867154858333, 1.9568228080417176, 1.9557113195910605, 1.9512163301308942, 1.9468338670152603, 1.9458714190757638, 1.942279169956843, 1.9395430602810606, 1.934735945679925, 1.931809228478056, 1.9309925527283638, 1.929819433075009, 1.9232700385830626, 1.9226469216924733, 1.9203253605149004, 1.9170337843172478, 1.9144525609233165, 1.9133014976978306, 1.9088765211177594, 1.9072268677480297, 1.9045162941470286, 1.90201478654688, 1.9019116777362248, 1.8982908039382007, 1.8949285655310657, 1.8932599894928213, 1.8882315095626945, 1.8899525638782617, 1.885946627819176, 1.885031800378453, 1.8829747573895885, 1.880483276013172, 1.8787850439548497, 1.8762462671959037, 1.872545184511127, 1.8698290080735176, 1.8726848824457694, 1.8683572050296902, 1.867261709588946, 1.8657930475292779, 1.8625863655046981, 1.8604506145824091, 1.859501531629851, 1.8588675305698863, 1.8573844170931615, 1.8532435189593914, 1.8534355642217584, 1.8512158050681595, 1.8480057833772725, 1.8477197343652898, 1.844755010171371, 1.8445574578010668, 1.841750182888725, 1.8420733186331655, 1.8383565337368937, 1.8387510622992655, 1.836555820522886, 1.8380658563339347, 1.8351715694774282], "train_acc": [21.588369494206493, 25.825986218079045, 26.91365519179085, 27.774957704629074, 28.35787520978855, 28.99945119059006, 29.376624600309015, 29.742103708548544, 30.122953761020923, 30.42506993005017, 30.616243486103414, 30.968193832568428, 31.214549666745846, 31.538921543120072, 31.579689915256463, 31.81292015199106, 32.14726040728569, 32.27416100783226, 32.40914126705716, 32.51142275339955, 32.71008399678323, 32.99904284189724, 33.220460070523785, 33.301564761241686, 33.38933928428253, 33.56539506773155, 33.78195549322877, 33.72495744772523, 34.020156519288825, 34.07442595350459, 34.36209829826795, 34.38161342118363, 34.31130933334735, 34.62791313133781, 34.64619450307696, 34.848312187987695, 34.89295445911699, 35.03527225621005, 35.16492893614622, 35.21927396565034, 35.495376359598865, 35.55990687077746, 35.60628166531281, 35.71960133036755, 35.870591111291795, 35.92315747526235, 36.006332166403574, 36.00113076815725, 36.12407283498512, 36.34899612701315, 36.49869544962332, 36.5877354332442, 36.56988758248557, 36.79887122553645, 36.681845355296254, 36.929332128420214, 36.91188043087364, 37.088650547594405, 37.14557892937239, 37.161714423112485, 37.17367536326716, 37.483863099997414, 37.46210800795627, 37.581500486172864, 37.511701882261654, 37.688156131452025, 37.80376953499955, 37.93696612193975, 37.72272957512393, 37.82916755741977, 37.93482367308909, 38.197711492632465, 38.09680483353933, 38.269400964958415, 38.331703223208855, 38.488430804094946, 38.392082352813844, 38.29784227473038, 38.652574304038545, 38.61717279679913, 38.73082718528976, 38.71697687878926, 38.82046602524552, 38.90605091528529, 38.90335515801424, 38.87437154087475, 38.991109755232195, 39.09411310067728, 39.201448627828526, 39.241573392801065, 39.223773962052086, 39.32368261195252, 39.35484728571463, 39.50020567576547, 39.46487493803899, 39.610224299119274, 39.60110133154685, 39.664953890116344, 39.57590012681521, 39.690811544269955], "val_loss_l1": [2.328170943260193, 2.22100088596344, 2.170699954032898, 2.1362258195877075, 2.1141734361648563, 2.09877667427063, 2.0816854715347293, 2.063737392425537, 2.06061909198761, 2.043003368377686, 2.0513004541397097, 2.045347607135773, 2.025868904590607, 2.030157721042633, 2.023652517795563, 2.020307445526123, 2.021372878551483, 2.010045516490936, 2.0057943582534787, 2.0014920234680176, 2.000275027751923, 2.00086373090744, 1.9919096112251282, 1.9842496633529663, 1.9885888934135438, 1.99268479347229, 1.9883012533187867, 1.984316384792328, 1.9791637778282167, 1.9854819774627686, 1.974873375892639, 1.977639305591583, 1.9742711544036864, 1.9709535598754884, 1.9804948687553405, 1.9678531646728514, 1.9730518460273743, 1.9665889263153076, 1.9697253346443175, 1.9737148880958557, 1.9730669736862183, 1.975234866142273, 1.9698294520378112, 1.9635538935661316, 1.9714921593666075, 1.9720082163810728, 1.9659810185432434, 1.9732775568962098, 1.9702320456504823, 1.9767462968826293, 1.9712328433990478, 1.975049638748169, 1.9741038560867308, 1.9704177141189576, 1.973879563808441, 1.969482350349426, 1.9710888743400572, 1.9778320431709289, 1.9731919527053834, 1.9720205783843994, 1.9687576055526732, 1.9778712153434752, 1.9753021836280822, 1.9742715835571292, 1.9756898641586302, 1.9758608698844908, 1.9731446504592896, 1.981024408340454, 1.978215479850769, 1.9789536476135254, 1.9771076321601868, 1.978387475013733, 1.9810224652290345, 1.9827016949653626, 1.9814730048179627, 1.9853657484054565, 1.9851463079452516, 1.9772160410881043, 1.9868630170822144, 1.9839554786682132, 1.9819522500038147, 1.9858658194541932, 1.981437063217163, 1.9817798137664793, 1.9823588013648987, 1.9882155537605284, 1.9891151547431944, 1.990739953517914, 1.9912823677062987, 1.9900075316429138, 1.98716641664505, 1.999035847187042, 1.9846491217613225, 1.9915107250213622, 1.9926208138465882, 1.9931939363479614, 1.9894304633140565, 1.9935814023017882, 1.9893474340438841, 1.999066996574402],