{"epoch_idx": 50, "model_save_file": "models/LSTM/128/ESEU_60-40/ESEU_60-40_6.pt", "best_joint_acc": 34.32722161932115, "best_joint_loss": 2.0030761063098907, "best_epoch_idx_loss": 48, "best_epoch_idx_acc": 48, "run_time": "220s", "train_loss": [2.645690713867997, 2.3346748279802734, 2.2727100000236975, 2.235927944833582, 2.2060915972247264, 2.185068197322615, 2.1675383755654996, 2.152314457026394, 2.140554364883538, 2.128585918383164, 2.120971137827094, 2.1118026646700785, 2.1033562295364603, 2.0964263135736645, 2.087346187143615, 2.081850971236374, 2.075572591839414, 2.0696911468650363, 2.062972145550178, 2.058695877140219, 2.054603841268654, 2.0469342939781434, 2.0411257716742424, 2.037494032671957, 2.0327753370458423, 2.028282911488504, 2.0231008656097202, 2.0177140506831095, 2.014870679739749, 2.0111144763050643, 2.006422551292362, 2.0028450028462847, 1.999369394598585, 1.9970739230965129, 1.9901438138701704, 1.9880037840568665, 1.983966156388774, 1.9796719171784134, 1.976762373339046, 1.9725536496350258, 1.9690919807462983, 1.9674686780481634, 1.9624738738392338, 1.9595662608291158, 1.9556200323682842, 1.9529643763195386, 1.952440238360202, 1.9473731906125038, 1.9470446353608915, 1.9425983167055876], "train_acc": [21.450720428913822, 25.655401305561846, 26.953103173160937, 27.670012820429463, 28.49627503754713, 28.835980931040258, 29.276066730882757, 29.713229504140163, 29.965455339332095, 30.258631103446543, 30.48780616498646, 30.825677800930745, 31.078881013951793, 31.20201698993189, 31.54982416981002, 31.640498171929597, 31.838221177681298, 31.939049167967404, 32.202931335312435, 32.2860062126017, 32.505945793989405, 32.68668207954541, 32.79310737707811, 33.1067540891446, 33.27508596725143, 33.30808872214173, 33.53244364408894, 33.608193711845274, 33.766198033100764, 33.94403529258805, 34.011750794881124, 34.17722243935418, 34.171015590143945, 34.47449318008707, 34.63323436105772, 34.56850544198747, 34.750266277132695, 34.82987473359424, 34.91381345500388, 35.209004316396154, 35.263666896741874, 35.2212640145998, 35.47978765710073, 35.68829019518471, 35.67160300085534, 35.84467469102739, 35.84051340423679, 36.01679200232506, 35.930123342280716, 36.11556644726868], "val_loss_l1": [2.343149185180664, 2.229791641235352, 2.178857374191284, 2.1439625024795532, 2.124365353584289, 2.102962374687195, 2.089176821708679, 2.077780342102051, 2.060152721405029, 2.0535956621170044, 2.058116030693054, 2.0410825967788697, 2.0381978511810304, 2.020436263084412, 2.0265480875968933, 2.0223225831985476, 2.0217602729797366, 2.0219394683837892, 2.013225042819977, 2.0082624912261964, 2.0075489282608032, 2.000139343738556, 1.9969813346862795, 1.9951018810272216, 1.9959589004516602, 1.985081923007965, 1.9904823899269106, 1.984730589389801, 1.9841996669769288, 1.9789609789848326, 1.9850343465805054, 1.9844064235687253, 1.9775362014770508, 1.9779619097709658, 1.9737999200820924, 1.971202313899994, 1.9799993872642518, 1.977467954158783, 1.9729503989219666, 1.9745948910713196, 1.9714614033699036, 1.9725229740142822, 1.9741446137428285, 1.9703777551651, 1.981152164936066, 1.9753578424453733, 1.9746678590774536, 1.9713027358055115, 1.9754305839538573, 1.97643221616745], "val_acc_l1": [26.509937041185292, 28.362380593088435, 29.887722004489554, 30.92572220310328, 31.00992953274426, 31.60214714374696, 32.06018619151001, 32.32996181766011, 32.65444343747257, 32.83206652346327, 32.83766225044737, 33.31985536518679, 33.124672556946884, 33.20524629790772, 33.5771524427128, 33.478260310374914, 33.654183498482524, 33.44411284001362, 34.02956208153233, 33.823399132218036, 33.84310175275642, 34.03952602328418, 33.92284055755296, 34.16637367229472, 34.1767865981921, 34.18761014719572, 34.031003080228096, 33.93127765225367, 34.072029791197956, 34.52508674308439, 34.32493681165622, 34.4335956645963, 34.50455875189682, 34.552892097217835, 34.69086576767823, 34.60338007109425, 34.632726671668955, 34.72077785228992, 34.80481973019218, 34.66733189278213, 34.766389616111276, 35.161259123239795, 34.863387072703766, 34.66432216991239, 34.989864734666504, 35.02564013609667, 34.876133969466636, 34.99945516262104, 35.020799232726546, 34.99871058698984], "val_loss_l2": [2.3808756828308106, 2.3014835119247437, 2.2514698982238768, 2.2256712436676027, 2.1935978889465333, 2.1795180082321166, 2.154180312156677, 2.1422232866287234, 2.1439333915710446, 2.136221313476563, 2.1122320890426636, 2.1132820367813108, 2.1069039583206175, 2.1198348283767707, 2.0897062540054323, 2.092344546318054, 2.0836551427841186, 2.071208167076111, 2.0720935583114617, 2.0728835344314573, 2.075422239303589, 2.076055312156677, 2.0683951616287235, 2.0592990159988402, 2.0538453340530394, 2.066181218624115, 2.058614444732666, 2.0584275960922236, 2.0514041543006902, 2.0571921348571776, 2.0439680099487303, 2.04257835149765, 2.048385190963745, 2.045816469192505, 2.052003026008606, 2.0519666194915773, 2.0359390020370483, 2.03469854593277, 2.036518049240112, 2.037478578090668, 2.0430889487266537, 2.040051579475403, 2.04217050075531, 2.0379206299781796, 2.029094135761261, 2.048025667667389, 2.0334306240081785, 2.03484947681427, 2.033380401134491, 2.035079765319824], "val_acc_l2": [24.8195605543483, 26.146200080606416, 27.207230427118546, 28.25995902144876, 28.460446446507866, 28.92352808060899, 29.258342309913765, 29.682252058266272, 29.773339147027222, 29.3729533415235, 30.325221011351754, 30.622165233644278, 30.576839553207606, 30.13427921601333, 31.09037179419922, 30.985490447334893, 31.5767884961122, 31.67489123051342, 31.62939831111494, 31.525969218110205, 31.423256756398395, 31.444410168740873, 31.7956973377882, 32.04927933543285, 32.261930487608964, 32.264909805663045, 32.125384324985774, 32.29082985945117, 32.383525983465944, 32.416908302147334, 32.55789671235877, 32.55015612690318, 32.58707419067786, 32.979219453119974, 32.81312216039634, 32.757186275834286, 33.012891899680994, 32.92863916475873, 33.148565808751506, 32.960472578436224, 32.990140993318015, 33.044237063400665, 32.87415946407282, 32.87756378058887, 32.97280623696267, 33.328979883192645, 33.25718891110856, 33.65498807602126, 33.53121143673311, 33.22181791169697], "test_loss_l1": 1.989414119720459, "test_acc_l1": 35.10210581578886, "test_loss_l2": 2.0268522143363956, "test_acc_l2": 33.860351808804964}