{"epoch_idx": 50, "model_save_file": "models/LSTM/128/ESEU_60-40/ESEU_60-40_9.pt", "best_joint_acc": 34.076006246705916, "best_joint_loss": 1.9980958461761473, "best_epoch_idx_loss": 50, "best_epoch_idx_acc": 50, "run_time": "220s", "train_loss": [2.6532583724368712, 2.3337631424268084, 2.2694948369806465, 2.231647421013225, 2.2047767855904317, 2.1821114547324907, 2.1668380155707854, 2.1520567193175815, 2.1401831038070456, 2.128223406546043, 2.1210266279451773, 2.1098326805866114, 2.1010369586222093, 2.095781301007127, 2.087137632297747, 2.0787997670245884, 2.071543656515352, 2.067974014715716, 2.06186898910638, 2.05489793510148, 2.0500270417242343, 2.0440729630715917, 2.039304982532154, 2.034226869994944, 2.0282087100274633, 2.027228914427034, 2.0200778101429795, 2.014816164970399, 2.0116709515903954, 2.0077562729517613, 2.0039427515232213, 1.9995534401951414, 1.9945960984085553, 1.991355170806249, 1.9867901919466082, 1.9857635832194136, 1.9804803232351937, 1.9759916076154427, 1.973402487509178, 1.9708957211537792, 1.964633009650491, 1.9624680181344354, 1.9596294200781617, 1.9558970946254153, 1.9529232156999183, 1.9503281206795666, 1.9454283831697519, 1.943818227811293, 1.940883174087062, 1.9375692714344377], "train_acc": [21.93530039724203, 25.73002510240111, 26.76288159819383, 27.68047606345946, 28.49096384833631, 28.94815383441021, 29.410448276609486, 29.5484504470756, 29.91789265686232, 30.259059012595678, 30.566188329245378, 30.71054624639104, 31.00867886774071, 31.25695742478789, 31.350924355379586, 31.682349892600104, 31.907704477931393, 31.977868574902313, 32.22450580186464, 32.39810433033733, 32.437658612759826, 32.56092668048881, 32.87609180683793, 33.10132099686325, 33.25469880461065, 33.24078793723862, 33.4564733644651, 33.67252470606856, 33.70842229796812, 33.88855467249919, 34.0711063682431, 34.095621506095746, 34.22385170309329, 34.31855306216502, 34.51283319810712, 34.618497510026955, 34.67313755351344, 34.87551981362697, 34.96851396463438, 35.08135969881639, 35.177043294821964, 35.440731075227866, 35.38673674072104, 35.5122053580212, 35.646084709876256, 35.72907348592512, 35.82401215971283, 36.00566549871091, 36.0439459857621, 36.1089525900613], "val_loss_l1": [2.3287318468093874, 2.222988414764404, 2.177215027809143, 2.1471157312393188, 2.1123979091644287, 2.0948246717453003, 2.0824636697769168, 2.065717053413391, 2.0551589846611025, 2.047214388847351, 2.0462596178054806, 2.027568531036377, 2.0274382829666138, 2.021057665348053, 2.017872166633606, 2.0191027879714967, 2.016832375526428, 2.0122852802276614, 2.0059540390968325, 2.005765378475189, 1.9963439345359801, 1.9973191499710083, 1.9897350907325744, 1.986569035053253, 1.9866836071014404, 1.9988873481750489, 1.9777430415153503, 1.9894891262054444, 1.9814857482910155, 1.9800816178321838, 1.980903685092926, 1.9852049708366393, 1.9743359923362733, 1.9763831734657287, 1.9725402355194093, 1.9803639292716981, 1.9715413331985474, 1.9702799320220947, 1.971355664730072, 1.970125138759613, 1.9712599754333497, 1.9714679479598998, 1.9766402602195736, 1.9672728896141054, 1.9711789608001709, 1.9729093790054322, 1.974065673351288, 1.9742648243904115, 1.9694671988487242, 1.9747700929641723], "val_acc_l1": [26.528399199132778, 28.805937614600996, 29.797046438839153, 30.73152380164369, 31.31527539342423, 32.027262322858235, 32.29836909361064, 32.540499909469496, 32.88760017126333, 32.87478877694051, 32.92481973733528, 33.33405660292039, 33.32565736645661, 33.73135733802849, 33.17536983576561, 33.6208852013442, 33.62387766271382, 33.77167724349175, 33.55159029306127, 33.54559133869165, 33.867169194466264, 33.77264914433802, 33.941191794228644, 34.172477459220445, 34.17310217171479, 33.978727214489766, 34.22213178463863, 34.19188677052001, 34.205569991738805, 34.693043071755426, 34.42600491026724, 34.568192108371896, 34.677405698391006, 34.440973655263896, 34.72584629384304, 34.73044617691114, 34.91744907433414, 34.86307316989405, 34.835185683346154, 34.70990625591509, 34.59743310475387, 34.62413119607072, 34.42476798720141, 34.764526355351244, 34.80787044100509, 34.724077578366575, 34.615387387754986, 34.50317156179755, 34.81865643347283, 34.88519307644627], "val_loss_l2": [2.4011286735534667, 2.3059952020645142, 2.2431942939758303, 2.209176111221313, 2.194502282142639, 2.178885984420776, 2.1591574430465696, 2.151991558074951, 2.143845510482788, 2.1354779243469237, 2.1120315313339235, 2.122972011566162, 2.1071173906326295, 2.105820536613464, 2.0989032030105594, 2.082833409309387, 2.0756816625595094, 2.0735882282257077, 2.0725099086761474, 2.0653633832931515, 2.0737398386001584, 2.0626667022705076, 2.0632760286331178, 2.0634451627731325, 2.0554829120635993, 2.0404594182968143, 2.0590542793273925, 2.041026043891906, 2.04762943983078, 2.04844319820404, 2.0438913106918335, 2.0347970962524413, 2.04235360622406, 2.0344439268112184, 2.0373707294464114, 2.0295315384864807, 2.040419864654541, 2.0337736010551453, 2.0440170526504517, 2.0442083835601808, 2.0309774756431582, 2.032411623001099, 2.0230908393859863, 2.0374722719192504, 2.029560351371765, 2.0263316512107847, 2.029076945781708, 2.0280572175979614, 2.033986818790436, 2.0214215993881224], "val_acc_l2": [25.32051679968151, 26.50029721599139, 27.22527564638236, 28.28472631431636, 28.509656899739923, 29.091087703561985, 29.46872103905061, 29.764598539365554, 29.768076626093837, 29.86079324017886, 30.69833580119847, 30.365891420713275, 30.430753610331376, 30.56726117183671, 30.92444246109145, 31.57278742333771, 31.447597077332297, 31.50117402230432, 31.4517634939245, 31.982094046855888, 31.230610987213304, 31.745537112454315, 31.534453624948096, 31.94335177454799, 32.07370811652802, 32.308817299161475, 32.140963705859, 32.27484581305956, 32.18364572979513, 32.34637778862944, 32.28162707288263, 32.91724348167588, 32.604526004296424, 32.77614119493841, 32.86032414096585, 32.63390935285528, 32.81226476396718, 32.54905503894421, 32.82644121387267, 32.777990181379124, 33.22064651173162, 32.96152880727927, 33.2485876700463, 33.004905396703705, 33.039579634598624, 33.09368950237382, 33.02989209219891, 33.381063478045796, 32.88822674896295, 33.26681941696556], "test_loss_l1": 1.9972887277603149, "test_acc_l1": 34.56456822427553, "test_loss_l2": 2.0184112787246704, "test_acc_l2": 34.302381491052145}