{"epoch_idx": 50, "model_save_file": "models/LSTM/128/ESEU_60-40/ESEU_60-40_3.pt", "best_joint_acc": 34.13002747433593, "best_joint_loss": 2.003055417537689, "best_epoch_idx_loss": 48, "best_epoch_idx_acc": 50, "run_time": "219s", "train_loss": [2.6385377464872417, 2.332036244146752, 2.272247596220537, 2.230317467992956, 2.2044350035262834, 2.182367292317477, 2.1676046125816577, 2.1516866882642103, 2.1402690266117923, 2.1291588924147864, 2.1176688093127622, 2.1082097761558773, 2.1017528356927806, 2.0914763736002384, 2.084380568880023, 2.0791868188164453, 2.0734096512650004, 2.0666786495483285, 2.0597337204398523, 2.0574688468918656, 2.0498701045007417, 2.0453159854267575, 2.038158717480572, 2.032991448135086, 2.029140068726105, 2.0251933706529197, 2.0184584458669024, 2.0161220964157227, 2.0094221315600658, 2.0066069012338468, 2.0023746625943613, 1.9981422135324187, 1.9951004918777586, 1.9895182531891449, 1.9867807617693238, 1.9821057816346488, 1.980461128733375, 1.9757072320490172, 1.970682014118541, 1.9704746414314616, 1.9651954670747114, 1.9636172263911276, 1.9587137437228004, 1.956777758670576, 1.9533597131570182, 1.9475778386448361, 1.9445346900911038, 1.9435809435266431, 1.9394897204456911, 1.9372579184445475], "train_acc": [21.032302312303138, 25.68219375124351, 26.755556604686813, 27.655657456626873, 28.241542594272055, 28.79022924217755, 29.227037461047924, 29.652193729367944, 29.924359716029088, 30.28982686081381, 30.632608341672377, 30.745256013645193, 30.865557875623857, 31.28117831222866, 31.474125217749474, 31.656078657589326, 31.82759978202705, 31.930564447623297, 32.21188628435516, 32.33740972108154, 32.53101479893872, 32.72640113441082, 32.86963498943956, 33.07940952463718, 33.062743375081176, 33.29639169166745, 33.598289975799844, 33.57314122274304, 33.86444645331316, 34.00639175100956, 34.08684679698877, 34.13996188231771, 34.344670160782805, 34.48025054249986, 34.606806113322264, 34.70588926129023, 34.81067779729489, 35.10419532146549, 35.07180236939246, 35.10050263113659, 35.3065905424959, 35.34041644102321, 35.52404763480568, 35.624159454147616, 35.70573301795706, 35.849828345953284, 35.93976252938284, 36.00449225003593, 36.23882031338821, 36.2470728931781], "val_loss_l1": [2.3273885011672975, 2.233116555213928, 2.180858182907105, 2.1492424249649047, 2.116223192214966, 2.1000091314315794, 2.08983473777771, 2.071708607673645, 2.072221398353577, 2.049764394760132, 2.0421810269355776, 2.0350135087966916, 2.034503388404846, 2.0271902918815616, 2.0316274166107178, 2.0182187795639037, 2.009380805492401, 2.008637344837189, 2.0134434700012207, 2.012387788295746, 2.0054100513458253, 2.0120561838150026, 2.00171766281128, 2.003668403625488, 1.994814383983612, 1.9925689697265625, 1.995165979862213, 1.9884869694709777, 1.988857400417328, 1.9880257010459899, 1.9849018812179564, 1.9870318293571474, 1.988517653942108, 1.9868407249450686, 1.9836941361427307, 1.9813049077987672, 1.980650794506073, 1.9853989362716675, 1.9821165561676026, 1.9747027993202209, 1.980617892742157, 1.975915515422821, 1.9801860213279725, 1.970513653755188, 1.9726055383682253, 1.9728331208229064, 1.97503377199173, 1.9805863380432127, 1.9715044379234312, 1.9759528160095214], "val_acc_l1": [26.63387202513784, 28.152401702989664, 29.58140158283433, 30.67894799696726, 31.307626592541546, 32.058844897564484, 31.85114338369393, 32.45532878926228, 32.3180515285217, 32.89066305207949, 33.11135277787436, 32.99444582487385, 33.100101398543636, 33.22730196242622, 32.914820674015964, 33.36780589877138, 33.76982956565594, 33.60985057891617, 33.634797833280615, 33.727645586923735, 34.02108251460946, 33.701264701648924, 33.84462460943752, 33.690393746015964, 34.02943110223557, 33.94926006630214, 34.09591821986656, 34.06779694373552, 34.0128718370314, 33.85687944318454, 33.925398917850146, 33.99471454225285, 34.046120181481264, 33.926691527732565, 34.17471308099884, 34.24272108503887, 34.27287105738337, 34.31582006983065, 34.425061884094845, 34.40240151635406, 34.51599805049032, 34.481582603165315, 34.846868507541295, 34.47161251067294, 34.714607827339975, 34.64501703159051, 34.56404895450116, 34.44387523694817, 34.79070000408235, 34.50878553343913], "val_loss_l2": [2.3704203367233276, 2.298414421081543, 2.248298740386963, 2.2110670804977417, 2.196939849853516, 2.1747454404830933, 2.160000133514404, 2.157009053230286, 2.133787775039673, 2.13884756565094, 2.132697248458862, 2.121222972869873, 2.108539843559265, 2.1062499761581424, 2.089222407341003, 2.0933196783065795, 2.0994388341903685, 2.0890877008438107, 2.0761707305908206, 2.073201584815979, 2.071575689315796, 2.0581941366195675, 2.0714444875717164, 2.0584359407424926, 2.057772159576416, 2.055293250083923, 2.04940150976181, 2.052368831634521, 2.0506906628608705, 2.051125502586365, 2.0459492683410643, 2.0401005268096926, 2.040013647079468, 2.0403925657272333, 2.045596647262573, 2.0363724946975705, 2.035665714740753, 2.0290399670600894, 2.0392086505889893, 2.0479437112808228, 2.037100851535797, 2.0376567482948307, 2.029879784584045, 2.0357832312583923, 2.04258496761322, 2.04433001279831, 2.0379271984100344, 2.0255244970321655, 2.046542429924011, 2.037764775753021], "val_acc_l2": [25.59115462849024, 25.964373102449926, 26.9465838412643, 27.93014552300408, 28.230790344051783, 28.920263463204634, 29.03323572692663, 29.508486630473538, 29.728306527009746, 29.371023207607976, 29.707445350132463, 30.365267139787928, 30.490294712339875, 30.60393538042133, 30.994236906682588, 31.079896345877877, 31.024050659878707, 31.139999260370736, 31.362463687766, 31.45568347788977, 31.642226685533032, 32.152123439477315, 31.75300026032914, 32.14375469060737, 31.905995206801002, 32.1746408194348, 32.17321383970396, 32.23108564547747, 32.30921922352289, 32.47328255104983, 32.59802860528317, 32.99650846810033, 33.15740519949874, 32.776203955380424, 32.82045783752976, 33.125903421890456, 33.42413796500516, 33.44408919536064, 33.3509331158788, 33.304149419896596, 33.67063403072455, 33.623362226876395, 33.36511293209589, 33.71761337822081, 33.30645816628559, 33.10140568319693, 33.41871292287449, 33.73646551882687, 33.14157828556623, 33.75126941523273], "test_loss_l1": 1.9866819500923156, "test_acc_l1": 35.00208366933871, "test_loss_l2": 2.0296402454376223, "test_acc_l2": 33.600811975281104}