{"epoch_idx": 100, "model_save_file": "models/LSTM/128/ESEU_60-40/ESEU_60-40_1.pt", "best_joint_acc": 34.8583453437175, "best_joint_loss": 1.9991633534431457, "best_epoch_idx_loss": 44, "best_epoch_idx_acc": 73, "run_time": "443s", "train_loss": [2.646484712759653, 2.33987096042344, 2.2756943702697763, 2.236390794768479, 2.2115675608317047, 2.189767501570962, 2.1706903323982703, 2.15645377924948, 2.1438844041390848, 2.132843257802906, 2.123207000168888, 2.11272246729244, 2.1029352112249917, 2.093671128605351, 2.087513750249689, 2.080287619070573, 2.073888685667154, 2.067597804647504, 2.0601390925320717, 2.0553718380855783, 2.0494968403469453, 2.046356694264846, 2.039596369772245, 2.0343913571401075, 2.0303796439459845, 2.0257499317328134, 2.0207542533224285, 2.015020529429117, 2.0121272025686316, 2.005306337818955, 2.0012432174249124, 1.9963667410792731, 1.994436689398505, 1.9880912827722952, 1.983486636118455, 1.9820714990297952, 1.9821099792466015, 1.976434363560244, 1.973320090409481, 1.9689266401709935, 1.9676552920630483, 1.9608515374588245, 1.959116405609882, 1.9556800253463513, 1.9522535593220682, 1.9488259129451981, 1.9469452671932452, 1.9417276481787367, 1.9396277882836084, 1.9366790841926227, 1.9342378522410533, 1.9306745050531446, 1.9272705397822645, 1.9250959555308023, 1.9229575955506524, 1.9191882601290033, 1.9161610061472107, 1.9169306240298531, 1.9118238082437804, 1.9085298279921208, 1.906753819097173, 1.9042159057024755, 1.9041765792803333, 1.9009572520400546, 1.8985081920118039, 1.893885513146719, 1.8928634298570226, 1.890001791896242, 1.8879840726202175, 1.8858116883220088, 1.8821097513039904, 1.8824392015283755, 1.8783987336086507, 1.8775962853070456, 1.873422275890004, 1.8725794924027996, 1.868989821636315, 1.870243189009753, 1.8664805464672327, 1.8663944303989415, 1.861848595467481, 1.8630256598645993, 1.860539098580679, 1.8569878980968935, 1.8570217083800915, 1.8550939234820278, 1.852994626218622, 1.850462980342634, 1.8508846470803926, 1.8491399315270511, 1.8466898627353436, 1.845370704477484, 1.8436043768218071, 1.8433130600235683, 1.8423564334710438, 1.8365890230193282, 1.8373253508047624, 1.8349416797811322, 1.8333904788349615, 1.8328168663111597], "train_acc": [21.44255868949314, 25.64479951546121, 26.735020148402587, 27.626012902923666, 28.256574163768807, 28.72450881858368, 29.26042386880688, 29.51985500232552, 29.868345464803525, 30.16890118735883, 30.59372951036455, 30.784628276681126, 30.96111012373209, 31.365770930337895, 31.403229352744315, 31.76003502010197, 31.79050865402604, 32.00425122923675, 32.4779821577038, 32.51998517293268, 32.64848795184259, 32.72681189202264, 32.962291983772154, 33.02787891650812, 33.2721745138385, 33.434542626842266, 33.57833095300566, 33.75644254186406, 33.81340542909678, 34.12870691981036, 34.16705847342273, 34.321592359380034, 34.48766008574321, 34.67225642268475, 34.80525930360499, 34.67928067956823, 34.69107272311177, 34.93787784043384, 35.096886754361265, 35.360530330850985, 35.302242813000404, 35.48343262522882, 35.57570471513093, 35.55715383947013, 35.66175875453115, 36.04104065370235, 36.01388998137676, 36.211339524563726, 36.2169366113759, 36.362764619864514, 36.4005440411034, 36.49839830078174, 36.670894988808804, 36.81025664473654, 36.843270822791865, 36.71515228316096, 37.12708159425434, 36.91683147742529, 37.080257252050096, 37.17638284887232, 37.429323198656235, 37.42543506914743, 37.34155997633835, 37.59930104011298, 37.6666205699459, 37.74922861728997, 37.78509455019184, 37.9338817444837, 37.9451314016828, 38.02990834858132, 38.02676755762096, 38.19748049736078, 38.36072702548715, 38.25582147849488, 38.48557027760389, 38.418143899731874, 38.482824527205686, 38.53602193107167, 38.612678222468354, 38.83312736483179, 38.827996239790814, 38.73449419342476, 38.803305874435225, 39.01970167431769, 39.042416462184875, 39.02735086718974, 39.14216630244057, 39.219071413937044, 39.18255292564967, 39.36708912703741, 39.37070475224353, 39.264163722220246, 39.49540800882122, 39.5267976823171, 39.37392571545327, 39.69039688628959, 39.58019901128929, 39.652068554562995, 39.84226016582785, 39.756226559602624], "val_loss_l1": [2.332319903373718, 2.2324692726135247, 2.180385327339172, 2.147157597541809, 2.130325245857239, 2.1109897851943966, 2.096641206741333, 2.0744095802307125, 2.0661160707473756, 2.0563986539840697, 2.0577882528305054, 2.042972445487976, 2.0371909141540527, 2.0407989501953123, 2.031259763240814, 2.023986029624939, 2.0125161886215213, 2.014674055576325, 2.0118785738945006, 2.0019241452217105, 1.9997625708580018, 1.998188543319702, 1.9932153224945068, 1.9904989361763001, 1.9963693141937255, 1.9862200736999511, 1.9891344428062439, 1.980155622959137, 1.9840750455856324, 1.989506983757019, 1.9787365674972532, 1.9796754360198976, 1.9698379635810854, 1.9843087553977967, 1.9758034586906434, 1.9715596556663515, 1.9694677233695983, 1.9685894012451173, 1.9728548645973205, 1.9720041990280153, 1.9737202048301696, 1.9686357855796814, 1.9651078462600708, 1.9766911387443542, 1.9747002005577088, 1.968451941013336, 1.9717286944389343, 1.9735808730125426, 1.9725247740745544, 1.9725178718566894, 1.9656033515930176, 1.9712326526641846, 1.9716867089271546, 1.9724855184555055, 1.9662533879280093, 1.969889760017395, 1.9746346950531006, 1.9720715999603273, 1.97188800573349, 1.9762221813201903, 1.9734068274497987, 1.9785738348960877, 1.9703441381454467, 1.973485803604126, 1.9710062265396118, 1.9755219340324401, 1.9838693618774415, 1.9801787495613095, 1.9794328570365904, 1.9814677596092225, 1.978991436958313, 1.9822689890861511, 1.9831323742866516, 1.9815481781959534, 1.9783674597740173, 1.982628273963928, 1.9825391054153445, 1.9881902217864993, 1.9879900097846985, 1.9882695913314818, 1.9896896243095397, 1.9911695957183837, 1.9934514999389648, 1.9944576025009155, 1.9938943028450014, 1.9878482580184935, 1.991558885574341, 1.9973366498947145, 1.9962579488754273, 2.0010346174240112, 2.0023097872734072, 1.9904265403747559, 2.005961298942566, 2.0055509924888613, 1.999740433692932, 1.998580288887024, 1.9988078594207765, 2.0049261569976804, 2.0042902469635013, 2.0128580689430233],