{"epoch_idx": 50, "model_save_file": "models/LSTM/128/ESEU_60-40/ESEU_60-40_8.pt", "best_joint_acc": 34.201357385273525, "best_joint_loss": 2.005547469854355, "best_epoch_idx_loss": 50, "best_epoch_idx_acc": 50, "run_time": "217s", "train_loss": [2.650215011654479, 2.334969428452578, 2.274793214870223, 2.234173301494484, 2.207059421322562, 2.184289863615325, 2.1667438817746714, 2.153358202992065, 2.1415568048303784, 2.1298868674220466, 2.117570344245795, 2.1117681969295856, 2.1026487657518103, 2.0954190041079666, 2.0878915497750943, 2.0820860122189377, 2.0747908245433457, 2.069464632959077, 2.064261815764688, 2.0572015769553906, 2.053593701485432, 2.045963952938715, 2.042827188968659, 2.0394821528232447, 2.032894602327636, 2.027812067306403, 2.024499354037373, 2.0183626693306542, 2.0154650680946573, 2.0105098504008683, 2.005770200129712, 2.001180348974285, 1.9967670241991677, 1.9936511751377222, 1.9909378217928337, 1.9871663108016504, 1.9839192114093087, 1.9796844007390917, 1.9760090988693824, 1.9721702544978166, 1.970479693376657, 1.9649457010355869, 1.9617749479683964, 1.9602851723179675, 1.9554484748479093, 1.95350001075051, 1.9517230635339557, 1.947627288825584, 1.9460525864904579, 1.9410046953143498], "train_acc": [21.37115375350565, 25.78093055702599, 26.710969535318057, 27.688459674871243, 28.335371569595438, 28.76753855672381, 29.299667536147595, 29.591921417166844, 29.916356393649767, 30.273833699878992, 30.58814868993569, 30.916016762810415, 31.060206569514094, 31.2897766317176, 31.45938110836059, 31.783595350514553, 31.943427471893052, 32.15762915560118, 32.203885840664995, 32.38328954446354, 32.5186409322156, 32.7239422380254, 32.81560880014931, 33.048963835684134, 33.22667794774753, 33.44187591700661, 33.40102649578633, 33.56630164625155, 33.83834813837009, 33.908259572283505, 34.03973994758395, 34.05436150054439, 34.31735645123691, 34.37916225846188, 34.4335178783083, 34.448512398733534, 34.92762927911457, 34.98860615334334, 35.0046099730005, 35.07472672247813, 35.13357153213651, 35.363383296885196, 35.49989131787074, 35.52677687766715, 35.639775994555556, 35.67934199277953, 35.88635466560479, 35.87978460688109, 35.91096785992783, 36.128893856199724], "val_loss_l1": [2.3269849061965946, 2.230356621742249, 2.178451895713806, 2.144152402877808, 2.118576169013977, 2.1065687417984007, 2.0874500274658203, 2.0752276659011843, 2.06419358253479, 2.056596112251282, 2.0604093074798584, 2.0449717760086057, 2.0385637998580926, 2.0242910742759705, 2.026437819004059, 2.0117734909057616, 2.0134547352790833, 2.01522718667984, 2.0047438502311707, 2.0023049712181087, 2.0148230671882628, 2.0047608613967896, 2.0006080269813538, 1.9960988759994507, 1.9910771012306214, 1.9908467650413513, 1.9923837184906004, 1.983596706390381, 1.9883456826210022, 1.9837576866149902, 1.9825019478797912, 1.9817033410072327, 1.9820446252822874, 1.983623456954956, 1.977229642868042, 1.9872251033782962, 1.9826533794403076, 1.978038775920868, 1.9840734601020813, 1.9760197043418883, 1.9769409656524657, 1.9817752599716187, 1.9728556632995606, 1.9750741243362426, 1.9797890901565551, 1.9790894389152527, 1.9777376890182494, 1.9782684445381165, 1.980173146724701, 1.9697396636009217], "val_acc_l1": [27.2626377134074, 28.629449238130974, 29.960807971394612, 30.603323028541617, 31.3938105768477, 31.969265967071706, 32.2348598743275, 32.486049633870266, 32.836148577771745, 32.81080030824444, 32.997859725558975, 33.29461481868935, 33.25348735050939, 33.45421715131532, 33.77946523457282, 33.95404969006973, 33.85239937563091, 34.11070703406741, 34.039983558454324, 34.07109322312228, 33.97880810914893, 34.10369582171097, 34.35013133189237, 34.31842411226344, 34.43573107009256, 34.54561437863809, 34.61184160388221, 34.358641157362825, 34.31678147619669, 34.4053265018085, 34.643395387946626, 34.54043265408726, 34.792346269552965, 34.542469082514906, 34.93562995905827, 34.55202101468562, 34.4264736743575, 34.88354938336652, 34.59790403665043, 34.99722352964946, 34.746540076100956, 34.73520299543783, 35.00941083796701, 34.90280570587903, 34.88768403581383, 34.82261122306965, 34.882712810297534, 34.86918036083904, 34.926519600445246, 35.025250807903056], "val_loss_l2": [2.4010257482528687, 2.3072160720825194, 2.267930793762207, 2.226491975784302, 2.2048969745635985, 2.1802730560302734, 2.1648279190063473, 2.1562067270278935, 2.1535178184509274, 2.134711480140686, 2.1172795057296754, 2.113995623588562, 2.1115579843521117, 2.1210123062133786, 2.1017280340194704, 2.1160026073455813, 2.094545316696167, 2.0819420337677, 2.0938601970672606, 2.083950233459473, 2.0618864536285404, 2.0684793472290037, 2.0666919708251954, 2.0722237348556516, 2.0746714830398556, 2.0659985065460207, 2.059117901325226, 2.0681085348129273, 2.0547927141189573, 2.0550413370132445, 2.0536543607711786, 2.0531792640686035, 2.054060125350952, 2.0451088666915895, 2.0545481681823734, 2.0471815824508672, 2.047110152244567, 2.0491776943206785, 2.04341551065445, 2.0508623838424684, 2.0489362716674804, 2.0416074991226196, 2.0473436117172237, 2.0456349134445193, 2.039578115940094, 2.0408334970474242, 2.039441001415253, 2.0367700576782224, 2.0364224314689636, 2.041355276107788], "val_acc_l2": [25.55695205118619, 26.039099979803588, 26.784617076704155, 27.663219303767235, 28.390593365027456, 28.67193617523037, 29.274284841638607, 29.400487569383024, 29.428193429642278, 29.98086384815337, 30.146231119869427, 30.565251019483735, 30.338530383617325, 30.41027717078948, 30.818891828297602, 30.514628268350066, 31.18842663567851, 31.558792029282106, 31.232418293332195, 31.4395719953492, 31.566807005300785, 31.81580465014224, 31.647402787042694, 31.639309115345544, 32.0140701227236, 32.17090769021714, 32.09738515842247, 32.22343480168692, 31.98872688767254, 32.319228448159976, 32.35309471895086, 32.454481078733416, 32.35518028555678, 32.61819066665137, 32.23590346943548, 32.59195810023514, 32.485458841123325, 32.448401946425506, 32.821998315311504, 32.86819536640119, 32.85762865955026, 32.84470458687871, 32.93413446605826, 32.70293367800558, 33.210787970685054, 33.12248817437141, 33.26051079306025, 32.984540882426955, 33.46951632877038, 33.37746396264399], "test_loss_l1": 1.9848944902420045, "test_acc_l1": 34.62387390609275, "test_loss_l2": 2.0321308970451355, "test_acc_l2": 33.47348219364712}