{"epoch_idx": 50, "model_save_file": "architectures/ESEN_100-00_64/ESEN_100-00_64_0.pt", "best_joint_acc": 0, "best_joint_loss": 1000000000.0, "best_epoch_idx_loss": 0, "best_epoch_idx_acc": 0, "run_time": "211s", "train_loss": [2.7094425306175705, 2.3080911383484346, 2.2247198892362174, 2.1813239581657187, 2.1542603626395715, 2.1319629712538286, 2.1166697000012276, 2.10498923966379, 2.0935964223110317, 2.0828661927671144, 2.0761705176396803, 2.0682041374119846, 2.0613960425058995, 2.0554200401811884, 2.0497962633768725, 2.043593672188845, 2.0380829690080686, 2.035144367904373, 2.0306671162446346, 2.027876471931284, 2.0218832149650106, 2.0185047478386853, 2.015369483918855, 2.01479987393726, 2.0091364943619934, 2.006730657635314, 2.005428931929847, 2.0023964119679993, 2.0016981607133686, 1.9965067939324803, 1.9951185132517966, 1.9921690993236774, 1.9910629761941503, 1.9886855871388411, 1.9859074661225986, 1.9841428317806937, 1.9821127192540606, 1.9796155474402688, 1.9789814876787584, 1.976171147642713, 1.9734218969489594, 1.9738836803219542, 1.9717844417600918, 1.969093667738366, 1.9675814789352994, 1.966161325122371, 1.96477483438723, 1.9635240254980149, 1.960622378370978, 1.9614338802568836], "train_acc": [19.979792970524958, 25.904058756799458, 27.438165364235207, 28.49937868382662, 29.000472965057593, 29.53430179068469, 29.92199620608073, 30.20576452868133, 30.51277191471936, 30.83878109068269, 31.07460166482718, 31.233610317606807, 31.665001311724193, 31.891731063099968, 31.88632770798114, 32.16407919114431, 32.2084570357456, 32.419564271505095, 32.50587471055169, 32.56672485330165, 32.81737757120449, 32.897297830041744, 33.06051146814408, 32.95683866428552, 33.089598577603766, 33.23361038149885, 33.321235673960096, 33.33130111512748, 33.5366725604169, 33.642933828129244, 33.59949022367404, 33.62528845560027, 33.58370353771492, 33.73189390477569, 33.85609633915377, 34.00279417231826, 33.829167165646524, 34.076275733282664, 34.0645852891533, 34.01892204755548, 34.241224476896946, 34.23803558402017, 34.23846068203219, 34.296276359962015, 34.3830646267161, 34.39538232784465, 34.559170011672535, 34.33099312890453, 34.60432103497567, 34.60644867403064], "val_loss_l1": [2.3437521934509276, 2.197785973548889, 2.1407310485839846, 2.1041530847549437, 2.0796085596084595, 2.0626708269119263, 2.0488743782043457, 2.0381756544113157, 2.028845572471619, 2.0189868330955503, 2.0147682547569277, 2.008305239677429, 2.0028693675994873, 1.9952827811241152, 1.9933550119400025, 1.989011561870575, 1.982348585128784, 1.980282962322235, 1.9770350933074952, 1.972925639152527, 1.9686715602874758, 1.9661211848258973, 1.9645446419715882, 1.9607912063598631, 1.960672962665558, 1.957992148399353, 1.9548524379730223, 1.9546429514884949, 1.9504719734191895, 1.9495596528053283, 1.9473478674888611, 1.9463050723075868, 1.9426711440086366, 1.942497444152832, 1.939664626121521, 1.9380946040153502, 1.9361108779907228, 1.9369723200798035, 1.9353065013885498, 1.9342758297920226, 1.9315290212631224, 1.930282723903656, 1.929700517654419, 1.927828323841095, 1.9283701539039613, 1.9255112409591677, 1.9255547642707824, 1.9240370750427245, 1.9240149974822998, 1.923475432395935], "val_acc_l1": [26.37709677740244, 28.94647240726152, 30.113076013651714, 30.940608867926176, 31.752302122924554, 32.12860644370996, 32.17797695122922, 32.65045751005747, 32.52760084937969, 32.9837414291832, 33.21043768649369, 33.29762663359652, 33.24282661514354, 33.39086692100729, 33.45438097424345, 33.57604453854978, 33.81237294806325, 33.978401330874284, 34.04191794156131, 34.26665415296627, 34.28446207110286, 34.48700804183984, 34.38274529532247, 34.59890462871171, 34.51974183971595, 34.55899713832403, 34.596001219281845, 34.79138394694664, 34.953504537738056, 34.74136446668825, 34.79777510045774, 34.994242970707774, 35.11269857436063, 35.176922140169346, 34.88469071265225, 35.01657072909657, 35.032728650133606, 35.21221076606171, 35.12795941549664, 35.144225999848096, 35.44188903285165, 35.33251707991818, 35.37319311772994, 35.212655500591794, 35.317727057935116, 35.13217507357734, 35.29844680082135, 35.312095918260376, 35.18666830046014, 35.07525672034484], "val_loss_l2": [0, 0, 0, 0, 0, 0, 0, 0, 0, 0, 0, 0, 0, 0, 0, 0, 0, 0, 0, 0, 0, 0, 0, 0, 0, 0, 0, 0, 0, 0, 0, 0, 0, 0, 0, 0, 0, 0, 0, 0, 0, 0, 0, 0, 0, 0, 0, 0, 0, 0], "val_acc_l2": [0, 0, 0, 0, 0, 0, 0, 0, 0, 0, 0, 0, 0, 0, 0, 0, 0, 0, 0, 0, 0, 0, 0, 0, 0, 0, 0, 0, 0, 0, 0, 0, 0, 0, 0, 0, 0, 0, 0, 0, 0, 0, 0, 0, 0, 0, 0, 0, 0, 0], "test_loss_l1": 1.9351356625556946, "test_acc_l1": 35.606158954006006, "test_loss_l2": 0, "test_acc_l2": 0}