{"epoch_idx": 50, "model_save_file": "architectures/ESEN_100-00_64/ESEN_100-00_64_1.pt", "best_joint_acc": 0, "best_joint_loss": 1000000000.0, "best_epoch_idx_loss": 0, "best_epoch_idx_acc": 0, "run_time": "209s", "train_loss": [2.7296697497367863, 2.2936081687609353, 2.2120782949707722, 2.1749729712804156, 2.150083115606596, 2.1308491320321035, 2.114192377437246, 2.1003368785887053, 2.0919709187565436, 2.0810948231003494, 2.0731275478998827, 2.0672933513467946, 2.06029469497276, 2.053384720376045, 2.0483418224435863, 2.044100338762457, 2.0394810528466203, 2.0351321805607174, 2.0321148832639064, 2.0250699176932834, 2.0235280800949447, 2.021084395321934, 2.0178368353482443, 2.0148271837017755, 2.010292268160616, 2.0079982352979266, 2.005491880756436, 2.004058149727908, 2.0016721234177095, 1.9984101761471151, 1.996860391262806, 1.9944618452679026, 1.9910502903389211, 1.9902080270377063, 1.9880465151685662, 1.9859245789773534, 1.9825908144315083, 1.9830344617366793, 1.981132487456004, 1.9798252907666298, 1.9761159347765367, 1.976342695228981, 1.9754503884098749, 1.9708958376537662, 1.9697927281712047, 1.9678680210402517, 1.967485438693654, 1.9668381467010043, 1.9651753703753156, 1.9634865973934985], "train_acc": [19.739965519250113, 26.220255881696662, 27.800374038650542, 28.541106260457646, 29.158971234492082, 29.75601934250031, 30.189197456352296, 30.52979124734359, 30.774643940726143, 31.107386852582042, 31.198691547303802, 31.427398653736823, 31.615789265123592, 31.815345370224495, 32.07350542909905, 31.97994045173749, 32.12797738914111, 32.28261694509191, 32.41554617180449, 32.76052074985249, 32.73735195616183, 32.75162894625137, 32.82106412059487, 32.957323619989644, 32.9464059149167, 32.972017425923326, 33.198165579958435, 33.211392354707954, 33.27394586445596, 33.43543614633811, 33.55025952428714, 33.31039408997652, 33.6796768211358, 33.53338796091664, 33.687447420122076, 33.74594270849641, 33.90245890519191, 33.72197608337673, 33.94011264815249, 33.955674153963024, 33.96311147245081, 34.139754062747386, 34.11420666432436, 34.305533985234234, 34.205072220884475, 34.12743718596547, 34.470917518437886, 34.26951562005252, 34.21869352618158, 34.47420502574371], "val_loss_l1": [2.321563625335693, 2.1860289096832277, 2.125956678390503, 2.0956840276718136, 2.0751369953155514, 2.0576567411422726, 2.0469285964965818, 2.0347242116928097, 2.0245731830596925, 2.0169955849647523, 2.0088915705680845, 2.003622627258301, 1.9974667072296142, 1.9935047268867494, 1.9891237735748293, 1.9838389158248901, 1.9827161788940428, 1.9785685539245605, 1.9739667415618898, 1.9697009086608885, 1.9685824751853946, 1.965884339809418, 1.9640768408775329, 1.9626099228858949, 1.9591078758239746, 1.9578930497169493, 1.9535404205322264, 1.9528945088386536, 1.9514978766441342, 1.949092698097229, 1.9491348624229432, 1.9460244655609131, 1.9435468554496769, 1.9435575962066651, 1.9407241821289063, 1.9389463424682616, 1.9370844841003418, 1.9358430743217467, 1.934156012535095, 1.9350391149520874, 1.932940673828125, 1.9320322751998902, 1.9308170914649962, 1.9282947301864624, 1.9297935366630552, 1.9274262905120851, 1.9250884413719176, 1.9240070104598999, 1.9233124375343325, 1.9258455872535707], "val_acc_l1": [26.438938525270885, 29.695914870732707, 30.54031035784587, 31.300590250925012, 31.82168130700365, 32.30165263554004, 32.447296677598295, 32.754739692443145, 33.10538430116632, 33.31835618154733, 33.55973923182521, 33.51774209746466, 33.638380122788185, 33.96262504071239, 33.960929787626505, 34.27393174288476, 33.93649710764015, 34.433254384806375, 34.29764296289203, 34.6827208512308, 34.464581315268774, 34.68049959387343, 34.55757561418416, 34.71519970990392, 34.777038665525225, 34.63306084316023, 34.809338654545385, 34.815645841038084, 35.03130813352399, 34.79971156392833, 34.742645987613585, 34.99757414713064, 34.891401204025726, 34.75974030754264, 35.02815270153599, 34.958350652447535, 35.23982872812394, 35.37412273649085, 35.206172253578, 35.07219575734317, 35.30926597463606, 35.5073381331875, 35.455869904883805, 35.48718355305242, 35.48242816227847, 35.606427559551214, 35.57036460750983, 35.39641347836859, 35.41456186331269, 35.59820151253532], "val_loss_l2": [0, 0, 0, 0, 0, 0, 0, 0, 0, 0, 0, 0, 0, 0, 0, 0, 0, 0, 0, 0, 0, 0, 0, 0, 0, 0, 0, 0, 0, 0, 0, 0, 0, 0, 0, 0, 0, 0, 0, 0, 0, 0, 0, 0, 0, 0, 0, 0, 0, 0], "val_acc_l2": [0, 0, 0, 0, 0, 0, 0, 0, 0, 0, 0, 0, 0, 0, 0, 0, 0, 0, 0, 0, 0, 0, 0, 0, 0, 0, 0, 0, 0, 0, 0, 0, 0, 0, 0, 0, 0, 0, 0, 0, 0, 0, 0, 0, 0, 0, 0, 0, 0, 0], "test_loss_l1": 1.939661765098572, "test_acc_l1": 35.27172824834594, "test_loss_l2": 0, "test_acc_l2": 0}