{"epoch_idx": 50, "model_save_file": "architectures/ESEN_100-00_64/ESEN_100-00_64_2.pt", "best_joint_acc": 0, "best_joint_loss": 1000000000.0, "best_epoch_idx_loss": 0, "best_epoch_idx_acc": 0, "run_time": "206s", "train_loss": [2.704066630565758, 2.3038396365714804, 2.218579245336128, 2.1743740475539, 2.145167968489907, 2.125551187630856, 2.1110304521791865, 2.0976737701531616, 2.088854489904462, 2.0791040929880995, 2.0705219669775534, 2.0644219210653603, 2.0605233889637575, 2.055393126877872, 2.0486301183700553, 2.0434264197494074, 2.0386353613752304, 2.0353592345208824, 2.0323731357401087, 2.0287933746973668, 2.0243119624528036, 2.021468065904849, 2.015776771487613, 2.013987243175506, 2.0113516007408956, 2.007776241410862, 2.004703194806071, 2.003260141972339, 1.9988452819260678, 1.9985472081285531, 1.9961534043153117, 1.9920321693926142, 1.9917159288218527, 1.9863291039611355, 1.9856453230886753, 1.9852472200538174, 1.9830889692812255, 1.9810065482601977, 1.9789677208120167, 1.9774114110253074, 1.9754209554556639, 1.9727006798440754, 1.9724521031885438, 1.9693398349212887, 1.9693938286015482, 1.9654907710624467, 1.9656264447804654, 1.9667750416379988, 1.9621642421592367, 1.9615797544970661], "train_acc": [20.004986753650577, 26.154918074435503, 27.82671986778324, 28.792748314909904, 29.316630263161784, 29.737677361267536, 30.18382048803879, 30.44674045700515, 30.81866006438369, 30.926843576800973, 31.353371175758085, 31.520650150237262, 31.582153817026292, 31.69912242558848, 31.892918771780256, 32.13652084248024, 32.11908070753196, 32.31408976157943, 32.47263706851408, 32.50800834575514, 32.60902872919418, 32.72430693694377, 32.97219410129616, 32.974139950081586, 33.12109174371102, 33.15069776215184, 33.21956202859211, 33.32012448761567, 33.54802529459684, 33.407851938892094, 33.43668475644252, 33.56953636235601, 33.57185770255211, 33.754181500268665, 33.71486894521536, 33.840802592437214, 33.88142548302322, 33.94653545576498, 34.067224906666, 34.048316328079004, 34.17544581010509, 34.16589315684677, 34.1538551742292, 34.33075590220641, 34.4049295684081, 34.43750098867387, 34.48090608665582, 34.30397325677391, 34.584928015121854, 34.55078959712319], "val_loss_l1": [2.330432510375976, 2.1924456357955933, 2.13188099861145, 2.097907876968384, 2.0745449542999266, 2.0563040018081664, 2.045158529281616, 2.036734318733215, 2.0266384840011598, 2.0193965315818794, 2.0121042847633355, 2.0058555245399474, 2.000775730609894, 1.9967792868614196, 1.9917028069496157, 1.9891435265541075, 1.9848910450935362, 1.9810542464256287, 1.9770506620407104, 1.976969909667969, 1.9715278148651123, 1.9687193155288696, 1.9658089876174927, 1.9639722347259523, 1.9608832836151122, 1.9586114883422852, 1.9563855409622193, 1.9542569875717162, 1.9531356930732726, 1.9506301641464234, 1.949420940876007, 1.9474400997161867, 1.9446394324302674, 1.9422250509262085, 1.9410208702087401, 1.9405377745628358, 1.938258683681488, 1.9360839009284974, 1.936392629146576, 1.9347698092460632, 1.936461365222931, 1.9320528268814088, 1.9312525391578674, 1.9288360118865966, 1.928576147556305, 1.9272029519081115, 1.9268739700317383, 1.926531445980072, 1.9244832038879394, 1.924033236503601], "val_acc_l1": [26.715396189547587, 29.225929920174845, 30.141639584171788, 30.8062999049557, 31.374827445591574, 31.52819104236577, 32.13182213999921, 32.15627831911441, 32.29162456725729, 32.870679403903665, 32.895267406291204, 32.92513135501982, 33.16318320396616, 33.26735361431716, 33.62902451011753, 34.02569343649653, 33.760002131023086, 33.70463957398378, 34.151272528491155, 33.91054342285469, 34.1113383306026, 34.25992115670148, 34.279035488475934, 34.49537515315333, 34.53933450727687, 34.69802629056538, 34.6246433604968, 34.636432914907886, 34.72915305164322, 34.74287597908807, 34.86285872635521, 34.874162557111205, 34.78183806663927, 34.94045712051492, 34.870774106130035, 34.99511627820502, 34.7046902804043, 35.06280447136195, 34.864142406198084, 35.04773657898891, 35.03065016881054, 35.171382922524764, 35.06899171341489, 35.190978622644494, 35.24209094862626, 35.16839539403942, 35.21439150735055, 34.99459281968357, 35.22447783729011, 35.32593128051178], "val_loss_l2": [0, 0, 0, 0, 0, 0, 0, 0, 0, 0, 0, 0, 0, 0, 0, 0, 0, 0, 0, 0, 0, 0, 0, 0, 0, 0, 0, 0, 0, 0, 0, 0, 0, 0, 0, 0, 0, 0, 0, 0, 0, 0, 0, 0, 0, 0, 0, 0, 0, 0], "val_acc_l2": [0, 0, 0, 0, 0, 0, 0, 0, 0, 0, 0, 0, 0, 0, 0, 0, 0, 0, 0, 0, 0, 0, 0, 0, 0, 0, 0, 0, 0, 0, 0, 0, 0, 0, 0, 0, 0, 0, 0, 0, 0, 0, 0, 0, 0, 0, 0, 0, 0, 0], "test_loss_l1": 1.9339394211769108, "test_acc_l1": 35.73871500423086, "test_loss_l2": 0, "test_acc_l2": 0}