{"epoch_idx": 50, "model_save_file": "architectures/ESEN_100-00_64/ESEN_100-00_64_4.pt", "best_joint_acc": 0, "best_joint_loss": 1000000000.0, "best_epoch_idx_loss": 0, "best_epoch_idx_acc": 0, "run_time": "203s", "train_loss": [2.7003587990096123, 2.293254155101197, 2.218581907676929, 2.177959886464206, 2.151592104723959, 2.130337270823391, 2.1154063073071554, 2.1021066434455644, 2.0906891660256828, 2.0821272803075384, 2.0725098992839004, 2.0682633076653314, 2.0587899088859554, 2.0546798579620598, 2.0470530661669653, 2.0427402962337835, 2.0399321128021577, 2.0348032125920956, 2.029739236289805, 2.026874159321641, 2.023856058265224, 2.0179835621154667, 2.014792007930351, 2.014231331420666, 2.01009353995323, 2.0098777621081387, 2.0054601756009185, 2.0013453328248243, 1.9993606986421537, 1.9966552004669655, 1.9941993229316946, 1.992461075385412, 1.9910062045762034, 1.989247061086423, 1.9867428757927637, 1.9839032147869917, 1.9831422964731853, 1.978209824273081, 1.978871374419241, 1.9762998331676829, 1.9748191580627903, 1.9747238971970298, 1.9719064344059334, 1.9707399182247398, 1.9695805645350246, 1.9675394748196462, 1.9665968264594214, 1.9653882014028958, 1.962690686637705, 1.961374429139224], "train_acc": [19.980849942346747, 25.832086746840055, 27.303085213898274, 28.328621836383398, 29.065155115522415, 29.57798228199502, 30.10680886871347, 30.359220404041128, 30.7600751610673, 31.160858722752003, 31.378962328907974, 31.332301200953395, 31.57245126316054, 31.69075589003903, 32.026397411475685, 32.12808917318292, 32.313530908135604, 32.36294036214279, 32.5491131110752, 32.58011868962558, 32.55631685859663, 32.7423746118856, 32.85651301027392, 32.88203885721049, 33.08985593305706, 33.23188225879078, 33.24466712945419, 33.29424034533332, 33.50527718506586, 33.40278804749497, 33.60342485546304, 33.51739401407353, 33.48480043114526, 33.73794707502302, 33.69996560484885, 33.80594784812212, 33.852564199106965, 34.033288989331126, 33.96676489780525, 34.02172944027786, 34.14001378512268, 34.26704871849959, 34.18598558438184, 34.19938112583311, 34.3139127556032, 34.35851732051165, 34.44125921445509, 34.528197290561614, 34.57857845403134, 34.681195131910044], "val_loss_l1": [2.310877513885498, 2.185785818099976, 2.134348249435425, 2.100038194656372, 2.076600360870361, 2.0572668075561524, 2.0460975885391237, 2.0334250926971436, 2.025838732719421, 2.016747152805328, 2.0104839682579043, 2.006241106987, 2.001043176651001, 1.9943926095962525, 1.9877575516700745, 1.9863784551620483, 1.9815248966217038, 1.9779357552528385, 1.9731343507766723, 1.9717708110809327, 1.968546414375305, 1.9680306553840639, 1.9641753077507018, 1.9615647912025451, 1.959402120113373, 1.9579879164695742, 1.9550095677375794, 1.9534462571144102, 1.952052855491638, 1.9490685343742369, 1.9471296548843384, 1.9451416969299318, 1.9465685844421388, 1.9432194471359252, 1.9422859311103822, 1.9398919820785523, 1.93948894739151, 1.939684772491455, 1.9362690448760986, 1.9351263284683229, 1.935330557823181, 1.9342629551887514, 1.9319766402244567, 1.931416141986847, 1.9286803364753724, 1.9306410908699034, 1.9301055431365968, 1.9297921776771545, 1.927485525608063, 1.9267171025276184], "val_acc_l1": [26.051854478454025, 29.056324132661988, 30.256595925645172, 30.984397191965684, 31.920868433481402, 32.18765243572409, 32.43551078008605, 32.52589872073333, 33.03477757426507, 33.05915623857929, 33.35434887978723, 33.11364483563457, 33.35658876276349, 33.76077509574611, 33.72135125658621, 33.72337618518831, 33.90219553957716, 34.09287886210389, 33.94597625964959, 34.31718250403906, 34.420516935083036, 34.47314833527984, 34.54477778044304, 34.40953086034732, 34.67761967201906, 34.59737950874793, 34.78586886021153, 34.8581508990847, 34.82204819011946, 35.06984562099151, 34.67447072526555, 34.908916739958286, 34.7973501274307, 35.09560271281424, 35.09373640517075, 34.96485383821361, 35.028432772358414, 35.018206520881094, 35.0257388173809, 35.02855115464707, 35.35548631512796, 35.16307522556803, 34.89607962878809, 34.91200963278118, 35.23003801163725, 35.236261220911985, 35.09183541427147, 35.03550578458285, 35.19626680004598, 35.34958066745376], "val_loss_l2": [0, 0, 0, 0, 0, 0, 0, 0, 0, 0, 0, 0, 0, 0, 0, 0, 0, 0, 0, 0, 0, 0, 0, 0, 0, 0, 0, 0, 0, 0, 0, 0, 0, 0, 0, 0, 0, 0, 0, 0, 0, 0, 0, 0, 0, 0, 0, 0, 0, 0], "val_acc_l2": [0, 0, 0, 0, 0, 0, 0, 0, 0, 0, 0, 0, 0, 0, 0, 0, 0, 0, 0, 0, 0, 0, 0, 0, 0, 0, 0, 0, 0, 0, 0, 0, 0, 0, 0, 0, 0, 0, 0, 0, 0, 0, 0, 0, 0, 0, 0, 0, 0, 0], "test_loss_l1": 1.931609642505646, "test_acc_l1": 35.38120507198856, "test_loss_l2": 0, "test_acc_l2": 0}