{"epoch_idx": 50, "model_save_file": "architectures/ESEN_100-00_64/ESEN_100-00_64_3.pt", "best_joint_acc": 0, "best_joint_loss": 1000000000.0, "best_epoch_idx_loss": 0, "best_epoch_idx_acc": 0, "run_time": "203s", "train_loss": [2.725100428769084, 2.298356216965299, 2.214756030024903, 2.1696743206544356, 2.1440153374816435, 2.12342634345546, 2.1097138090567147, 2.0965952259121514, 2.0880547003312553, 2.076150485963533, 2.069488049456566, 2.0621678495045854, 2.0555229530189965, 2.0510785751270517, 2.0470254041931852, 2.0411469719626676, 2.03693726387891, 2.033873922897107, 2.03112244515708, 2.026675227916603, 2.0242064992586783, 2.0182449591882303, 2.017202673536359, 2.0122462980674976, 2.009077616713264, 2.008605598500282, 2.005280676213176, 2.003083219130835, 2.000270000912926, 1.997125405253786, 1.9955791280125132, 1.993525244972923, 1.991811959129391, 1.9891272539442229, 1.9876251834811585, 1.9862284398440162, 1.984288150613958, 1.9828754789901502, 1.9787867060213382, 1.9768494331475461, 1.9760466127684624, 1.9741489688555405, 1.9736748093908485, 1.9727632276939622, 1.9705516894658412, 1.9675655247587143, 1.9670075349735494, 1.9652901779521597, 1.9634915301294036, 1.9624057746294772], "train_acc": [19.757764505825822, 25.76775765422365, 27.67723271365124, 28.781271206668894, 29.461349173600535, 30.113147456535714, 30.451758617519623, 30.70239560922891, 30.807002395425986, 31.396692553092507, 31.616969602291988, 31.66677230658514, 31.96702558295129, 31.98996693159691, 32.139208186468835, 32.366319184198716, 32.43073749710155, 32.44027367518128, 32.703786240729684, 32.56006406263854, 32.73393856368711, 32.96055425789608, 32.98756751100756, 33.11221361060975, 33.170429725556154, 33.37619424462668, 33.36111909388806, 33.35591008576777, 33.49352786382031, 33.525735236166554, 33.538647500683666, 33.5373406693398, 33.72998435336171, 33.76212643042856, 33.80067527394207, 33.99859560532191, 33.95322185979641, 33.936113776074166, 34.171459333605135, 34.143747185261546, 34.019386008328496, 34.10241466221123, 34.35284308656616, 34.15785536361228, 34.3272592383365, 34.56775695415491, 34.47295886610638, 34.4986788114394, 34.518934091773644, 34.667977971804255], "val_loss_l1": [2.3354866027832033, 2.1837023496627808, 2.1264401197433473, 2.092412519454956, 2.071253585815429, 2.0520355939865116, 2.040695977210999, 2.0291056632995605, 2.022208106517792, 2.0132452845573425, 2.006201171875, 2.0022872567176817, 1.9947201848030092, 1.9897602558135985, 1.9875378131866452, 1.9813372492790222, 1.9784372329711915, 1.9759624004364014, 1.9710939884185792, 1.971489214897156, 1.9675216555595398, 1.9634417057037354, 1.9615590691566467, 1.959099757671356, 1.95662739276886, 1.9561310768127442, 1.950303304195404, 1.9490107774734498, 1.9476316452026368, 1.94444340467453, 1.9442848086357116, 1.9431144952774049, 1.9408294796943666, 1.9383280754089354, 1.9376617312431335, 1.9352610945701598, 1.9346903324127198, 1.9336704969406129, 1.9313480138778685, 1.930763566493988, 1.9307772636413574, 1.9282701969146727, 1.9314282536506653, 1.926310396194458, 1.925913143157959, 1.924151337146759, 1.924665927886963, 1.9220324754714964, 1.9216902494430543, 1.9204807996749877], "val_acc_l1": [26.13989148767554, 29.338264177739365, 30.29234060513421, 31.147225862717505, 31.71412193319244, 31.902038955134923, 32.508473423580064, 32.431639739547805, 32.72764313128211, 33.09477026439529, 33.07728247720662, 33.11262564050764, 33.342751787886804, 33.24796480214894, 33.4973719330818, 33.651290037934274, 33.614113108858334, 33.84129328181004, 33.811782276826975, 34.11119672266822, 34.15508741712554, 33.98948033924215, 34.484996860728856, 34.160037550407395, 34.42731043698375, 34.45253917124418, 34.62996779607825, 34.493592608221455, 34.43883597927633, 34.67644130404838, 34.82101282063202, 34.869036762117894, 34.582326143315335, 34.79765564495476, 34.9041093360721, 34.83721784640274, 35.07361567313032, 34.88397335412388, 35.14280293263202, 34.89245446919379, 35.14346562766064, 35.02260103962015, 35.069074566297374, 34.91164213503296, 35.32967749389289, 35.323655859191526, 35.230281864819034, 35.372726379007865, 35.268171756534564, 35.517520287769045], "val_loss_l2": [0, 0, 0, 0, 0, 0, 0, 0, 0, 0, 0, 0, 0, 0, 0, 0, 0, 0, 0, 0, 0, 0, 0, 0, 0, 0, 0, 0, 0, 0, 0, 0, 0, 0, 0, 0, 0, 0, 0, 0, 0, 0, 0, 0, 0, 0, 0, 0, 0, 0], "val_acc_l2": [0, 0, 0, 0, 0, 0, 0, 0, 0, 0, 0, 0, 0, 0, 0, 0, 0, 0, 0, 0, 0, 0, 0, 0, 0, 0, 0, 0, 0, 0, 0, 0, 0, 0, 0, 0, 0, 0, 0, 0, 0, 0, 0, 0, 0, 0, 0, 0, 0, 0], "test_loss_l1": 1.9367616534233092, "test_acc_l1": 35.3306747703745, "test_loss_l2": 0, "test_acc_l2": 0}