{"epoch_idx": 100, "model_save_file": "models/LSTM/128/ESEN_100-00/ESEN_100-00_1.pt", "best_joint_acc": 29.63996342323493, "best_joint_loss": 2.476985812187195, "best_epoch_idx_loss": 21, "best_epoch_idx_acc": 97, "run_time": "457s", "train_loss": [2.5806765050599063, 2.2151707555308473, 2.140640323812311, 2.097922050591671, 2.07142282074148, 2.053132235100775, 2.0365549515594132, 2.0236879785855626, 2.01184892744729, 2.0002921539725667, 1.9926577878720826, 1.9845521883531052, 1.9781739269242145, 1.9700442200357264, 1.9624644535960574, 1.9560670735258046, 1.9510044518745309, 1.9449945914022848, 1.9395581230972754, 1.9327277514067565, 1.9273474044872048, 1.921437491070141, 1.9152358553626319, 1.910653494524233, 1.9084672042817783, 1.903561662543904, 1.8986641042160264, 1.8937980803576386, 1.8899401426315316, 1.8851368607896752, 1.87998900178707, 1.8788444155996498, 1.8741281962755951, 1.8719699220223862, 1.8665157123045488, 1.8640414178371425, 1.8599051869276797, 1.8556126807675208, 1.8541939222451411, 1.8496448316357346, 1.844755546613173, 1.841690032771139, 1.839082380135854, 1.835852418885086, 1.834470820246321, 1.831163936492169, 1.8282654971787424, 1.8256418930761737, 1.8222994551514125, 1.8195579015847405, 1.8167986607912818, 1.812501116232438, 1.8113762889847616, 1.8084829874110941, 1.8073182846560618, 1.8028838760925063, 1.7997776432470844, 1.7989868720372517, 1.7949849791599048, 1.7947592861724622, 1.793789443644611, 1.7906776585362174, 1.7880423963069922, 1.7863784631093342, 1.784774808269558, 1.7808751870285384, 1.778745546485438, 1.778577489383292, 1.7774819858146442, 1.7736448031483272, 1.773303795944561, 1.7688690162066256, 1.7659340609203689, 1.7666452698635329, 1.7643536374424447, 1.7602669750199174, 1.7608971550609114, 1.7591555506894083, 1.7557646939248746, 1.7546236569231204, 1.7525455391768248, 1.750341366637837, 1.750446916529626, 1.7473786617770342, 1.747878500006416, 1.7450966067386395, 1.7415949882883013, 1.741204435175116, 1.7394395217751013, 1.7384353171695355, 1.7394190006183854, 1.7369717811093193, 1.735650606227643, 1.735103347987839, 1.7303166552023455, 1.7320633241624541, 1.7281952662901445, 1.7268937031428022, 1.7266200220946109, 1.726121328093789], "train_acc": [22.02924002881954, 27.51077989148401, 29.202385665425595, 30.249804153484074, 31.134254069813572, 31.64082283513219, 32.15438460499008, 32.49094980375629, 32.831566918248704, 33.23354678682859, 33.52666909959023, 33.69380285163093, 33.946324952828384, 34.178481840785956, 34.391971626726864, 34.55033931957955, 34.81986512477785, 34.855550167095906, 35.10867195283636, 35.30620814506563, 35.7008149284945, 35.79408270749144, 35.99939164466101, 36.004657109359904, 36.03428334405479, 36.209328284742526, 36.489195672821495, 36.73955300927702, 36.62417864951061, 37.06049587413871, 37.094755464462615, 37.04204684368507, 37.16018562029299, 37.208373244609085, 37.386513073222595, 37.50682721133597, 37.64425035833298, 37.82053171586028, 38.01270994064362, 37.849121852362835, 38.22590909222956, 38.242055948402296, 38.40913360223451, 38.478951559344665, 38.396174364381444, 38.55649603604998, 38.468002675735484, 38.887790390518866, 38.84269489185742, 38.87364412335738, 38.98819315487292, 39.258844543834414, 39.37320391405918, 39.31252032247524, 39.22497668905435, 39.448985368137805, 39.635716906202596, 39.71657432548216, 39.702999004908605, 39.89587953627912, 39.67660524269112, 40.059467685359984, 40.06114654217355, 40.15397763995325, 39.96393327558596, 40.029389264054934, 40.27192240893635, 40.192547951426725, 40.239535421097145, 40.48850185527507, 40.49014823890207, 40.721918512065756, 40.68821828125742, 40.70471956922865, 40.741649612824354, 40.770914958620125, 40.706327694266065, 40.9172862274375, 41.021550260073504, 41.065738519968896, 41.11073254555907, 41.20103593059578, 41.15821349160373, 41.23472415178691, 41.17114598538426, 41.556243789995264, 41.537016713944894, 41.563971106932875, 41.51897644801549, 41.6559424592049, 41.690956780539004, 41.79021540313745, 41.73093270472757, 41.642835424231556, 41.85688879984268, 41.81563540709668, 41.727733771662884, 41.87157889219036, 41.861782772384345, 41.92846025272791], "val_loss_l1": [2.2381322860717767, 2.1251399517059326, 2.0698729276657097, 2.0384200692176817, 2.0152840614318848, 2.0033069491386413, 1.9863696575164795, 1.974992072582245, 1.9695379257202148, 1.9581688880920411, 1.9512577772140502, 1.943503713607788, 1.9362221360206602, 1.9319934248924255, 1.927786421775818, 1.9223867177963256, 1.9177207708358763, 1.9147085428237913, 1.9089574098587037, 1.9061625361442567, 1.9019098043441773, 1.8991767287254335, 1.8936678528785706, 1.8913157820701598, 1.8901233553886414, 1.88891441822052, 1.884495723247528, 1.8845734834671022, 1.8820024132728577, 1.8797852993011475, 1.8794252991676332, 1.8766520261764528, 1.8742881178855895, 1.8740084052085877, 1.8753650546073912, 1.8712007880210877, 1.8701140522956847, 1.8711305022239684, 1.8693826675415037, 1.8674175977706908, 1.8659733772277831, 1.8656859517097473, 1.8694536924362182, 1.8636636972427367, 1.8643117666244509, 1.8656776905059815, 1.8649784207344056, 1.857609713077545, 1.8598525285720824, 1.8621605038642883, 1.8573790907859802, 1.8575907468795776, 1.8573686242103578, 1.8570569276809694, 1.8568529844284059, 1.8594405531883242, 1.8588949680328368, 1.8596095323562623, 1.8578031897544862, 1.8566314816474916, 1.8610589742660524, 1.8604287385940552, 1.8565556764602662, 1.8590280175209046, 1.8577593326568604, 1.8584531664848327, 1.8586916208267215, 1.8604678511619568, 1.8636972546577453, 1.8628521323204041, 1.8636705279350283, 1.8616488814353942, 1.8598170042037965, 1.8577602744102477, 1.856941258907318, 1.85948623418808, 1.8607881784439086, 1.8631131052970888, 1.8655876755714416, 1.8638567209243775, 1.8660229682922365, 1.8639703035354613, 1.86408269405365, 1.8625954270362852, 1.8673399448394776, 1.8666767954826358, 1.8671898007392884, 1.8631390094757079, 1.8672705411911013, 1.8704171895980837, 1.8683363318443298, 1.8672816157341001, 1.8743155479431153, 1.873260319232941, 1.8693467378616333, 1.8711496472358704, 1.874958181381226, 1.8722915887832645, 1.8721138834953308, 1.875958800315857],