{"epoch_idx": 50, "model_save_file": "architectures/ESEN_100-00_128/ESEN_100-00_128_3.pt", "best_joint_acc": 0, "best_joint_loss": 1000000000.0, "best_epoch_idx_loss": 0, "best_epoch_idx_acc": 0, "run_time": "201s", "train_loss": [2.5814261002974064, 2.2171752380602285, 2.141557261799322, 2.103815767801168, 2.0749226429245686, 2.0549925692153708, 2.0386658419262287, 2.027360326412954, 2.015279638044762, 2.0042601471597488, 1.9942870510346953, 1.9869425260659421, 1.9809931290872167, 1.9717443160938493, 1.9645687106883885, 1.9572517348058296, 1.9519240233031179, 1.9458747352614545, 1.941999114824063, 1.9370244831749894, 1.929496710950678, 1.9247111271728172, 1.9196070215918812, 1.913805828853088, 1.9094078134406691, 1.9052197788700913, 1.8998187392046957, 1.8981867504842356, 1.8918333595449275, 1.8876792129242057, 1.8829494922450098, 1.8797559629787102, 1.875850020936041, 1.8729632388461717, 1.8676490666288323, 1.8648414675033453, 1.8625331268166059, 1.8570471107959747, 1.8537282392834171, 1.8502620314106797, 1.8468967152364324, 1.8437696541800648, 1.8399417427453124, 1.83904504776001, 1.8348479948260568, 1.8321253512844886, 1.8288516691236782, 1.824933024969968, 1.8221786780790847, 1.8195830312642187], "train_acc": [22.03460744733751, 27.490137546255184, 29.33622859726677, 30.32932782929958, 30.998597413742644, 31.74074027796361, 32.256865444485825, 32.5917344437103, 32.82852568999847, 33.065101477939514, 33.49743675262536, 33.612842495932775, 33.78825247076056, 34.18490931178296, 34.29651472196672, 34.620436625236295, 34.84668439845817, 34.916151660286616, 35.00213261457455, 35.028564066151525, 35.3762147753203, 35.564617260637334, 35.74401437430875, 35.80807755766611, 36.066099504268834, 36.22851036325601, 36.39542142955649, 36.4144057227668, 36.67608419428477, 36.68858456848542, 36.8362079362027, 37.09152446423162, 37.167685159153315, 37.20217584995546, 37.44972976166927, 37.311353627395256, 37.68905392078296, 37.785459728827625, 37.82310618686017, 37.857006838439716, 37.99096891172024, 38.11587386665182, 38.36501883043374, 38.318496187676764, 38.45229197658569, 38.515087375534925, 38.62471031419071, 38.86053582258422, 38.785286862225945, 38.95697336576929], "val_loss_l1": [2.2385282039642336, 2.1200083017349245, 2.0694470882415774, 2.0382529497146606, 2.014633977413178, 2.0039615511894224, 1.9894569873809815, 1.9784990072250366, 1.9706187129020691, 1.961110532283783, 1.9520312905311583, 1.9449732780456541, 1.9410613179206848, 1.9357613563537597, 1.9312707901000976, 1.9241317749023439, 1.9183275938034057, 1.9151747941970825, 1.9107239842414856, 1.9096849799156188, 1.9044682264328003, 1.900776731967926, 1.898633360862732, 1.895716941356659, 1.8907792687416076, 1.8883348107337952, 1.8878300666809082, 1.8864758014678957, 1.8830688834190368, 1.8814292669296264, 1.8774562358856202, 1.8784626483917237, 1.8748713254928586, 1.8790023922920227, 1.873319184780121, 1.8754798412323, 1.8737289786338807, 1.872533643245697, 1.869033992290497, 1.872306799888611, 1.8689279198646545, 1.872447204589844, 1.8709962725639344, 1.8704984307289125, 1.8689024806022645, 1.8725532412528993, 1.8675136685371398, 1.8673659682273864, 1.8672439813613892, 1.8702648878097534], "val_acc_l1": [28.882642020990133, 30.32552224447135, 31.552805084126323, 32.30683811961032, 33.05615081778428, 33.144131110484416, 33.896842723064196, 33.81603866159341, 34.40106285495763, 34.61439368493815, 34.76377245400562, 34.86359725995146, 35.17040160379052, 35.37523832311918, 35.532380908412996, 35.65280097598484, 35.81508887067485, 35.590172006246796, 35.921573015208914, 35.99285975547656, 35.92040472730315, 36.4974033931327, 36.24719353152234, 36.29505526257186, 36.46804158990646, 36.65990926107379, 36.62650289325335, 36.57400738498058, 36.752657213906204, 36.67214933212437, 36.74632973947371, 36.944530121690725, 37.10700072454331, 36.75475757526226, 36.99522256892589, 37.35044819757134, 36.958075621905145, 37.04106423301023, 37.004503189163444, 37.165496750570526, 37.26913743536667, 37.179491839487675, 37.35244936868164, 37.36826879998363, 37.309935295213094, 37.06569837691133, 37.07235852771309, 37.43643023153468, 37.348615633581744, 37.463023569406126], "val_loss_l2": [0, 0, 0, 0, 0, 0, 0, 0, 0, 0, 0, 0, 0, 0, 0, 0, 0, 0, 0, 0, 0, 0, 0, 0, 0, 0, 0, 0, 0, 0, 0, 0, 0, 0, 0, 0, 0, 0, 0, 0, 0, 0, 0, 0, 0, 0, 0, 0, 0, 0], "val_acc_l2": [0, 0, 0, 0, 0, 0, 0, 0, 0, 0, 0, 0, 0, 0, 0, 0, 0, 0, 0, 0, 0, 0, 0, 0, 0, 0, 0, 0, 0, 0, 0, 0, 0, 0, 0, 0, 0, 0, 0, 0, 0, 0, 0, 0, 0, 0, 0, 0, 0, 0], "test_loss_l1": 1.8820150136947633, "test_acc_l1": 37.646433306840606, "test_loss_l2": 0, "test_acc_l2": 0}