{"epoch_idx": 50, "model_save_file": "architectures/ESEN_100-00_128/ESEN_100-00_128_4.pt", "best_joint_acc": 0, "best_joint_loss": 1000000000.0, "best_epoch_idx_loss": 0, "best_epoch_idx_acc": 0, "run_time": "202s", "train_loss": [2.578555419589533, 2.2109461697665123, 2.1343219189932836, 2.095391325878373, 2.0696079983855746, 2.0507040050896728, 2.0348463880293286, 2.0221469095258997, 2.011538641019301, 2.001319806684148, 1.9929293944980166, 1.9833045890837, 1.9751395592183778, 1.9687764996832071, 1.9617126286029825, 1.9559042056401572, 1.949226517568935, 1.9426941094976484, 1.9376697865399448, 1.9311613946249986, 1.9266398386521775, 1.9221737131927952, 1.9175315463181697, 1.912910842534268, 1.9061517119407656, 1.9020221558484165, 1.8981289068857832, 1.8929126091075668, 1.8894340152090252, 1.8855037887891128, 1.8804627566626577, 1.8775327612053265, 1.8731658025221387, 1.8703846163821938, 1.8662810605583764, 1.8642767604553343, 1.8612653423439374, 1.8549486498037964, 1.8525942085367262, 1.8486953747994967, 1.8461277412645745, 1.8449905361189982, 1.8385539750258124, 1.8363685987212435, 1.833851267894109, 1.8321380651358403, 1.8279817438486854, 1.8255907586126612, 1.8225347300370531, 1.819481946302182], "train_acc": [21.52702768719742, 27.596640884792837, 29.37658039739103, 30.457622075747352, 31.12722074700348, 31.724581402896494, 32.0722945156351, 32.49659500507039, 32.91437695932304, 33.13894109304011, 33.404471240579795, 33.879143091348375, 33.918197570183914, 34.047764507679744, 34.47078109797894, 34.58828369394208, 34.72758105585055, 35.04227985457051, 35.15111363180308, 35.54502777043843, 35.574554705816105, 35.806364195298336, 35.748601281188286, 35.92359757229979, 36.164376839609496, 36.287070210890896, 36.408457312282884, 36.64265940222971, 36.73433754937373, 36.96609964031095, 37.1183609935479, 37.15811508264928, 37.25577960220597, 37.39523268395417, 37.47070169033323, 37.61082680730399, 37.65940550032154, 37.84764783831676, 37.99580675147554, 37.9431214350742, 38.02633610692892, 38.15503073821604, 38.341711996528744, 38.577633953225615, 38.507637508367765, 38.598507924956955, 38.688022549991395, 38.773921068830475, 38.79594402019823, 38.996066102120885], "val_loss_l1": [2.235595154762268, 2.11827347278595, 2.063966369628906, 2.03527512550354, 2.0147947669029236, 2.000837481021881, 1.9886655092239378, 1.979567527770996, 1.9684415459632874, 1.961919128894806, 1.9525935053825378, 1.9442647337913512, 1.9393636703491208, 1.9325459122657775, 1.926018977165222, 1.9220536470413208, 1.919339084625244, 1.9155857801437381, 1.9124520301818848, 1.9059740066528321, 1.9041308164596558, 1.9021535754203798, 1.8957286834716796, 1.8972556471824644, 1.8921499609947205, 1.8882680892944335, 1.88766610622406, 1.8843278408050537, 1.882513976097107, 1.8792612671852114, 1.8795383810997008, 1.8768844962120057, 1.8775535225868225, 1.8758674263954163, 1.8710715293884277, 1.8713898420333863, 1.870632553100586, 1.870674955844879, 1.8681269645690917, 1.8681234598159788, 1.8664419174194335, 1.8654757499694825, 1.8646071672439573, 1.8643858551979064, 1.8633040308952333, 1.862908136844635, 1.8643221735954285, 1.8625064730644227, 1.8635937809944154, 1.8677780628204346], "val_acc_l1": [28.244262337668395, 30.372508968640602, 31.865355901728993, 32.77371391021322, 33.120108224845204, 33.120498772632054, 33.60372044854521, 34.24259406430016, 34.06896562337549, 34.467561924858316, 34.75314594788814, 34.76227449678042, 35.077028947819485, 35.062267882701796, 35.38954725870155, 35.5197736498089, 35.53654624316404, 35.60106776174755, 36.02431740473868, 36.42687087983032, 36.11765592388443, 36.15897153672208, 36.42899714148623, 36.36091183507851, 36.633327160550365, 36.69394030333852, 36.68727416101243, 36.89276619517631, 36.74448558282306, 37.106353880884086, 37.029509046637116, 37.229903881248674, 37.02787253022259, 36.60060907868617, 37.26380069277925, 37.102257859246286, 37.2290703082838, 37.2328070367137, 37.41755782639528, 37.395557022551266, 37.66132645945136, 37.44875077433838, 37.25959522272692, 37.251183362703884, 37.50015535399646, 37.72082701617238, 37.516220657227805, 37.36636475180593, 37.55288680287063, 37.34533684237648], "val_loss_l2": [0, 0, 0, 0, 0, 0, 0, 0, 0, 0, 0, 0, 0, 0, 0, 0, 0, 0, 0, 0, 0, 0, 0, 0, 0, 0, 0, 0, 0, 0, 0, 0, 0, 0, 0, 0, 0, 0, 0, 0, 0, 0, 0, 0, 0, 0, 0, 0, 0, 0], "val_acc_l2": [0, 0, 0, 0, 0, 0, 0, 0, 0, 0, 0, 0, 0, 0, 0, 0, 0, 0, 0, 0, 0, 0, 0, 0, 0, 0, 0, 0, 0, 0, 0, 0, 0, 0, 0, 0, 0, 0, 0, 0, 0, 0, 0, 0, 0, 0, 0, 0, 0, 0], "test_loss_l1": 1.8837029576301574, "test_acc_l1": 37.431705408384154, "test_loss_l2": 0, "test_acc_l2": 0}