{"epoch_idx": 50, "model_save_file": "architectures/ESEN_100-00_128/ESEN_100-00_128_2.pt", "best_joint_acc": 0, "best_joint_loss": 1000000000.0, "best_epoch_idx_loss": 0, "best_epoch_idx_acc": 0, "run_time": "200s", "train_loss": [2.575189214764219, 2.221288525696957, 2.1451131683407407, 2.105978920604243, 2.080185137011788, 2.0593749366023326, 2.0437283389496086, 2.0304313184637017, 2.018558279131397, 2.0083953142166138, 1.998631921681491, 1.9894154405955111, 1.9818614612926138, 1.9738658187967353, 1.967378573887276, 1.960208038489024, 1.955207779551997, 1.9496698533043717, 1.9417340583873515, 1.9371105179642183, 1.933526319987846, 1.9269881067853984, 1.9219883481661475, 1.9171018148913535, 1.911342852043383, 1.9078900886304446, 1.9038381712003192, 1.8982609257553567, 1.8942445344997176, 1.8899139933513864, 1.8854403992493949, 1.880494553031343, 1.878612474058613, 1.8721097798058486, 1.870560063557191, 1.8649638764786, 1.8623431902943233, 1.859449941100496, 1.8557185476476488, 1.8523189244848315, 1.8498954203995788, 1.8449633816878006, 1.843189830129797, 1.837340474128723, 1.836574064059691, 1.8329398812669693, 1.8292922251152282, 1.8267201844489935, 1.8238782358892038, 1.8208426562222562], "train_acc": [21.552489440769886, 27.27710946025312, 29.11643332253582, 30.0874276598919, 31.04572753025162, 31.60180436489843, 31.85550789575056, 32.36857296327063, 32.67133196120782, 33.09242250805906, 33.25092500818273, 33.6092881902553, 33.744162426848256, 33.90717934597008, 34.2707378828125, 34.38121271820349, 34.58962799627041, 34.6964836936387, 34.9720104117345, 35.12230071019712, 35.18137170390258, 35.44325777126353, 35.596806606701136, 35.71328337306519, 35.89720401264055, 36.091362888822566, 36.21736025486461, 36.33219215635175, 36.495531252368394, 36.65885750556565, 36.83266501927571, 36.953243989154636, 36.94726609461537, 37.195998516124064, 37.33208407623945, 37.471803882553104, 37.416533309914655, 37.54905970344267, 37.84882437723662, 37.74234925914157, 38.01162744868972, 38.0326099722478, 38.15887629901406, 38.418407383004016, 38.545776273768695, 38.44844051991733, 38.6193539386272, 38.697226476931725, 38.78316023373501, 39.005150777754], "val_loss_l1": [2.2428888797760007, 2.1269287109375004, 2.0741619348526, 2.041237854957581, 2.022853696346283, 2.0081422328948975, 1.9944965839385986, 1.98341965675354, 1.9726050257682801, 1.9688081026077269, 1.9559927225112914, 1.947846257686615, 1.9431902289390564, 1.936315929889679, 1.931235885620117, 1.9305662155151369, 1.9216822028160097, 1.9186168909072876, 1.921580398082733, 1.9104331493377686, 1.9064045786857604, 1.9027363538742066, 1.9000366687774657, 1.8975757598876952, 1.8968971371650696, 1.8941258668899537, 1.8906736135482787, 1.887804138660431, 1.8878069400787354, 1.884787881374359, 1.8826640725135804, 1.8809208989143371, 1.8835539340972902, 1.8776437997817994, 1.8784354329109192, 1.877224576473236, 1.8746373891830443, 1.8735819101333617, 1.870180904865265, 1.8720988273620605, 1.8695934295654297, 1.865832304954529, 1.8682204723358156, 1.8707667231559755, 1.8690022110939029, 1.8708871603012085, 1.8680775403976444, 1.8653953671455383, 1.8693702459335326, 1.8660332560539246], "val_acc_l1": [27.69859277836061, 30.218502161631015, 31.47733171426311, 32.06933879026767, 32.63714571038739, 32.81108853592476, 33.41893364839018, 33.57069069483833, 33.74877972606305, 34.08291110775436, 34.64433010109587, 34.72681921999711, 34.952983499867564, 35.16288300890647, 35.295351230375154, 34.89521886353888, 35.731464858408295, 35.51189240786248, 35.697452758900404, 35.72993689692122, 35.70304136735342, 35.79103930087746, 36.11848786615952, 35.994800896013835, 35.853126249258565, 36.12508029498327, 36.2181144311089, 36.61557431723553, 36.22240945222783, 36.626738748603195, 36.43917884935502, 36.49247156212556, 36.492671808957965, 36.8214980850225, 36.907110484413, 36.81342931328348, 36.91480068771002, 36.92451198765341, 37.04717721635165, 37.14533073355509, 37.059283338491525, 36.90338920046532, 37.04375172875362, 37.14104069366312, 37.45665976102556, 37.32837370729243, 37.44886394591605, 37.30508573347577, 37.09818789207247, 37.51736160651195], "val_loss_l2": [0, 0, 0, 0, 0, 0, 0, 0, 0, 0, 0, 0, 0, 0, 0, 0, 0, 0, 0, 0, 0, 0, 0, 0, 0, 0, 0, 0, 0, 0, 0, 0, 0, 0, 0, 0, 0, 0, 0, 0, 0, 0, 0, 0, 0, 0, 0, 0, 0, 0], "val_acc_l2": [0, 0, 0, 0, 0, 0, 0, 0, 0, 0, 0, 0, 0, 0, 0, 0, 0, 0, 0, 0, 0, 0, 0, 0, 0, 0, 0, 0, 0, 0, 0, 0, 0, 0, 0, 0, 0, 0, 0, 0, 0, 0, 0, 0, 0, 0, 0, 0, 0, 0], "test_loss_l1": 1.8796252846717834, "test_acc_l1": 37.587973431311745, "test_loss_l2": 0, "test_acc_l2": 0}