{"epoch_idx": 50, "model_save_file": "architectures/ESEN_100-00_128/ESEN_100-00_128_0.pt", "best_joint_acc": 0, "best_joint_loss": 1000000000.0, "best_epoch_idx_loss": 0, "best_epoch_idx_acc": 0, "run_time": "202s", "train_loss": [2.5794626727248677, 2.219925831664693, 2.143652198892651, 2.098795834815863, 2.0721971889336905, 2.0534850548614147, 2.0370002533450267, 2.0223180868408908, 2.011203211365324, 2.0007842011523964, 1.9930382930871215, 1.9831774948221264, 1.976184873869925, 1.9678178673440754, 1.9622143606344862, 1.9543282985687263, 1.9467594072674261, 1.94042079466762, 1.936119374000666, 1.930157991069736, 1.9252186679478847, 1.921109650171164, 1.9157674177126447, 1.9108113772941357, 1.9043715939377293, 1.9021702426852596, 1.8980179718046484, 1.890833932341951, 1.8886832992235827, 1.8865542745951451, 1.8809694313641752, 1.8759462436040242, 1.8725670639312633, 1.8678802585963048, 1.867661715456934, 1.8618196474783348, 1.859984005039388, 1.854168622782736, 1.8517931853279919, 1.8469994248765893, 1.8436152194485527, 1.8406749557365065, 1.8389550763549223, 1.8352180565848493, 1.830961520021611, 1.828288761052218, 1.825573311610654, 1.8239734624371389, 1.8174363103779878, 1.8180428147315983], "train_acc": [21.905651159537555, 27.37928302421066, 29.070979513969192, 30.495454423285256, 31.11095586718635, 31.603357762508058, 32.11119774881578, 32.435410094716595, 32.94236913284206, 33.27552548256474, 33.414667494126434, 33.75185494615448, 33.99808040730982, 34.21416448231279, 34.33304929944138, 34.61581899358851, 34.798460853236605, 35.067219681098365, 35.087480388256814, 35.45578680453507, 35.493030498290445, 35.568373176309095, 35.80436125755261, 35.910366631348765, 36.292911290495724, 36.21283663891837, 36.387411974890746, 36.564765931813, 36.661958026139494, 36.86323885176544, 37.04280436109612, 37.076651984288546, 37.23357993452799, 37.28221765463612, 37.45583520639548, 37.60470036392519, 37.679440931605804, 37.85667068952183, 37.83452941031212, 38.09028414403766, 38.00221507034684, 38.28851014202391, 38.36422888713186, 38.372516357055595, 38.626086237980836, 38.562842092791904, 38.61821635853184, 38.75406514355466, 38.958035134499596, 38.99007072893637], "val_loss_l1": [2.2432414770126345, 2.124926018714905, 2.072761344909668, 2.038154101371765, 2.017215812206268, 1.9991803646087647, 1.987343442440033, 1.9786509513854982, 1.970264184474945, 1.9591604471206665, 1.9533583998680115, 1.9462894678115843, 1.9380447626113892, 1.9370420217514037, 1.9273994326591493, 1.92438862323761, 1.916812241077423, 1.9123355388641359, 1.9090248823165894, 1.9066757917404176, 1.9016713738441466, 1.900165581703186, 1.8978148579597476, 1.894654667377472, 1.892601990699768, 1.8909069299697876, 1.8856599092483521, 1.8864273071289062, 1.8889317274093629, 1.8799039006233216, 1.8795648694038392, 1.877661120891571, 1.8745022654533385, 1.8742364525794981, 1.873049807548523, 1.8718296647071837, 1.8717330217361448, 1.8691792607307434, 1.8682863473892213, 1.8671765208244324, 1.8673249363899231, 1.8668843388557435, 1.8688884615898134, 1.8652608394622803, 1.8633195400238038, 1.8682455182075501, 1.8611321330070496, 1.8664226412773135, 1.861006569862366, 1.8642711758613586], "val_acc_l1": [28.753514713553464, 30.07011199288544, 31.969140448903058, 32.74088846548493, 33.10321602541996, 33.274741159109375, 33.62400270378218, 34.15888158287034, 34.40055484957908, 34.42225248052564, 34.591860774477695, 34.85149913485343, 34.99519850696056, 35.009270528363956, 35.38846704580109, 35.58005996289859, 35.63751522184271, 35.82028205722568, 35.59151552619766, 35.837181501854964, 35.98939168598112, 36.09886278574221, 36.253443194955175, 36.64704908866412, 36.245037357041454, 36.18858753038103, 36.868011240364226, 36.14395318906247, 36.498678529047375, 37.03524075624444, 36.58626760893348, 36.742385514037316, 36.959673113777384, 37.085221985512916, 36.898997451551445, 36.737368274716665, 37.16980956628615, 37.215375825087236, 37.13137041658804, 37.099976974502475, 37.14671239681909, 37.513647065147055, 37.53906837319067, 37.190099828583165, 37.29601710897878, 37.29309160256382, 37.375857425000696, 37.24500575264102, 37.51303611999793, 37.64310916434641], "val_loss_l2": [0, 0, 0, 0, 0, 0, 0, 0, 0, 0, 0, 0, 0, 0, 0, 0, 0, 0, 0, 0, 0, 0, 0, 0, 0, 0, 0, 0, 0, 0, 0, 0, 0, 0, 0, 0, 0, 0, 0, 0, 0, 0, 0, 0, 0, 0, 0, 0, 0, 0], "val_acc_l2": [0, 0, 0, 0, 0, 0, 0, 0, 0, 0, 0, 0, 0, 0, 0, 0, 0, 0, 0, 0, 0, 0, 0, 0, 0, 0, 0, 0, 0, 0, 0, 0, 0, 0, 0, 0, 0, 0, 0, 0, 0, 0, 0, 0, 0, 0, 0, 0, 0, 0], "test_loss_l1": 1.8825772523880007, "test_acc_l1": 37.45147135667711, "test_loss_l2": 0, "test_acc_l2": 0}