{"epoch_idx": 50, "model_save_file": "architectures/ESEN_100-00_128/ESEN_100-00_128_1.pt", "best_joint_acc": 0, "best_joint_loss": 1000000000.0, "best_epoch_idx_loss": 0, "best_epoch_idx_acc": 0, "run_time": "201s", "train_loss": [2.5694920547080766, 2.2121191693074773, 2.1381545337763685, 2.0991331700122715, 2.069395657741662, 2.0541694525516396, 2.0357258635939965, 2.024307384635464, 2.011383138822785, 2.001521475387342, 1.9932772192088042, 1.984832532478101, 1.9749129631302582, 1.9681532039786829, 1.960577392216885, 1.9548394815488292, 1.9472948412100473, 1.9438329375151426, 1.9372861909143855, 1.9315279360973467, 1.926083622556744, 1.9208573617718439, 1.915067684469801, 1.911195896791689, 1.9074878755844, 1.9009118197542245, 1.8982685515374855, 1.8936546453923893, 1.888951280803392, 1.8816445966561628, 1.8804745565761223, 1.878582457701366, 1.8734295901023983, 1.8683577342466877, 1.8665050873250664, 1.863175776871768, 1.861002362135685, 1.8547891188751566, 1.8507106204827632, 1.8473647291010078, 1.8463324308395384, 1.843054823803179, 1.8395547424301957, 1.836070580915971, 1.8345509288888993, 1.8313209053241841, 1.826276190353163, 1.8244311683105696, 1.8211346918886355, 1.8192576829231142], "train_acc": [22.18725034856334, 27.512459539064785, 29.27481284416082, 30.339803133676433, 31.164889992543877, 31.556104669985523, 32.08152012418252, 32.393024650810126, 32.87367809766882, 33.13173328711788, 33.48807189195325, 33.61171673123305, 33.953719915452524, 34.26774241759929, 34.37494494395625, 34.60952877434397, 34.78764022403983, 35.02938890535798, 35.17788568408386, 35.39449637292268, 35.452579763459724, 35.61740089916133, 35.86282558421216, 36.09199772755182, 36.10422637080526, 36.241842335513475, 36.374796589222186, 36.61359996186545, 36.67278206165076, 36.805299007957586, 36.98393165960257, 37.02780681014382, 37.16066121954492, 37.319920389802476, 37.441486520202744, 37.47329225239933, 37.563194594628904, 37.85352650905803, 38.036355562087294, 38.07465439652432, 38.07199127629582, 38.197344132967885, 38.20154068735346, 38.33414157369396, 38.483160134841775, 38.64322296273565, 38.634488635210026, 38.787549395899624, 38.75701856128521, 39.00840259142], "val_loss_l1": [2.2313750982284546, 2.1164255380630497, 2.066156601905823, 2.0364490151405334, 2.0143533468246453, 2.000610554218292, 1.9863621711730957, 1.9764434695243833, 1.9686137795448304, 1.9586877107620237, 1.9523752808570862, 1.944002616405487, 1.942567801475525, 1.9351773262023928, 1.9298211574554442, 1.9250128746032715, 1.9217722177505492, 1.9181558251380921, 1.9150453329086303, 1.9101239562034609, 1.9065801382064822, 1.9040197134017944, 1.8998561024665832, 1.8971141815185546, 1.8965325832366944, 1.8912465333938597, 1.8907726287841797, 1.8880688309669496, 1.8884335517883302, 1.886011850833893, 1.8844093203544616, 1.885354995727539, 1.8803682327270506, 1.882338035106659, 1.8777674317359925, 1.8754538774490355, 1.8747314691543582, 1.8761948943138123, 1.8740233302116396, 1.8733177423477172, 1.8708847641944886, 1.8699777245521547, 1.8702466607093813, 1.8734937787055967, 1.868225085735321, 1.8665023803710936, 1.8648897647857665, 1.8699398875236513, 1.8680131077766422, 1.8699822425842285], "val_acc_l1": [27.755887584273157, 30.134506380361927, 31.834288998277287, 32.608260316143415, 32.99630662915986, 33.37242927606512, 33.37294080819464, 34.259687864793506, 34.306742034298374, 34.69288977360396, 34.66972831334224, 34.69454133627381, 35.0341668702765, 35.329534829339195, 35.35182291582244, 35.60787258849658, 35.16228129174595, 35.39836623142182, 35.752858870039724, 35.766889522100506, 36.22038427116939, 35.964264760638635, 36.096078739733194, 36.261133019983255, 36.174351033877024, 36.513571469104306, 36.41720167424129, 36.39460160203802, 36.38824003655505, 36.80221405135518, 36.63075413795216, 36.876128986754054, 36.842180153911535, 36.935469959847545, 36.75037156369607, 36.830675342900136, 37.03299210549074, 37.13782126359928, 37.06737506137564, 36.94697305184493, 37.2419399768187, 37.40141657809014, 37.24316696221189, 37.14703930611299, 37.45444008084691, 37.42251179622747, 37.46048770334882, 37.34838700953754, 37.562524809576004, 37.410967657547566], "val_loss_l2": [0, 0, 0, 0, 0, 0, 0, 0, 0, 0, 0, 0, 0, 0, 0, 0, 0, 0, 0, 0, 0, 0, 0, 0, 0, 0, 0, 0, 0, 0, 0, 0, 0, 0, 0, 0, 0, 0, 0, 0, 0, 0, 0, 0, 0, 0, 0, 0, 0, 0], "val_acc_l2": [0, 0, 0, 0, 0, 0, 0, 0, 0, 0, 0, 0, 0, 0, 0, 0, 0, 0, 0, 0, 0, 0, 0, 0, 0, 0, 0, 0, 0, 0, 0, 0, 0, 0, 0, 0, 0, 0, 0, 0, 0, 0, 0, 0, 0, 0, 0, 0, 0, 0], "test_loss_l1": 1.878558838367462, "test_acc_l1": 37.550643963712176, "test_loss_l2": 0, "test_acc_l2": 0}