{"epoch_idx": 50, "model_save_file": "models/ESEN_60-40/ESEN_60-40_2.pt", "best_joint_acc": 34.506699951407185, "best_joint_loss": 2.0548828065395357, "best_epoch_idx_loss": 13, "best_epoch_idx_acc": 28, "run_time": "819s", "train_loss": [2.5096280924770813, 2.2543718935152826, 2.177508255757325, 2.1292917586247864, 2.094442713151284, 2.063589874757539, 2.0399135241814705, 2.0177399472359108, 1.997110191835177, 1.9791077708979263, 1.960715945160717, 1.9443688573093585, 1.9280144194944193, 1.9138944865366727, 1.8997387820427571, 1.885297540677796, 1.871439792147471, 1.8596462744091633, 1.8476439605065447, 1.8360310349989382, 1.8244573096616554, 1.8141081524551457, 1.8031843058559875, 1.79366586077104, 1.7848623340282965, 1.774670649012294, 1.766069705333185, 1.757748545856651, 1.7491369641155272, 1.7424472357154985, 1.7341538459882821, 1.7269896236034712, 1.7196357846260073, 1.7130116946106666, 1.7072385691721508, 1.6998304484087392, 1.6943534486884362, 1.6881937997056797, 1.6820712073133621, 1.676298747915741, 1.671676721047917, 1.6661267783663687, 1.6606259220237027, 1.6561742911645039, 1.6513197679038432, 1.6463898655471445, 1.6418490858252985, 1.637755731377033, 1.632390516066771, 1.6299335869080431], "train_acc": [22.587382854558506, 27.84202466803576, 29.718370033862442, 30.964834352163066, 32.172399291333804, 33.021977031267745, 33.731564681331925, 34.34242256240726, 35.03155755623305, 35.57712449944082, 36.06596436139933, 36.60647525666945, 37.068090236956394, 37.53129289841475, 38.01741018811648, 38.50028630631107, 38.82935130839501, 39.32982765327399, 39.59365706147275, 39.8983836227909, 40.39919393232672, 40.729967141777514, 41.10418755081081, 41.253173306377384, 41.66200714719366, 42.01564750877781, 42.22689124162281, 42.54455364163127, 42.80524151192661, 42.9208824394941, 43.17027777446524, 43.43072820010908, 43.652244796803366, 43.92979778739364, 44.058074512291434, 44.34186589965962, 44.40682892479758, 44.61399859452732, 44.89358697101282, 45.038690738967276, 45.09025591241737, 45.259144367576134, 45.52500464101899, 45.60718553202047, 45.78859594453678, 45.94701844399401, 46.1252929477245, 46.19849317489615, 46.48323192229386, 46.49535281343595], "val_loss_l1": [2.2097894430160525, 2.108951210975647, 2.0562507152557377, 2.0287988066673277, 2.014583456516266, 1.9951379418373107, 1.9938472867012023, 1.9757384657859802, 1.9718204975128175, 1.956204617023468, 1.9582862377166748, 1.9639195203781128, 1.951465928554535, 1.9447996139526365, 1.9582292556762695, 1.9507319569587707, 1.9425508856773377, 1.952104663848877, 1.9605496168136596, 1.954375422000885, 1.9620288729667665, 1.9755438446998594, 1.969767940044403, 1.970793318748474, 1.972417962551117, 1.978289318084717, 1.9876864790916442, 1.9881335735321044, 1.9859402418136596, 1.9967433094978333, 1.9979341506958008, 1.9956769943237305, 2.0104133725166315, 2.007083427906036, 2.0153237462043765, 2.021771800518036, 2.030850625038147, 2.028956604003906, 2.031602108478546, 2.0403612017631527, 2.0453771233558657, 2.0390719294548036, 2.0538541793823244, 2.054749095439911, 2.058110046386719, 2.062269997596741, 2.0720850348472597, 2.079493713378906, 2.0791204690933225, 2.0874315142631534], "val_acc_l1": [27.594609937581026, 31.064898965231436, 32.82461127719606, 33.64129518876776, 33.467653854390306, 34.3946728502072, 34.543096914240934, 34.449134943577036, 35.08712430984082, 35.625795529177466, 35.35796812679831, 35.568560115257874, 35.692357939227776, 36.07179545908572, 34.84403436400572, 36.01409751329184, 35.98454601862714, 35.75155228831017, 35.766934997315886, 35.42046217498344, 35.68041854893196, 35.96796949481134, 36.09505822678889, 35.729994266159, 35.77642374326341, 36.00145292101074, 35.77302373256829, 36.724382472787674, 36.38660091267816, 35.535539591596, 35.71063424814989, 35.80976296877986, 35.43680702682919, 35.788747681547946, 36.19264191169036, 35.159273616709896, 35.59845435894114, 36.055821126243856, 36.18527563445494, 35.43537091895737, 35.682968919271005, 35.94445215162748, 36.21094390513579, 36.00531415029139, 36.27388441358777, 36.60171390600081, 35.72342684917753, 35.5140576451511, 35.66759404970119, 35.23532416956161], "val_loss_l2": [2.461127829551697, 2.3625701904296874, 2.3001040697097777, 2.2651159524917603, 2.2271133184432985, 2.202792906761169, 2.1867218255996708, 2.1825514554977414, 2.1727865695953366, 2.1725701332092284, 2.1716468811035154, 2.1557438850402835, 2.158299684524536, 2.171224355697632, 2.159033226966858, 2.1636932134628295, 2.1771324157714846, 2.167150044441223, 2.177429485321045, 2.1691566705703735, 2.168080425262451, 2.1828197002410885, 2.1869544982910156, 2.18954815864563, 2.209953498840332, 2.200385332107544, 2.2028645753860467, 2.220882534980774, 2.2328815698623656, 2.2262192964553833, 2.2425432920455934, 2.252869439125061, 2.2382854223251343, 2.26577935218811, 2.2633122444152836, 2.268619656562805, 2.277278017997742, 2.287838339805603, 2.2924152135848996, 2.2979530572891234, 2.2981852531433105, 2.3145825386047365, 2.3121950387954713, 2.3283249616622923, 2.326948380470276, 2.3410899877548212, 2.338143110275269, 2.336007761955261, 2.3586436033248903, 2.3512669324874875], "val_acc_l2": [24.203281692284, 26.582127143678477, 28.3533289664981, 28.678329909789912, 29.67872344875397, 30.55122433165741, 31.243224489141554, 30.907459726609222, 31.696504632226983, 31.415418872198803, 31.73253815308366, 32.14009487232579, 31.988972878585912, 31.98690034268973, 31.72413092627425, 31.68103721952197, 31.683998514032243, 32.22533528760646, 31.33075492065223, 31.94214581731505, 32.566484389768995, 32.13095372002538, 32.378633920191724, 32.35374866107218, 31.832219509150008, 32.658898302335146, 32.21440299015313, 32.2890174300267, 31.645183941920536, 31.599267936596082, 32.633101005396036, 32.30280365302424, 32.35838664842566, 32.18284416034656, 32.26051639218791, 31.95017703564705, 31.960457918379106, 32.02112711978582, 32.14105237493348, 31.866174981141935, 32.09781782650254, 32.21594516311673, 32.236427521392386, 32.35027829096772, 32.451996466304344, 31.71010214194947, 32.09112534282932, 32.05105100583031, 31.821158550675317, 32.43074500545402], "LDT_train_score": [60.2763481763258, 65.64667710897292, 68.12486014768405, 69.80308793913628, 71.52606847169389, 73.32736630118595, 74.77623629447304, 75.40277466994854, 77.06981427612442, 78.09353322891027, 78.9718057731036, 80.0514656522712, 80.46542850749609, 80.97449093756993, 82.0597449093757, 82.74222421123294, 83.11143432535243, 83.48064443947192, 83.93376594316402, 84.64421570821213, 84.8903557842918, 85.28753636160215, 85.37704184381293, 85.95882747818304, 85.8581338106959, 86.44551353770419, 86.6357126874021, 86.77556500335646, 87.03289326471247, 87.30140971134482, 87.29022152606846, 87.56992615797718, 87.8048780487805, 87.54754978742449, 87.91675990154397, 88.0174535690311, 88.23562318191989, 88.17408816289998, 88.17408816289998, 88.17968225553815, 88.49854553591408, 88.5992392034012, 88.77265607518461, 88.6216155739539, 88.76146788990825, 88.8621615573954, 88.80062653837547, 89.02439024390245, 89.08033117028418, 89.10830163347505],