{"epoch_idx": 50, "model_save_file": "models/ESEN_60-40/ESEN_60-40_1.pt", "best_joint_acc": 33.76708454495348, "best_joint_loss": 2.0788543701171873, "best_epoch_idx_loss": 12, "best_epoch_idx_acc": 27, "run_time": "758s", "train_loss": [2.509640234326004, 2.2409548639157495, 2.166597458200718, 2.1216778055243535, 2.086832027369683, 2.058567937360991, 2.033713786427036, 2.0123423616820513, 1.9934136200388637, 1.9748271807618103, 1.958021202765473, 1.940826616702823, 1.9257160550957433, 1.9107579468587117, 1.8975372844879772, 1.8845288283234347, 1.8708169022831358, 1.8590504598180086, 1.8461609963977015, 1.835439245088385, 1.8245801351486002, 1.8136759854237967, 1.8039534977816667, 1.7945090734630553, 1.7854073244497317, 1.7768819419615856, 1.7683748367729544, 1.7597877175436114, 1.7514323324238488, 1.7444828404199089, 1.737774492950614, 1.7300383169716649, 1.7231347637438987, 1.716548615639363, 1.710759933935393, 1.7044431496103964, 1.6988985893923203, 1.6930506218463992, 1.6874177330130822, 1.6819714138267237, 1.6774992964683317, 1.671725277506977, 1.6665687462605474, 1.6622544871557736, 1.6580366940673328, 1.6530859962515863, 1.649387574523961, 1.6446058318155616, 1.6393089819391935, 1.6365703409964882], "train_acc": [22.678457081286755, 28.218419212136382, 30.188731378412907, 31.39648716618747, 32.398115056511315, 33.25539771751915, 34.0033781128061, 34.613510604257186, 35.24164648315779, 35.77482172595866, 36.2427450409303, 36.850151950938866, 37.31864715339512, 37.72532027504467, 38.172255026996936, 38.48014544147017, 38.976291255611876, 39.371775486850474, 39.74075188696653, 40.228874941324506, 40.44718699535887, 40.74025547450723, 41.113889068967346, 41.407376764705724, 41.77742932063734, 41.95438902658768, 42.1618060841277, 42.58712358194341, 42.73945450953808, 42.93054136063264, 43.22403086371892, 43.37039409568603, 43.7474591499413, 43.88056345897529, 44.05851578671375, 44.26251261326948, 44.49946331551225, 44.53155234817043, 44.840133830284316, 45.057523911497796, 45.02387884544949, 45.25574071761861, 45.39599590184716, 45.58679101902371, 45.647154912076125, 45.95118363168915, 45.88443483713415, 46.088016028165214, 46.299144487035534, 46.248789783857156], "val_loss_l1": [2.197295808792114, 2.1108996391296384, 2.056355810165405, 2.031963551044464, 2.015229642391205, 2.0008416533470155, 1.9899064302444456, 1.9957156777381897, 1.978112256526947, 1.971833920478821, 1.9720082402229309, 1.9679604053497313, 1.974841892719269, 1.9740613579750061, 1.9686252117156982, 1.9749218702316285, 1.9712971091270448, 1.970179831981659, 1.9786300301551818, 1.9769014120101929, 1.9808712005615234, 1.9850301027297974, 1.9878427863121033, 1.9868349313735965, 1.9933646798133848, 1.993110346794128, 1.999412977695465, 2.0054669260978697, 2.0120828866958624, 2.0102386951446536, 2.0228040337562563, 2.0228800654411314, 2.0297741532325744, 2.0365947008132936, 2.0371636390686034, 2.042712903022766, 2.0535374879837036, 2.049272656440735, 2.056754386425018, 2.0565408706665043, 2.0647410631179812, 2.0674205780029298, 2.0729369640350344, 2.0731688380241393, 2.0818553447723387, 2.081249403953552, 2.089587926864624, 2.097914433479309, 2.0888842344284058, 2.0928254604339602], "val_acc_l1": [27.304458319223514, 30.463482212952723, 31.368106846191804, 32.94470780530948, 33.17671425776988, 33.58440596494585, 33.806842268856485, 33.54333189578402, 34.20351119353347, 34.5833073628362, 34.45378373785738, 34.56910119350732, 34.10692058248121, 34.412504344083345, 34.599841888504386, 34.81681214317523, 34.350861146572456, 34.62547351450877, 33.98946223505596, 34.671064564976774, 34.58311131164144, 34.97040011820371, 35.09760217450716, 34.77567478669794, 34.76897200533248, 34.76263916309425, 34.96134536591165, 34.43905220861163, 34.26396311421038, 34.95330227867287, 34.63945270514567, 34.48320901487323, 34.90608606987295, 34.35025326554006, 34.83598212980739, 35.10463693482229, 34.70910602829965, 34.88663452442004, 34.90057232504194, 34.61203285220521, 34.64871007048737, 34.914640567203776, 34.78977980410254, 34.726934663213555, 34.94208359458442, 34.88201383180285, 34.592286567439615, 34.30895510150576, 34.79348430813244, 34.2900978259232], "val_loss_l2": [2.460398554801941, 2.362138032913208, 2.3224822998046877, 2.2801878690719604, 2.243855786323547, 2.2294764518737793, 2.225583577156067, 2.1973545789718627, 2.1964730739593508, 2.198892021179199, 2.1973402976989744, 2.189748334884644, 2.1910294294357295, 2.188633108139038, 2.1931526184082033, 2.1899845123291017, 2.190033006668091, 2.212101054191589, 2.2043434143066403, 2.209145426750183, 2.207612442970276, 2.213596248626709, 2.2262017726898193, 2.216917204856873, 2.2312252044677736, 2.2333599805831907, 2.240009045600891, 2.232730960845948, 2.2572323560714724, 2.2660213470458985, 2.2657665967941285, 2.271770691871643, 2.2900517940521237, 2.2847646474838257, 2.287918949127197, 2.30245292186737, 2.302766489982605, 2.3250747203826903, 2.316633009910584, 2.325956869125366, 2.336296510696411, 2.34186749458313, 2.3412628889083864, 2.3597500562667846, 2.354307246208191, 2.3622593879699707, 2.367299246788025, 2.375583815574646, 2.3918608903884886, 2.3939295530319216], "val_acc_l2": [24.633444124581487, 26.65168889443383, 27.17135081957805, 28.32082387427386, 28.724932050532324, 29.87181330029835, 29.72053304083258, 30.57248991688452, 31.035890826644845, 30.709000002389672, 31.42445694246712, 31.041626554500542, 31.169636183139076, 31.33330970633672, 32.12801658055099, 31.797387076061483, 31.99599850777859, 31.921757522881126, 32.11127744418071, 31.89819031590246, 32.16363432670097, 32.07037856501772, 32.045219511832194, 32.531076147567006, 32.016723124425724, 32.36708533035738, 32.57282372399531, 32.40771565583683, 32.49716278541957, 32.34553334421654, 32.756622422958564, 32.714532421135495, 32.03210692959574, 32.62368724191671, 31.921963402815162, 32.20881373680051, 32.4128358371286, 31.910804303364255, 32.14548614989724, 32.175578889063864, 32.160840806873196, 32.07705535948798, 32.05529754707916, 32.4170224588915, 32.24618717160537, 31.60916777905799, 31.76998491912073, 31.97636091307223, 31.81032219678637, 32.164076131054244], "LDT_score": [60.23775363804058, 64.89034638245542, 66.8784587005534, 68.86144701783152, 70.51649928263988, 72.07419553187128, 73.04775568764092, 74.99487599918015, 75.6763681082189, 76.33736421397828, 77.26480836236934, 78.26398852223817, 78.9454806312769, 79.8524287763886, 79.8780487804878, 80.8362369337979, 81.30252100840336, 81.8815331010453, 82.52203320352531, 82.36318917811026, 83.11129329780694, 83.26501332240213, 83.50071736011478, 84.01311744209879, 84.14634146341463, 84.35130149620824, 84.41278950604632, 85.08403361344537, 85.0994056159049, 85.33510965361755, 85.54006968641114, 85.63742570198811, 85.85775773724123, 86.02172576347613, 86.02684976429596, 86.1703217872515, 86.057593769215, 86.53412584546012, 86.46751383480222, 86.56999385119902, 86.46238983398237, 86.62635786021727, 86.83644189383071, 86.90305390448863, 87.0772699323632, 87.06702193072351, 87.08239393318303, 87.16437794630048, 87.25148596023774, 87.25660996105759], "test_loss_l1": 2.064145731925964, "test_acc_l1": 35.614350028749776, "test_loss_l2": 2.3696768283843994, "test_acc_l2": 31.80065136079388}