{"epoch_idx": 100, "model_save_file": "models/ESEN_60-40/ESEN_60-40_2.pt", "best_joint_acc": 34.944370296721246, "best_joint_loss": 2.0570666670799254, "best_epoch_idx_loss": 13, "best_epoch_idx_acc": 24, "run_time": "1397s", "train_loss": [2.4895257304567804, 2.2424001146894006, 2.173223798428108, 2.1275803867830057, 2.0929974525346653, 2.064167626953998, 2.0399143291175905, 2.017426579917241, 1.9977609422228744, 1.9782434362883958, 1.9600626383352713, 1.9428328997498256, 1.9272797873260787, 1.9124030700517352, 1.8979179224836722, 1.8838161426946651, 1.8708568570810709, 1.8577818990847392, 1.8455620451804702, 1.8335787468000297, 1.8227980557931664, 1.8113933457147087, 1.8015524969188446, 1.7916496078902433, 1.783164079036188, 1.7729723639444472, 1.7646990347346037, 1.7558657581653074, 1.7475131033757418, 1.7410939488935908, 1.7321504048251235, 1.724700709548566, 1.7185386572409107, 1.7118115168099, 1.7048041454148946, 1.698820292949676, 1.6924380670993708, 1.6863135804823772, 1.6816327960119328, 1.674815215102029, 1.6706035640261587, 1.6651693976253552, 1.6601021410128396, 1.6550276634890007, 1.6510866191409053, 1.6461929580487238, 1.6419017036026782, 1.6367265778944038, 1.6332366674318235, 1.630024728425052, 1.6251422675377725, 1.6220074060860037, 1.6178082162087113, 1.6138850466920707, 1.611144391221738, 1.6075029088816501, 1.6045015087915133, 1.601417806170402, 1.5980178407572831, 1.5944129321553282, 1.5925738368559326, 1.589488028933149, 1.5853647212369728, 1.5840065544898354, 1.5807928962445035, 1.5784116562353359, 1.5762879607874327, 1.573098703261909, 1.5709787339245502, 1.5698768042643136, 1.565725427155101, 1.5636391634241154, 1.5613879091149074, 1.5606095615876923, 1.5578989703720876, 1.5560142747852772, 1.5537803118382028, 1.5517838170769012, 1.5489719641318018, 1.5469125902980834, 1.5452595221886944, 1.5443673215874838, 1.5431543862054098, 1.5414632695530524, 1.537904686884049, 1.5370600650069914, 1.535260208702962, 1.5336132219078342, 1.532889618786104, 1.5308232225409344, 1.5295918173746226, 1.5267289330106262, 1.5259441957561242, 1.5246036987785896, 1.5239323612746842, 1.5218679401852668, 1.5210334527383154, 1.5199912677117433, 1.518146156717878, 1.5168394156552225], "train_acc": [22.963980624092038, 28.093838844248697, 29.83736868114274, 31.232653798529252, 32.07587467312415, 32.98809451588919, 33.72760019111335, 34.372005965251866, 35.04186472241069, 35.60557734376654, 36.14496242260075, 36.73503908030267, 37.200228514878795, 37.747118896587985, 38.093445393860655, 38.63443262822212, 39.02860746135311, 39.41845849038892, 39.76876426749055, 40.08732403154673, 40.49570695281466, 40.73187861764967, 41.10786730880655, 41.231776124653884, 41.56471954460407, 41.87065906166252, 42.19547411764934, 42.47284561951788, 42.70478605909591, 42.84525079576247, 43.244347373476145, 43.4695487460286, 43.59202515759644, 43.760383161695415, 43.96446095608349, 44.19071560671623, 44.46812930020076, 44.58761541344458, 44.73119944129891, 44.98800415269275, 45.139623866855885, 45.282447761307424, 45.33144799923627, 45.56535272012777, 45.710016303086526, 45.78436742337468, 46.080560858059144, 46.145706745734884, 46.181524289051595, 46.35273871815386, 46.447060546543064, 46.50424917600644, 46.76693692461903, 46.86728982138115, 46.925343247568954, 46.938954764323064, 47.09418998165986, 47.334448338124425, 47.29813591225532, 47.48025656032445, 47.538762620494346, 47.52996902295692, 47.64305217980559, 47.73167543747576, 47.85445200502542, 47.850537700201315, 47.979970772043266, 48.01206040229689, 48.15296939370939, 48.11436307520174, 48.33702601809696, 48.271461176613045, 48.37573002934542, 48.445147151162395, 48.54062101017511, 48.53098844639766, 48.61666332422214, 48.707572033829614, 48.73950224292681, 48.728911207202835, 48.83929898705518, 48.885213708991294, 48.93312810495475, 48.96309059665188, 49.09087724801013, 49.069736461784906, 49.08803235165181, 49.2570392760045, 49.21199121163422, 49.33371778292675, 49.2727209325533, 49.39493150842807, 49.49883737499957, 49.36477159829498, 49.57473979184103, 49.56883685364598, 49.50612621408534, 49.59609310569089, 49.619881069566425, 49.6634184029933], "val_loss_l1": [2.1872464418411255, 2.1119035959243773, 2.063145017623901, 2.0194959402084347, 2.0121012806892398, 1.989568305015564, 1.9807008385658265, 1.9718107819557191, 1.9628564596176148, 1.9581920385360718, 1.950634241104126, 1.948662781715393, 1.9435600519180298, 1.9394639253616335, 1.945223891735077, 1.9427512645721439, 1.940988838672638, 1.9466583728790283, 1.9526696085929869, 1.9479602098464968, 1.9531577706336973, 1.9497426509857179, 1.9539823651313784, 1.94827880859375, 1.9577710390090943, 1.9657492995262145, 1.9686685323715212, 1.9692563891410828, 1.972321844100952, 1.974592125415802, 1.979253697395325, 1.9857999682426453, 1.9763968586921692, 1.988404166698456, 1.9833589792251587, 1.9981424331665039, 2.0001831650733948, 1.998036754131317, 2.00962381362915, 2.0076035261154175, 2.0186943173408505, 2.017000901699066, 2.014803993701935, 2.023645353317261, 2.0298888325691222, 2.029535138607025, 2.0449021458625793, 2.049386978149414, 2.0444257736206057, 2.0491147398948666, 2.052187514305115, 2.058080720901489, 2.0554248690605164, 2.064364051818848, 2.0657484292984014, 2.0677701473236083, 2.0733265399932863, 2.0834675073623656, 2.0736948013305665, 2.0803295731544496, 2.0845680713653567, 2.0984681725502017, 2.0930049777030946, 2.0924510002136225, 2.1044893980026242, 2.1022259950637814, 2.1064193844795227, 2.1100037336349486, 2.1070695638656614, 2.110664260387421, 2.1184366106987, 2.1110476374626157, 2.1186955213546756, 2.130859041213989, 2.1254833459854123, 2.1396774888038634, 2.1345428943634035, 2.134480118751526, 2.1413842916488646, 2.141021025180817, 2.1576929092407227, 2.1485335588455197, 2.1615931630134586, 2.164369869232178, 2.1719663143157955, 2.1617850542068484, 2.1611680269241336, 2.173792266845703, 2.176543879508972, 2.1749869346618653, 2.1753957033157345, 2.1887388229370117, 2.18335587978363, 2.189966654777527, 2.1930819749832153, 2.1849912881851195, 2.2007217407226562, 2.1918452739715577, 2.2010801315307615, 2.1959599018096925],