{"epoch_idx": 50, "model_save_file": "models/LSTM/128/ESEN_60-40/ESEN_60-40_1.pt", "best_joint_acc": 33.491663456136465, "best_joint_loss": 2.063829320669174, "best_epoch_idx_loss": 45, "best_epoch_idx_acc": 41, "run_time": "210s", "train_loss": [2.7024275696638855, 2.391867518424988, 2.3222001285263967, 2.2834689996459265, 2.2541172757293237, 2.2322773951472668, 2.215321483034075, 2.2010449568430577, 2.186484515666963, 2.1770122358293245, 2.1675410686117225, 2.1580933892365657, 2.1481285095214844, 2.139161283319646, 2.1333989410689376, 2.1273430838729395, 2.11857130130132, 2.1131395878213834, 2.1064588644287805, 2.1009937831849763, 2.0950283679095185, 2.0908741589748487, 2.0843910340106864, 2.0822099627870503, 2.075272036321238, 2.0701811584559353, 2.064145799839134, 2.060728763992137, 2.0577228141553485, 2.053739708481414, 2.048045193607157, 2.0438442681774944, 2.0394951954032443, 2.0371994773546858, 2.03256940028884, 2.0291508643916165, 2.0254960403297875, 2.021915567643715, 2.020641267299651, 2.0142335674979472, 2.009611329345991, 2.008298146002222, 2.003229156588063, 2.001607627579661, 1.99862322753126, 1.9941816275770012, 1.9919396395033053, 1.9880614533568877, 1.9857464026321061, 1.9822048806782915], "train_acc": [19.445460828438826, 24.332781487753355, 26.10733295370122, 27.15226843061469, 27.617314788303254, 28.412659537234287, 28.938150834289942, 29.231208698139785, 29.646655961811966, 29.904249609238832, 30.264393222101038, 30.385672682013368, 30.609235097165136, 30.980579430734114, 31.0312360575156, 31.268248829322427, 31.58847774236878, 31.660550876358265, 31.93642008467917, 31.91934868501286, 32.14476998551357, 32.358290370986445, 32.52972575591118, 32.69210292534154, 32.93250075893362, 32.885375473882206, 33.23367555740066, 33.26619262877911, 33.44479186054012, 33.39788020651229, 33.6616598953123, 33.7969171202806, 33.90658845939285, 34.21149988211785, 34.196371334624715, 34.248564249086705, 34.46736820554661, 34.4505150617014, 34.61304753462699, 34.623562761812245, 34.84949703786316, 34.94292274612486, 35.02053872741159, 35.053726882730004, 35.157946340556535, 35.346474079524114, 35.371288839614046, 35.59824387479239, 35.7051511986395, 35.66755891763655], "val_loss_l1": [2.3015897274017334, 2.2003083944320676, 2.1544782638549806, 2.1154160737991337, 2.100850939750671, 2.0904616594314582, 2.074275231361389, 2.060042142868042, 2.0510534286499027, 2.0374644517898557, 2.029515099525452, 2.028459227085114, 2.02341001033783, 2.0156612277030947, 2.007148551940918, 2.0033487677574158, 1.9974157452583312, 1.9960277318954467, 2.0004269838333135, 1.9862916588783266, 1.9881663322448733, 1.9772520065307617, 1.9779082536697388, 1.9801934361457825, 1.9715076208114624, 1.97336745262146, 1.9739312052726745, 1.970814907550812, 1.9715495347976681, 1.9668618917465208, 1.9639299154281615, 1.960554015636444, 1.959361183643341, 1.9618134140968322, 1.9552636027336119, 1.9601898670196534, 1.9572872638702392, 1.9594597578048707, 1.9600458383560182, 1.9612151622772218, 1.955644118785858, 1.961878764629364, 1.9575958132743836, 1.9545171141624451, 1.9574293255805968, 1.9529156327247623, 1.953585648536682, 1.9571800231933594, 1.9543420553207398, 1.9567469358444214], "val_acc_l1": [26.086275256720416, 28.422099849976927, 29.007130451461506, 30.987556024185444, 30.991768363654444, 31.314137118615562, 31.76078720820067, 32.01066632867128, 32.13302978932611, 32.509559053441585, 33.2697188642686, 33.08749917701083, 33.168453241917234, 33.67310693184202, 33.66793171946583, 34.254376268310445, 34.07536739982451, 34.10745181312218, 34.07003469743477, 34.616485219961085, 34.11992984406041, 34.538713424478736, 34.89602223023324, 34.39120692545976, 34.511982068107116, 34.555764112242066, 34.65826831368595, 34.93440057114132, 34.51587242606891, 34.854981166243704, 35.15736508106782, 35.24015771263863, 35.00121596411982, 35.27851504347485, 35.511729670231375, 34.94595565947722, 35.29113326407828, 35.13869106255562, 34.819329634259695, 35.10160064180506, 35.26368103119026, 34.74801698036256, 35.11926379801474, 34.85782362910995, 35.16896639480734, 35.30059945803557, 35.326781062771715, 35.13841702228531, 35.36162269402898, 35.41115657889945], "val_loss_l2": [2.580053663253784, 2.464389991760254, 2.4080833911895754, 2.380340003967285, 2.342112684249878, 2.3183683395385737, 2.299081015586853, 2.2900417327880858, 2.2838145256042477, 2.2733122825622556, 2.265943717956543, 2.247223901748657, 2.2390315532684326, 2.235350465774536, 2.2350054740905763, 2.230187249183655, 2.2361581802368162, 2.218953394889832, 2.2039654970169065, 2.2118054628372192, 2.2017416954040527, 2.2097859382629395, 2.199599575996399, 2.190245342254639, 2.200542712211609, 2.191350913047791, 2.1852710485458373, 2.1911720752716066, 2.1827178478240965, 2.18697817325592, 2.1856499195098875, 2.189271879196167, 2.1914033889770512, 2.179817247390747, 2.1888803482055663, 2.1767589807510377, 2.1827120065689085, 2.1789711713790894, 2.1736377000808713, 2.1788944244384765, 2.17993655204773, 2.1746182441711426, 2.174450993537903, 2.184170174598694, 2.1702293157577515, 2.1787706136703493, 2.182000017166138, 2.181968641281128, 2.1821884393692015, 2.177502703666687], "val_acc_l2": [21.66313134598333, 23.795888132428278, 25.87395494031694, 26.408134835453808, 26.86212808677049, 27.224504598793253, 27.70758276723443, 28.136993447325775, 27.98072678079009, 28.412082489369652, 28.51478123760479, 29.123835870096045, 29.102523297370183, 29.10421088276734, 29.252889639956162, 29.39379335461649, 29.152051085852108, 29.761234767381563, 29.89149219684534, 29.99046978643097, 30.50207064100915, 29.895779835356752, 30.13042591362826, 30.411454203435117, 30.1552752877562, 30.3637698554048, 30.609942968358197, 30.784968666139438, 30.904039516326602, 30.52717668556159, 30.69667719897242, 30.352190659053573, 30.669638925617424, 31.097162169384927, 30.86494536657182, 31.201356107929353, 31.093207654811213, 31.08292434190439, 31.403782653238927, 31.278114854464174, 31.719645881082663, 31.344977577988967, 31.26107624679464, 31.1607149131257, 31.630576996065066, 31.124410696182466, 31.02753723079549, 31.021978519591066, 31.14143920800072, 31.363103873767795], "test_loss_l1": 1.9725719571113587, "test_acc_l1": 34.93323707894763, "test_loss_l2": 2.190105867385864, "test_acc_l2": 31.84847167051207}