{"epoch_idx": 50, "model_save_file": "models/ESEN_60-40/ESEN_60-40_4.pt", "best_joint_acc": 34.2273178262217, "best_joint_loss": 2.0696371495723724, "best_epoch_idx_loss": 15, "best_epoch_idx_acc": 46, "run_time": "740s", "train_loss": [2.503267108847241, 2.242603915547012, 2.1679677449235113, 2.122215517617146, 2.0874290646763, 2.05963828038732, 2.035432183961255, 2.013953512414879, 1.994051932741743, 1.9754645386967096, 1.9584611413675712, 1.9422670241889604, 1.927370119532314, 1.9120686130786164, 1.8982686236364035, 1.8845383885803577, 1.872271133125375, 1.8601337069765145, 1.8474854230880737, 1.8363862814159566, 1.8254949067710742, 1.8153159394176723, 1.8044905356310914, 1.794448541938712, 1.7852748654304293, 1.7762047796074394, 1.7678874583419308, 1.7595019641272511, 1.751208164823165, 1.743639840445387, 1.7363478749170218, 1.728888653833932, 1.7227734168735116, 1.7159667026012317, 1.7091304774678082, 1.7031563695417637, 1.6977265663103223, 1.6909143066187526, 1.686776314306697, 1.6796502804537425, 1.6747792390508391, 1.6702183337386594, 1.665458703806641, 1.6611720170449775, 1.6554243531795803, 1.65052768068576, 1.6468219390702905, 1.6421984319293166, 1.6386192490201474, 1.634450781236001], "train_acc": [22.494686711056783, 27.96537624840516, 30.100349584985263, 31.348563876455145, 32.3554173782598, 33.23069654269121, 34.006068719167395, 34.6152073241585, 35.298310107829856, 35.77061119872926, 36.26231541285658, 36.766135134154375, 37.17152848150778, 37.64328983441896, 38.15556251963171, 38.5604624121402, 38.899000405546275, 39.307853024550646, 39.75918686135246, 40.09670782249383, 40.48863972140701, 40.760135194034675, 41.00753264134615, 41.36701950744715, 41.66392375993374, 41.94276917514933, 42.24760561622497, 42.511711866441104, 42.76239979864637, 42.977232062457524, 43.18509643576348, 43.45956547366411, 43.75974673273789, 43.881434578020375, 44.11158611215774, 44.2940124786641, 44.341863835107766, 44.79038207377893, 44.739887277399575, 45.077538702051854, 45.21305016150834, 45.30176195455019, 45.41023375506762, 45.62695143157085, 45.87019699095704, 45.984924939288504, 46.02056834915568, 46.15405176966681, 46.221441424126134, 46.38160927883161], "val_loss_l1": [2.203885221481323, 2.1021562814712524, 2.0693422317504884, 2.041237533092499, 2.0178006410598757, 1.998921549320221, 1.9985670447349548, 1.9976256489753725, 1.9838829755783083, 1.9761595726013184, 1.9691619277000427, 1.9709999799728393, 1.9667368888854981, 1.9663612842559814, 1.9689656615257263, 1.9680408120155335, 1.9686919331550596, 1.963481819629669, 1.9705022215843202, 1.9813291907310486, 1.9759051442146303, 1.9799124717712402, 1.9847016811370848, 1.9926285147666931, 1.9823472619056703, 1.9946672439575197, 1.9911919593811036, 1.9989609241485595, 1.9975390553474428, 2.007140779495239, 2.0151312828063963, 2.0218894958496096, 2.0200715184211733, 2.0353586673736572, 2.029076540470123, 2.0406721234321594, 2.0395608544349666, 2.042271363735199, 2.053646612167358, 2.0471075534820558, 2.0541492223739626, 2.0658778190612797, 2.0704166769981383, 2.0733668923377992, 2.080396330356598, 2.0749943614006043, 2.089265513420105, 2.0952521920204163, 2.0951125383377076, 2.1012123823165894], "val_acc_l1": [27.243296397715582, 30.176007369904283, 31.11824740589083, 31.7055997846174, 33.19539757655028, 33.98325048597116, 33.36565696091539, 33.77955778336235, 34.339989075154215, 34.14375212082089, 34.946285875085515, 34.520126684267346, 34.722055277682585, 34.24895162149646, 34.76103821902502, 35.04290887902264, 34.96304182953281, 34.79011951026878, 34.88378702404538, 34.56401559950245, 34.77267851850969, 34.5667890367057, 34.45263455286709, 34.87644649094013, 35.44811222384865, 35.2599284185626, 34.74361116524331, 35.19332550942268, 35.604226264232246, 35.10397194555497, 35.07294049961354, 35.42111683646916, 35.12951136226702, 34.85347513173756, 35.38945642940859, 35.16570787160048, 35.262140696771624, 35.035734362670055, 34.81988615848809, 35.274194773234875, 35.74155992995445, 35.13755418683061, 34.66152635670007, 35.27868685083895, 35.2567027047253, 35.63224586041285, 34.9653606374526, 34.835592442860715, 34.60211465229165, 34.22442694195507], "val_loss_l2": [2.451485824584961, 2.358515477180481, 2.300386905670166, 2.2644712209701536, 2.2502931118011475, 2.2326011657714844, 2.204796481132507, 2.1979259490966796, 2.1940979957580566, 2.1874229669570924, 2.1878578662872314, 2.181499218940735, 2.1850172519683837, 2.1796744823455807, 2.170308637619019, 2.178500103950501, 2.17809579372406, 2.19039466381073, 2.1875865936279295, 2.1792591333389284, 2.1839844942092896, 2.194804263114929, 2.193721580505371, 2.2025378465652463, 2.211170482635498, 2.217222785949707, 2.2279707193374634, 2.227735662460327, 2.2365145921707152, 2.239791011810303, 2.2448363065719605, 2.242762565612793, 2.251006531715393, 2.2482315778732302, 2.2591323614120484, 2.275803184509277, 2.268037486076355, 2.2774216890335084, 2.2847961664199827, 2.3066293478012083, 2.2973132371902465, 2.3039912700653082, 2.3080624103546143, 2.31098313331604, 2.3209849834442142, 2.3284212827682493, 2.333396458625794, 2.3437772274017337, 2.345611906051636, 2.3446996212005615], "val_acc_l2": [23.980908222353502, 26.632407775846005, 27.628916107911, 28.35127058164626, 28.95458993362304, 29.931101221012515, 30.25237283763383, 30.587815527991822, 30.775175635731685, 30.964014723278055, 31.055259147095455, 31.32814720969753, 31.47738385639837, 32.03373148103799, 32.474231306607116, 32.02291097370368, 32.55631275719684, 31.994058430223603, 32.40559152618287, 32.8038631635869, 32.35133318154174, 32.50585284722308, 32.65192912554724, 33.28171294456987, 32.354214253936746, 31.974089575149243, 32.56561279759073, 32.448307715154634, 32.61309841729761, 33.03903824910289, 32.52966636637697, 32.817514847101364, 32.9303605499015, 32.75503984111087, 32.7233188107281, 32.56455611159987, 32.66531742695535, 32.59214820622571, 32.53897087222796, 32.003553679274525, 32.293223961480656, 32.84819230038588, 32.65239390461949, 32.49050320390488, 32.19097777229957, 32.82238979203055, 32.62993166481507, 32.07834985095285, 32.30674821404666, 32.620356928920955], "LDT_score": [60.078909612625544, 64.12687026029924, 66.84771469563435, 68.85632301701168, 70.87005533920886, 72.00758352121336, 73.40131174420988, 74.12379585980734, 76.02992416478787, 76.73191227710596, 77.1828243492519, 78.20762451321993, 78.72002459520392, 79.35027669604428, 80.12400081984013, 80.27772084443534, 81.08218897315024, 81.8302930928469, 82.0096331215413, 82.35294117647058, 82.62963722074196, 83.3367493338799, 83.44435335109654, 83.72104939536791, 83.96700143472023, 84.23857347817176, 84.64336954293913, 84.83295757327322, 84.65361754457881, 85.0737856118057, 85.42221766755482, 85.45296167247388, 85.8526337364214, 85.71428571428571, 86.04734576757532, 86.02684976429596, 85.94998975199836, 86.09858577577373, 86.50850584136094, 86.5546218487395, 86.60073785611806, 86.60073785611806, 86.64172986267677, 86.83644189383071, 86.8108218897315, 86.97478991596638, 87.06189792990367, 87.0414019266243, 87.05164992826398, 86.95941791350687], "test_loss_l1": 2.073599946498871, "test_acc_l1": 34.91972546145094, "test_loss_l2": 2.4164037227630617, "test_acc_l2": 30.221442015411686}