{"epoch_idx": 50, "model_save_file": "models/ESEN_60-40/ESEN_60-40_0.pt", "best_joint_acc": 34.708144982526676, "best_joint_loss": 2.0538588583469393, "best_epoch_idx_loss": 13, "best_epoch_idx_acc": 27, "run_time": "814s", "train_loss": [2.5059952429675176, 2.2563318298497337, 2.179518905254679, 2.1323210919668916, 2.0974135705090426, 2.0683708338562505, 2.044304928101531, 2.0212391057145713, 2.0005402931379614, 1.9818096303064878, 1.963231944709744, 1.946174700325782, 1.9298039980984611, 1.9147012780565729, 1.8995090575393192, 1.8861367172057473, 1.8723269285412012, 1.8592055182938185, 1.8472108004290024, 1.8349982702403986, 1.8246721433937, 1.8134827520869194, 1.8028404072884028, 1.7931090308985573, 1.7832693566969777, 1.773744927086962, 1.7658644384200424, 1.7576603588707946, 1.7489136402760082, 1.740928141348954, 1.733848935420359, 1.7266963463310796, 1.7199584464414406, 1.713004811641273, 1.7061839152913583, 1.6996461355358083, 1.693667821927902, 1.6878262878557955, 1.6822863297724941, 1.6767757097515497, 1.6709879839092223, 1.6663732441193475, 1.6613656960496113, 1.6560898412258251, 1.6512616429853881, 1.6480723974901603, 1.642869842161826, 1.638704328362, 1.6345329361224392, 1.6306348328196678], "train_acc": [22.54589837352825, 27.648098221702565, 29.47058670705826, 30.86551815419863, 32.053193006540084, 32.86671880747118, 33.4619845002264, 34.29397620851006, 35.07425976362919, 35.50613209476583, 36.14624580681762, 36.67401183842628, 37.252287640627976, 37.68691883164807, 38.19916589917882, 38.601404365036906, 39.02757662466616, 39.29718117737134, 39.692652899435416, 40.16664739928124, 40.47865537316008, 40.858423495208015, 41.209835371080345, 41.388398357907555, 41.74477842679082, 41.99999130105119, 42.242605325285126, 42.58620718192635, 42.842389885027494, 43.09054837462797, 43.380700690657626, 43.519925116360454, 43.67626281159839, 43.967799670670566, 44.17573963548818, 44.467736176633665, 44.5788611687364, 44.81312296064091, 44.86355510644197, 45.08859584282165, 45.304887514452425, 45.39091550003439, 45.601533654523664, 45.64903875370151, 45.93504843338951, 46.05448509475911, 46.149234291716034, 46.30754880413396, 46.447395935729666, 46.51596122941953], "val_loss_l1": [2.196621417999267, 2.1074848890304563, 2.0697959423065186, 2.02128210067749, 2.0153286933898924, 2.0016643643379215, 1.9834220528602597, 1.9731682538986206, 1.963289451599121, 1.9682922124862672, 1.9566372156143188, 1.955675733089447, 1.9439284682273865, 1.9501309633255004, 1.94927020072937, 1.9480138063430785, 1.9493091583251951, 1.9451644778251647, 1.9496437430381774, 1.9565624594688416, 1.9482773900032044, 1.9487336993217466, 1.9582769870758057, 1.9642531394958496, 1.9618347883224487, 1.959405827522278, 1.9650260090827945, 1.9640239238739015, 1.9705710768699647, 1.9757094621658324, 1.9790945649147034, 1.9835280299186706, 1.9941667199134827, 1.9985132455825803, 1.9970540642738344, 1.994807803630829, 2.003413534164429, 2.011755383014679, 2.00405695438385, 2.0113712787628177, 2.0215326189994816, 2.025326561927795, 2.0281557083129886, 2.0316877365112305, 2.031916618347168, 2.045598363876343, 2.0419327855110168, 2.048678159713745, 2.05070880651474, 2.0483472943305974], "val_acc_l1": [28.558054947129367, 30.63810640242972, 31.93603542778299, 33.350021992545166, 33.236878329556454, 33.99431369147376, 34.941249167515096, 35.31496081656633, 35.916085265591704, 34.82330356045414, 34.976814928345085, 35.52594595173318, 36.20507054314257, 36.00260995199935, 36.16907234415172, 35.744009940221765, 35.69738558123972, 36.555102342687995, 36.4686001088059, 35.954764731235734, 36.253868204049304, 36.395963561988665, 35.411502904491066, 36.263913340580075, 36.15650114357991, 36.80987603650828, 36.777404292741224, 36.33960894420785, 36.238119310529626, 36.805079377914076, 36.52962110597786, 36.442618364224494, 36.118889540025236, 36.16179906264943, 36.337359624287686, 36.58451326412876, 36.07312994774986, 36.296774740661924, 36.76081048945539, 36.481675377468825, 36.21700993775218, 36.216706376383144, 36.46103580199873, 36.697970685275955, 36.64039632096651, 35.82720255940467, 36.28424490111536, 36.28845428352409, 36.176867473144114, 36.30091453586678], "val_loss_l2": [2.476654744148254, 2.356022953987121, 2.294485402107239, 2.27362003326416, 2.226273202896118, 2.2112553834915163, 2.2019691705703734, 2.18346312046051, 2.18400092124939, 2.1685524940490724, 2.168446946144104, 2.1629384756088257, 2.163789248466492, 2.159671926498413, 2.162634110450745, 2.1687394857406614, 2.172981810569763, 2.183725738525391, 2.1609979629516602, 2.1798376560211183, 2.193321251869202, 2.1897834062576296, 2.1934563636779787, 2.2000522375106817, 2.211170530319214, 2.2149081945419313, 2.2194308757781984, 2.229744410514832, 2.2317528009414676, 2.2506860494613647, 2.244701361656189, 2.263223266601562, 2.255541133880615, 2.2584393262863163, 2.270437407493591, 2.283932948112488, 2.291629457473755, 2.284159541130066, 2.2980500459671025, 2.2940084934234624, 2.3109021186828613, 2.3082257747650146, 2.317980694770813, 2.322692608833313, 2.335291790962219, 2.3263851165771485, 2.3468445062637326, 2.3502499580383303, 2.368206596374512, 2.3785549879074095], "val_acc_l2": [23.509241883822234, 26.41305087812068, 27.7853732371652, 28.30798785636219, 29.307427493394883, 29.98452993613031, 30.601595891793114, 30.9755228358266, 30.05176944718168, 31.359955418756847, 31.801661563574758, 31.10286587591602, 31.712768067796144, 31.694323579905863, 32.51239992695819, 31.444943490325947, 31.605023029560517, 32.07967954210698, 32.68987157861942, 32.56851652944592, 32.11507135584344, 32.59731128652038, 32.57905714980559, 32.67800767615109, 31.952321760118103, 32.202710771385455, 32.638885672312135, 32.76456686826253, 32.75515760168859, 31.4812592870262, 32.660017999201926, 32.450937481774126, 32.75124782623469, 32.57689627142069, 32.42454819435205, 31.37737300456112, 32.18791852805222, 32.14516066580744, 32.24340736295609, 32.34038095209004, 32.7719755376214, 32.54110452597535, 31.916492189592546, 32.62545804638915, 31.96352390485978, 32.75379043881923, 32.073156495050966, 31.76680617721833, 31.96533996050479, 31.923417716268453], "LDT_train_score": [60.701499216827024, 64.56142313716715, 67.962631461177, 69.63526515999105, 71.6771089729246, 73.17073170731707, 74.27276795703736, 75.74960841351532, 76.73976281047214, 78.03759230252852, 78.92145893936004, 79.4696800179011, 80.88498545535914, 80.8961736406355, 81.8639516670396, 82.47370776460058, 82.7925710449765, 83.42470351309018, 84.1519355560528, 84.34213470575072, 84.84560304318639, 84.98545535914074, 85.60639964197807, 85.7742224211233, 85.99239203401208, 86.50145446408592, 86.97135824569256, 86.42313716715148, 86.97135824569256, 87.24546878496308, 87.1559633027523, 87.46363839785187, 87.62586708435892, 87.87200716043859, 88.15171179234727, 87.93354217945848, 88.15171179234727, 88.06780040277467, 88.39785186842694, 88.41463414634147, 88.23562318191989, 88.64958603714477, 88.47616916536137, 88.50413962855225, 88.57686283284852, 88.84537927948087, 88.87894383530991, 88.97963750279705, 88.83419109420451, 88.99641978071156],