{"epoch_idx": 50, "model_save_file": "models/ESEN_60-40/ESEN_60-40_2.pt", "best_joint_acc": 33.96015027596141, "best_joint_loss": 2.0797775030136108, "best_epoch_idx_loss": 14, "best_epoch_idx_acc": 32, "run_time": "790s", "train_loss": [2.505968532431015, 2.246630133838828, 2.1724909237765395, 2.1242591241084114, 2.088749946804223, 2.061414515753404, 2.036092953944424, 2.0147981523373804, 1.9949284955995887, 1.9764317465484682, 1.9595567294217027, 1.9430960383983926, 1.9285206871295195, 1.9128640747945231, 1.8998216860884913, 1.8860844165906987, 1.8738103148040421, 1.861189377417258, 1.849040530143527, 1.8377708256791496, 1.8273311071439622, 1.816849150788893, 1.8068265614159604, 1.7966954680757783, 1.7882008711132442, 1.7783944147442456, 1.7705410418160459, 1.761178776758526, 1.7544376702483642, 1.7459466572201578, 1.7388014776991039, 1.7305084166176827, 1.7250691411692072, 1.7176263611251066, 1.711572458984655, 1.7052915588431394, 1.6993492180054333, 1.693724098008708, 1.6879397805677636, 1.682679220623927, 1.6774798188734492, 1.6716438657646882, 1.6667732470626133, 1.6625984704822578, 1.657398154429339, 1.6533746298300027, 1.6494083568590503, 1.6445975850481507, 1.6400789574745596, 1.6359582734764175], "train_acc": [22.794600380187006, 28.005638187059454, 29.963219164046816, 31.105623695565306, 32.20091403803189, 33.06430700485303, 33.76003815135705, 34.466780595598635, 35.0372470521593, 35.665900075462545, 36.09766736041248, 36.754391064413404, 37.09300002432936, 37.68607962163142, 37.95357754500024, 38.45381130629661, 38.86018000636901, 39.327780597277375, 39.55163305276107, 39.949330836775594, 40.36248011167123, 40.68393781530944, 41.02300708031525, 41.35167663110704, 41.40853214090365, 41.868733875143356, 41.959377363435294, 42.415949819526, 42.57822382852355, 42.955462297144145, 43.112280253785755, 43.27172836121997, 43.66879406600189, 43.729611844239194, 44.025876095199195, 44.15332938399418, 44.27143595168856, 44.65568854445699, 44.710225109402195, 44.839917751482254, 45.102636561615654, 45.304405716688045, 45.33301355989105, 45.5114048894677, 45.633064338156736, 45.832961987612954, 45.83668742955637, 46.044979061337045, 46.14314577552769, 46.33775854550679], "val_loss_l1": [2.2139928102493287, 2.1079081296920776, 2.061533975601196, 2.027076017856598, 2.02121821641922, 2.000252032279968, 1.9867459297180174, 1.9775516271591187, 1.9707069158554076, 1.97371129989624, 1.9737812519073485, 1.9628481268882751, 1.9556174278259277, 1.957939338684082, 1.9725881457328795, 1.9585801601409911, 1.9587915778160094, 1.9678241729736328, 1.956645917892456, 1.9658594608306885, 1.964538288116455, 1.9704486012458802, 1.9729795813560487, 1.9663180112838745, 1.9721143245697021, 1.9807159543037414, 1.9868825912475585, 1.9922032952308655, 1.9874742507934573, 1.9957800030708313, 1.9967707514762878, 2.0013669967651366, 2.0051053762435913, 2.0001492142677306, 2.014482223987579, 2.016092038154602, 2.0183707714080814, 2.029202675819397, 2.033116579055786, 2.033952701091766, 2.0392009019851685, 2.0445441961288453, 2.0481669425964357, 2.0473261237144467, 2.0572551012039186, 2.0638638615608214, 2.0662070631980898, 2.0695897698402406, 2.07772958278656, 2.0779217243194577], "val_acc_l1": [28.250200337889265, 30.86664220810805, 31.632333460714307, 33.0761021588119, 32.931746803287915, 33.021434683637196, 32.971891049851045, 33.704555079881615, 34.20069668198129, 34.0427816056968, 34.630011313728794, 34.57565342796744, 34.628192820376036, 34.848637447042215, 35.02560529003102, 34.53560501825078, 34.86066357548783, 34.76932702812373, 35.26726387513998, 35.02379409556259, 35.25934579915544, 34.42822734740969, 34.96142970544829, 35.44264835504105, 35.3698256511993, 35.11320185922407, 34.93564803576803, 35.27632008126524, 35.60601237965339, 35.3884551269567, 34.964335082635316, 35.61915753878379, 35.32208011363461, 35.32704831137241, 34.43836475915721, 35.45371630942472, 35.38271027325364, 35.18350072257259, 35.009416611745465, 34.952114432755664, 35.80953932072806, 35.351606595184805, 34.84966254712896, 35.31289894439649, 35.382589745081496, 34.99617453183796, 35.34019068908307, 35.02339807916684, 34.82621984738524, 35.352912324218394], "val_loss_l2": [2.4650234937667848, 2.382990288734436, 2.3301105737686156, 2.2953134059906004, 2.252897548675537, 2.24120557308197, 2.233763313293457, 2.2237782001495363, 2.218454146385193, 2.2110182762146, 2.1971481800079347, 2.20821418762207, 2.20918927192688, 2.2016156673431397, 2.198560070991516, 2.2078486680984497, 2.2023366689682007, 2.2016515493392945, 2.220019507408142, 2.2191968679428102, 2.228554630279541, 2.225034070014954, 2.22103955745697, 2.2362310171127318, 2.2399172544479367, 2.2349468231201173, 2.2472880840301515, 2.2489555835723873, 2.2674305200576783, 2.2675780296325683, 2.2741193294525144, 2.2914007663726803, 2.2908528327941893, 2.309206795692444, 2.3032135009765624, 2.311884355545044, 2.3231112003326415, 2.322247052192688, 2.328841733932495, 2.344753575325012, 2.3486369609832765, 2.3521743297576907, 2.359793758392334, 2.3650003433227544, 2.363497996330261, 2.365991950035095, 2.383727383613586, 2.386876130104065, 2.389852976799011, 2.3953454732894897], "val_acc_l2": [24.559221426740287, 26.09608815581565, 27.059785335171156, 27.879057921325384, 29.148686735450507, 29.668436187175164, 29.848508020921862, 30.019148701520102, 30.27863716313032, 30.200736585225915, 30.804279163290797, 31.187497446703897, 30.763066267710908, 31.160833270405295, 32.02614981710419, 31.609410159609446, 31.77631176951411, 32.22738806449736, 31.242017645610126, 32.111480824526936, 32.19275408025239, 32.11314178238925, 32.66305830195084, 31.8883454255846, 32.05921433577691, 32.13227232672913, 31.962216204289938, 32.297078176626094, 32.25453109115682, 31.730320350306684, 32.24505215784975, 32.30114301313903, 31.73154963699201, 31.721477863108866, 32.203146658536056, 32.217710454898445, 31.5767815854114, 32.15637489422408, 32.09334871657636, 31.921770739475363, 31.81332095497395, 31.828982909363695, 31.341522096208134, 31.73019915552081, 31.833591514409587, 31.66804253064285, 31.31521480508397, 31.517603430624337, 31.336662069558873, 31.38341009956554], "LDT_score": [59.002869440459115, 64.03463824554211, 65.98688255790121, 68.14921090387375, 70.22955523672884, 71.62840746054519, 73.0989956958393, 73.79073580651773, 74.68231194916991, 75.81984013117442, 76.79852428776388, 77.69010043041607, 78.19737651158025, 79.15556466489035, 79.92416478786637, 80.1086288173806, 81.03094896495183, 81.26665300266448, 82.12236113957778, 81.99938511990162, 82.660381225661, 82.95757327321172, 83.27013732322197, 83.5673293707727, 83.73129739700758, 84.02336544373847, 84.39229350276696, 84.8432055749129, 84.98667759786842, 84.92006558721049, 85.53494568559131, 85.34535765525723, 85.76040172166427, 85.62205369952859, 85.90899774543963, 85.93461774953884, 86.0832137733142, 86.39577782332445, 86.38040582086494, 86.19594179135068, 86.49313383890141, 86.68784587005534, 86.76982988317278, 86.56999385119902, 87.0772699323632, 86.96454191432672, 86.94916991186719, 86.8876819020291, 87.17462594794016, 87.1285099405616], "test_loss_l1": 2.05893075466156, "test_acc_l1": 35.37437141029899, "test_loss_l2": 2.399868035316467, "test_acc_l2": 30.92725822837827}