{"epoch_idx": 50, "model_save_file": "models/ESEN_60-40/ESEN_60-40_4.pt", "best_joint_acc": 34.58704560877847, "best_joint_loss": 2.0526537716388704, "best_epoch_idx_loss": 15, "best_epoch_idx_acc": 26, "run_time": "722s", "train_loss": [2.4985531721640046, 2.2408680084648473, 2.1691117385111798, 2.124232825882938, 2.0892564659818604, 2.0617639307582043, 2.037086905689414, 2.016823772443542, 1.9969709690557709, 1.978039983762513, 1.9615675927302159, 1.9450501941759655, 1.928918105199796, 1.9146651352217443, 1.901667534211361, 1.887947322578606, 1.8740775481276555, 1.8618410060165134, 1.8508002730684543, 1.839089308309993, 1.8284304798196203, 1.817248583933629, 1.8072613800337547, 1.7975771968517824, 1.7880038542485015, 1.7778211864856401, 1.7698730164711625, 1.7613006070119512, 1.752763948856143, 1.74492394650748, 1.737454005337637, 1.730274593611376, 1.722731682685537, 1.7166297244369435, 1.7097451402506694, 1.703168932997852, 1.6971994567354887, 1.6912118311322066, 1.6865088961540011, 1.6802050624418696, 1.6736039109186296, 1.6684185129786853, 1.6652349884356918, 1.6588942993671523, 1.65320594649796, 1.649608422856812, 1.6448939141877186, 1.641072691580571, 1.636034721628241, 1.6325176407437807], "train_acc": [22.981323340853898, 28.013069117991726, 30.08463323341266, 31.24251386378883, 32.348946847400136, 33.0957278335974, 33.75293458435719, 34.28530365572707, 35.040921749765346, 35.680869791832826, 36.03174875773652, 36.728282871170514, 37.098643788687, 37.64331059262886, 38.04849069851361, 38.4115499239711, 38.91703166514835, 39.17287777079844, 39.625238267880995, 40.02971799216672, 40.26380646659166, 40.813054948940646, 41.06469430094848, 41.37679671843305, 41.598376286992895, 42.08341749017623, 42.216595765310444, 42.56578331496537, 42.849487256808864, 43.10829465442877, 43.28666598369847, 43.537006524288735, 43.79663286945954, 43.891666954321764, 44.1501896185455, 44.36468230004412, 44.4905141207387, 44.640974181287355, 44.80539503937649, 45.072356861834194, 45.390411015875415, 45.486111208566484, 45.58829249270571, 45.68560780168545, 45.88739258426526, 46.0709565665392, 46.2313766655423, 46.27743767180549, 46.48828280258566, 46.61023679360712], "val_loss_l1": [2.185997271537781, 2.0987287759780884, 2.0610515594482424, 2.0273204922676085, 2.0077738881111147, 1.9969830989837647, 1.984782338142395, 1.97715185880661, 1.9636778473854062, 1.9669248461723328, 1.9573108673095705, 1.9626508593559264, 1.9479915618896484, 1.949914836883545, 1.9398579239845275, 1.9501795649528504, 1.948692524433136, 1.9454556941986083, 1.9471947193145753, 1.9486029863357546, 1.95150887966156, 1.9563382506370544, 1.9641018867492674, 1.95888466835022, 1.9595685482025145, 1.9658390641212464, 1.9656709551811218, 1.9723382234573366, 1.9743812084197998, 1.9758846521377564, 1.9823350787162781, 1.9804053902626038, 1.9971246600151062, 1.9890478491783141, 2.0006036162376404, 2.011780643463135, 2.0097949743270873, 2.010078167915344, 2.018432056903839, 2.0181753277778625, 2.0239070057868958, 2.0240140199661254, 2.023887312412262, 2.042846584320068, 2.053708243370056, 2.0437098145484924, 2.052646815776825, 2.042357194423676, 2.048170328140259, 2.063850212097168], "val_acc_l1": [28.33989506242648, 31.34093161923811, 31.991349028319974, 32.68432122967223, 33.772597844846494, 33.5489600869916, 33.84404209609744, 34.633452310211865, 35.42365814719735, 35.074281338613034, 35.37966147725345, 34.90894311243585, 36.029891070600385, 35.57892843511012, 35.956871413568834, 35.61985217065086, 35.782110389989974, 36.08666010638764, 36.29159975675302, 36.16416817016114, 36.194379098951714, 35.42103002132335, 35.85744917470828, 35.74083765613507, 35.81515545193603, 36.44807452449896, 36.034078312894266, 35.52515278772534, 35.753503053354265, 35.63624460441925, 35.61065659159056, 35.78786734548362, 35.55166637864579, 35.702857686588445, 35.7093467991984, 34.54004218525131, 35.932455428806094, 36.18082266047911, 35.95680220682101, 35.52509915403439, 35.049896592664034, 35.88216791134583, 35.91047365902209, 35.60541407788453, 35.70767243919951, 35.3059156121222, 35.2657878033617, 36.05301374256452, 35.86775507127063, 35.43922035121683], "val_loss_l2": [2.4538018226623532, 2.3670798778533935, 2.300179767608643, 2.257482957839966, 2.2317746162414545, 2.220600724220276, 2.1993494272232055, 2.181144952774048, 2.1826944828033445, 2.1670947790145876, 2.1664989233016967, 2.1485948085784914, 2.1640812873840334, 2.16855525970459, 2.165449619293213, 2.159664821624756, 2.168167734146118, 2.168627381324768, 2.172234129905701, 2.1834831714630125, 2.186555099487305, 2.1880908012390132, 2.1769986629486087, 2.1980790138244632, 2.1983238220214845, 2.2075379848480225, 2.219535231590271, 2.2122630357742312, 2.2213965177536013, 2.2242042064666747, 2.2347129821777343, 2.241906452178955, 2.242062878608704, 2.2593300342559814, 2.2626383781433104, 2.2545270681381226, 2.2629529714584353, 2.2781941413879396, 2.2800470352172852, 2.2845529556274418, 2.2943395376205444, 2.304942226409912, 2.3212885379791257, 2.318343687057495, 2.3110491275787353, 2.3283774137496946, 2.322614526748657, 2.3465332508087156, 2.3553392648696896, 2.364066910743713], "val_acc_l2": [23.53908832519262, 26.24224647189729, 27.95082070856545, 28.19327871037328, 29.62967790735797, 30.21558634166567, 30.185878742274006, 31.850256765832643, 31.10780008654302, 31.907136086497296, 32.16706139682391, 32.91724656309731, 32.44040452194751, 32.50465902491456, 32.41445645364224, 32.673113923841, 32.79836423151174, 32.330435830317114, 32.611764415161225, 32.49561885004048, 31.859927687579315, 32.18327639468606, 33.07562193335429, 32.37352533422898, 32.94914945194034, 32.72601669305798, 32.72333438656428, 32.34651293108357, 33.13771311695447, 32.268642917975995, 32.31904983579353, 32.44361822025427, 32.59829840241888, 32.59735460630539, 31.364092563426055, 33.182211786458645, 31.70622511656924, 32.43351049057678, 32.32351776819871, 32.83724839222205, 32.489605841403, 32.757277657856164, 32.06905386047691, 32.53481126835838, 32.4224702618071, 32.301192850605794, 32.81197362694131, 32.50061675900469, 32.63855574677788, 32.582136372991926], "LDT_train_score": [61.92660550458715, 65.60751846050572, 68.3262474826583, 70.2058626090848, 71.11769970910719, 73.15954352204072, 74.58603714477512, 75.59856791228464, 76.82367420004475, 77.99843365406132, 79.09487581114342, 79.98433654061311, 80.90176773327367, 81.5394942940255, 81.8639516670396, 82.63593645110763, 82.91564108301634, 83.74916088610428, 83.45826806891921, 84.22465876034907, 84.91273215484448, 85.25956589841128, 85.39941821436562, 85.6008055493399, 85.89169836652495, 86.09308570149922, 85.96442157082122, 86.50145446408592, 86.6580890579548, 86.76437681808011, 86.90982322667263, 87.25665697023943, 87.15036921011412, 87.25106287760124, 87.45245021257551, 87.72096665920787, 87.96151264264937, 87.74893712239876, 88.02304766166927, 88.03423584694563, 88.22443499664354, 88.20205862609085, 88.15171179234727, 88.37547549787425, 88.33072275676885, 88.50413962855225, 88.52092190646678, 88.42582233161781, 88.62720966659208, 88.63839785186842],