{"epoch_idx": 50, "model_save_file": "models/ESEN_60-40/ESEN_60-40_1.pt", "best_joint_acc": 34.58346765355643, "best_joint_loss": 2.051800715923309, "best_epoch_idx_loss": 13, "best_epoch_idx_acc": 28, "run_time": "808s", "train_loss": [2.519737476602609, 2.243150399365556, 2.1681810223728144, 2.1215548919975205, 2.0865724846857416, 2.0579603019110646, 2.0331171100292744, 2.0104781110352308, 1.9904428862650467, 1.9716706270471633, 1.9534421038190162, 1.9367903000717877, 1.9211342159761204, 1.9060649614815326, 1.8914812611877374, 1.877998094493096, 1.8644770837705071, 1.8526776635318731, 1.8401334526342, 1.8282897816885497, 1.8179266545750672, 1.8068970698829088, 1.7971936354943376, 1.787463701646262, 1.7792366628253136, 1.7688612451247119, 1.760170243748831, 1.7526317621589804, 1.7437127101311982, 1.7363510372441837, 1.7288734721481254, 1.7218233713316264, 1.7145166500992737, 1.708242933684533, 1.7015762263481773, 1.695765510611578, 1.690186239163811, 1.6837080613188777, 1.6788172180499517, 1.6729261049436865, 1.6676594423591546, 1.6618059075206784, 1.6567470021204114, 1.6523282516986946, 1.647628465923695, 1.643911981254543, 1.6387806381654304, 1.635011006932739, 1.6314184064165167, 1.6263569790288934], "train_acc": [22.45971446954969, 28.097919480845317, 30.13017740153862, 31.269621822497474, 32.337596113694644, 33.17921839590713, 33.97354039863554, 34.59083039682894, 35.30116900695222, 35.663061343402816, 36.26888363278501, 36.872213170570404, 37.25285379439703, 37.82171895722624, 38.14500960912771, 38.58976152518749, 39.03985078848903, 39.353932426276, 39.820132587457394, 40.16485604467027, 40.405227855051976, 40.893493853044625, 41.228625366543994, 41.47385275172299, 41.69619117866805, 42.14598886821692, 42.357893601463665, 42.59671539078429, 42.97282397544748, 43.151549681372366, 43.38492415949071, 43.54838562949414, 43.8150104975654, 43.99493024991373, 44.30064258981406, 44.43942546416286, 44.654551280264535, 44.89873654727669, 44.95119472889911, 45.193115434183284, 45.20780602555983, 45.442452251002535, 45.6990978328185, 45.7579345918818, 45.915620262343424, 46.069035967071414, 46.21975672758067, 46.364968010144416, 46.34987510870457, 46.58555891178771], "val_loss_l1": [2.1906438827514645, 2.0949924230575556, 2.0627060651779168, 2.0294512510299683, 2.005077624320984, 1.9830723881721497, 1.9868618369102478, 1.9675669193267822, 1.9709393382072449, 1.962014126777649, 1.95404372215271, 1.9568118333816529, 1.9623429298400878, 1.959692931175232, 1.9520501375198365, 1.9593805074691772, 1.9531411886215209, 1.9575420141220092, 1.9580351591110228, 1.9645898342132566, 1.9677934646606445, 1.9694936275482178, 1.9689453005790711, 1.9777096152305602, 1.9715317368507386, 1.9773380398750307, 1.9896414756774903, 1.9808292031288146, 1.9927522540092464, 1.9969042420387269, 2.0095108866691587, 2.004225564002991, 2.0104347944259646, 2.009580409526825, 2.0186682105064393, 2.015918600559235, 2.0128190755844115, 2.036712837219238, 2.0413386583328244, 2.0398958086967474, 2.0475302934646606, 2.05180459022522, 2.0564733982086185, 2.059332752227783, 2.0696139574050907, 2.066705501079559, 2.070041239261627, 2.067155861854553, 2.0778964281082155, 2.0774811506271362], "val_acc_l1": [27.91841533018402, 31.25697414532099, 32.08881167114398, 33.11817077923951, 33.49754144544613, 34.44525359679161, 34.595280337806315, 35.15656794838935, 35.003780263896054, 35.5717618976279, 35.730094276191494, 35.99067646660954, 35.71744586596233, 35.67954084906124, 36.15306337892185, 36.18479127021623, 36.11333211535157, 35.64302086893754, 36.11472681810237, 35.40635474149765, 36.0702659614381, 36.21380932128251, 36.5399294952324, 35.9407617631728, 35.96202736393497, 35.69539234456849, 36.30014699627639, 36.288618530012194, 36.07691532321629, 36.18465258001233, 35.880006025914675, 36.54761792457507, 36.20404032637626, 36.69533734290536, 36.621564954386315, 36.25033065107668, 36.935312251244476, 36.25025511712194, 35.899428557590525, 36.07132262029157, 36.10966804901885, 36.26052132623972, 36.2876451107169, 36.4429696032376, 36.56563260395107, 36.40802794555085, 36.26419849355866, 36.67536409848926, 36.20922137954364, 36.417641405916775], "val_loss_l2": [2.454091262817383, 2.345164251327515, 2.278707075119019, 2.24576244354248, 2.22752685546875, 2.220415854454041, 2.186682987213135, 2.1894289016723634, 2.1695420503616334, 2.1807847023010254, 2.1671710968017575, 2.1649945974349976, 2.1412585020065307, 2.153367829322815, 2.1649672269821165, 2.159084701538086, 2.1673882961273194, 2.1718068599700926, 2.175499701499939, 2.1815910577774047, 2.1902577400207526, 2.187766122817993, 2.195741486549377, 2.204136824607849, 2.2082481384277344, 2.212697601318359, 2.2124614238739015, 2.223194217681885, 2.2347678422927855, 2.2321109771728516, 2.236853623390198, 2.2505419969558718, 2.2607018709182736, 2.2576884746551515, 2.2638051509857178, 2.281493711471558, 2.3004918098449707, 2.2786294460296634, 2.29211962223053, 2.300318121910095, 2.312630796432495, 2.306192493438721, 2.329443407058716, 2.319537901878357, 2.3307066917419434, 2.333026647567749, 2.345229244232178, 2.3406649827957153, 2.3619551897048954, 2.3569241762161255], "val_acc_l2": [24.463601566685966, 27.155308369946912, 27.918292799374342, 29.29914996788865, 29.44764261936068, 29.18497003885557, 31.00662005275058, 31.08709934398137, 31.722097872762756, 31.50166886094064, 31.811522095776237, 31.546291001310834, 32.929692875545946, 31.97877224008844, 32.12388692573557, 32.35440818968106, 32.3853000772887, 31.806979890530226, 32.34856393977083, 32.102853692480465, 32.293892990854935, 32.28117220568111, 32.35825881474234, 32.19058259011215, 31.88689514325259, 31.91693335657872, 32.633940591554556, 32.87831677710067, 32.68562325620864, 32.84227359935921, 32.15232271908658, 32.38477500649904, 32.211204608837896, 32.28351431149776, 32.40032616382242, 31.85543235271424, 32.05796213734765, 31.92477824177255, 32.307868047598056, 32.4294426988825, 31.82077437514807, 32.68248338865395, 31.51264296813774, 32.35837631639329, 32.29365193974603, 32.1368415713263, 32.26924766982133, 32.235225230178244, 32.37804873303356, 32.509352994145615], "LDT_train_score": [61.84269411501454, 65.90400537032893, 68.27590064891474, 70.28417990601923, 71.7833967330499, 73.59588274781831, 74.61400760796599, 75.90064891474603, 77.06422018348624, 77.763481763258, 78.95502349518908, 79.76057283508615, 81.04162004922802, 81.49474155292012, 82.037368538823, 82.29469680017901, 82.82054150816738, 83.25128664130678, 83.6988140523607, 84.02886551801298, 84.45961065115239, 84.88476169165361, 85.05258447079883, 85.34907138062206, 85.70149921682703, 86.18259118371, 86.26090848064443, 86.311255314388, 86.51264264936228, 86.68046542850749, 86.97695233833073, 87.1335869321996, 87.16715148802864, 87.31819198925935, 87.63705526963527, 87.59230252852987, 87.95032445737301, 87.90557171626762, 87.96710673528753, 87.93354217945848, 88.12374132915642, 88.28037592302529, 88.33631684940703, 88.4090400537033, 88.73349742671739, 88.50973372119041, 88.50413962855225, 88.71671514880286, 88.82859700156635, 88.49854553591408],