{"epoch_idx": 100, "model_save_file": "models/ESEN_60-40/ESEN_60-40_3.pt", "best_joint_acc": 34.65036802191058, "best_joint_loss": 2.0497357010841366, "best_epoch_idx_loss": 14, "best_epoch_idx_acc": 46, "run_time": "1387s", "train_loss": [2.497299355104429, 2.237034642368282, 2.166860208598846, 2.123658163831867, 2.091668547293463, 2.0641991818716767, 2.041384490258105, 2.0184415075757087, 1.9983870250369427, 1.979973469852307, 1.9612355297858564, 1.9458132287777892, 1.930048910849686, 1.9153346561510622, 1.9009883655320619, 1.8881830944927458, 1.8757792886244045, 1.8632120129165302, 1.852036533552572, 1.8401126517068358, 1.8294744404084096, 1.8187740549035027, 1.8099093595775988, 1.799706720430917, 1.790256342756638, 1.7808619065022249, 1.7725816062830995, 1.7643168530332938, 1.7562121962188573, 1.7480923527971315, 1.7409586239298556, 1.7340739544378507, 1.726271488797774, 1.719813876195785, 1.7135771108329843, 1.707642677727095, 1.7016080191376015, 1.695760472652016, 1.690062118779629, 1.6838402923094038, 1.6781249576752344, 1.6731409873437446, 1.6689861001224686, 1.663532021942489, 1.6588279145573261, 1.6541026879888072, 1.6504464942380919, 1.646046285782385, 1.6414536516600793, 1.6370600560389528, 1.6338146771859685, 1.6302211787722531, 1.6252028586667613, 1.623029346312952, 1.6193148876548902, 1.6153651339198483, 1.6118516041598192, 1.6097389651001042, 1.6064194123679338, 1.6027150815779996, 1.599538448753707, 1.597120788666086, 1.5940636505774404, 1.5915255617657937, 1.5876579585425359, 1.5867925647201895, 1.5832324859199167, 1.581374482277336, 1.5786870400839985, 1.5770639192073719, 1.5743979417949647, 1.5711745718203556, 1.5698556139928481, 1.5681913965338963, 1.5653405402778489, 1.5628038245603584, 1.5610892980470579, 1.5599752516921503, 1.5570805515718025, 1.5551096764179544, 1.5535121489008639, 1.5519555211067204, 1.550560411510116, 1.5488882906940014, 1.5463665953469934, 1.5452975592481983, 1.541603930499576, 1.540987683545559, 1.5394116011234602, 1.5386198551282966, 1.5368262354387061, 1.5361582139216436, 1.5337049288487214, 1.5345967444804829, 1.532063467240115, 1.529166184980935, 1.5288746296812632, 1.526909212453649, 1.5247797752739092, 1.5236044165191307], "train_acc": [23.042954450246743, 28.259646685279073, 30.051251573938885, 31.295242989269784, 32.222303337203954, 33.07622244147201, 33.749445059335265, 34.3993972307244, 35.022905154581835, 35.595034607485445, 36.20458488470223, 36.82498016522542, 37.171048635243636, 37.63575125857413, 38.09347922504074, 38.476887632255526, 38.95822482974892, 39.300413006926455, 39.61553116024882, 39.968215805281126, 40.35299941618059, 40.70938673301845, 40.92263145970579, 41.190543897600236, 41.47714721551924, 41.835984291242994, 42.09410321135277, 42.29317022257697, 42.55446161889394, 42.76521644265107, 43.05594946363602, 43.30531519674084, 43.57002025966831, 43.71433912045866, 43.81855380710162, 44.08874767226894, 44.303205869222, 44.45447917865114, 44.601140800000856, 44.79160327183813, 44.93107056986939, 45.168842368799254, 45.37228749903423, 45.49949548813723, 45.57322022181153, 45.85542040365947, 45.90761711340451, 46.022158067566174, 46.11140783179499, 46.288602566168684, 46.320031524425815, 46.39389069303057, 46.58985010039139, 46.64883686622197, 46.787754730861984, 46.950761738255935, 47.06626696775291, 47.0584533783169, 47.19468949421642, 47.265959241545, 47.37905965802367, 47.53735772804042, 47.55883634759886, 47.622653247657404, 47.79064459689215, 47.87025144310858, 47.90800539827816, 47.91429567677246, 48.021960827141996, 48.11390261574279, 48.16487607688607, 48.13413975914573, 48.34047172022286, 48.35722451690885, 48.473061227613684, 48.461565497624534, 48.51642276179035, 48.57461638797483, 48.65618350934334, 48.722721433693216, 48.81532472825635, 48.826576211077395, 48.88505487776804, 48.83626027504349, 48.97122236352447, 48.96223291761777, 49.02529892255789, 49.081386697920244, 49.1892068241533, 49.09427592925502, 49.22570264602008, 49.246341089855264, 49.31885355290828, 49.28914625315164, 49.2666259914784, 49.4879154740043, 49.40657547504361, 49.52917349462787, 49.58698744665328, 49.68823590868535], "val_loss_l1": [2.1848083019256594, 2.1023316860198973, 2.055380642414093, 2.025990986824036, 2.004792046546936, 1.9972680926322937, 1.9827147841453554, 1.968828570842743, 1.9761850476264953, 1.9616118550300599, 1.957295608520508, 1.9574525237083436, 1.9449198365211486, 1.946267008781433, 1.950499713420868, 1.9383390426635745, 1.9469760060310364, 1.936295986175537, 1.9417904019355774, 1.9516167163848877, 1.9488818645477295, 1.9495134234428404, 1.961036169528961, 1.953230607509613, 1.956014835834503, 1.9552356243133546, 1.9588811874389649, 1.96479651927948, 1.9580277800559998, 1.9707314610481264, 1.975763463973999, 1.972730779647827, 1.9785709738731385, 1.9902119636535645, 1.9906066060066219, 1.9908621907234192, 2.0003925919532777, 2.0008096933364867, 2.0182698488235475, 2.006256091594696, 2.0069724678993226, 2.0077497124671937, 2.0278496026992805, 2.0245778441429136, 2.0279864072799683, 2.0376495361328124, 2.0403766870498656, 2.0480649590492246, 2.0539560198783873, 2.049655413627625, 2.0556158661842345, 2.0640292048454287, 2.0679395318031313, 2.0777095556259155, 2.0795948266983033, 2.0734773397445676, 2.0827992796897887, 2.0826130151748656, 2.086399960517883, 2.0894327402114867, 2.103620970249176, 2.0990594625473022, 2.0987184286117553, 2.1152368903160097, 2.1121625661849976, 2.126223373413086, 2.1292865514755253, 2.1335981369018553, 2.1258111953735352, 2.1419769048690798, 2.137351655960083, 2.1343112945556637, 2.142755937576294, 2.1457686185836793, 2.1519792556762694, 2.1505004167556763, 2.1571982860565186, 2.1644937038421634, 2.166230297088623, 2.1749815940856934, 2.1697136878967287, 2.1678894281387326, 2.167322325706482, 2.18436541557312, 2.1715367078781127, 2.184516382217407, 2.187754809856415, 2.1821351289749145, 2.193412542343139, 2.1946782350540164, 2.1882476329803464, 2.197794508934021, 2.1966612339019775, 2.2014212846755985, 2.214204001426697, 2.2190926551818846, 2.2021880388259882, 2.213193202018738, 2.22220344543457, 2.2213193893432615],