{"epoch_idx": 100, "model_save_file": "models/ESEN_60-40/ESEN_60-40_9.pt", "best_joint_acc": 34.64376485342852, "best_joint_loss": 2.0585524678230285, "best_epoch_idx_loss": 16, "best_epoch_idx_acc": 32, "run_time": "1386s", "train_loss": [2.4993403318825114, 2.249973988314289, 2.177311604176093, 2.1317352362729003, 2.095586968671291, 2.066535035951422, 2.0411143155272944, 2.0187841549925847, 1.9977334262034219, 1.97856115638663, 1.9612207390846472, 1.9440175087080092, 1.9277603336430476, 1.9120926348441243, 1.8982423434563724, 1.8844185963683167, 1.8713335099570243, 1.85917743138217, 1.8467390378680808, 1.8349133237786257, 1.824491175489688, 1.8142322247181455, 1.803628415689556, 1.7936687835859586, 1.7842570193316958, 1.7757981534397922, 1.7661662856373215, 1.7579849307690198, 1.7511630550437012, 1.7426484249053744, 1.7359016543134633, 1.7273938081680085, 1.720668135979854, 1.7133254097142347, 1.7075043993258687, 1.7014548980861635, 1.6945579538651565, 1.6879277469914982, 1.683436036656757, 1.6777120177898928, 1.6717702806542771, 1.6673982646487167, 1.6612749996535277, 1.6561135223152452, 1.6521222285174444, 1.6473077185657043, 1.6429612040519719, 1.6385689498087677, 1.6360815254920122, 1.6317750308491763, 1.627139677148347, 1.622863842806685, 1.6190259970656236, 1.6158373940975301, 1.6124880723997, 1.6090842217480372, 1.6060649703402032, 1.602978930560821, 1.5993340474749917, 1.5969049602473555, 1.5935545930075, 1.5902090570248597, 1.5886052048534425, 1.5851089899693052, 1.582670093676366, 1.5799911913521805, 1.5780245114903924, 1.5748902362421013, 1.5728086189392514, 1.5695619391738824, 1.5671852045102945, 1.565451645523036, 1.56395064308009, 1.5610500267886238, 1.558769443713197, 1.5570950097993967, 1.5547638803447066, 1.5524100699555983, 1.5506647382307484, 1.549394352173586, 1.5476167119971111, 1.5456602250764127, 1.543114748022972, 1.5426295558247005, 1.5401028148624865, 1.5385599223845596, 1.5371306587796698, 1.5354578566113743, 1.5343176164758316, 1.5324309293283238, 1.5308596524623552, 1.529865754853695, 1.5280941254502043, 1.5268175153557317, 1.5249649182372136, 1.524304078259599, 1.5216791493083364, 1.520622256152126, 1.52064210887349, 1.5182322225439437], "train_acc": [22.803646881004543, 27.895568833794304, 29.755230657274577, 31.099126253013292, 32.160696993062096, 32.96714607077065, 33.75943355454939, 34.347677559565284, 35.05774468049912, 35.65956022103238, 36.24277727346612, 36.56736261092428, 37.33946648567347, 37.809526560715064, 38.308640229971374, 38.6464345319062, 38.96540441811748, 39.3961434452495, 39.85414867608263, 40.189279845316214, 40.4994612209731, 40.833658467360266, 41.21441942928741, 41.40011232752611, 41.79394238542987, 41.9847622978689, 42.195072677866015, 42.54474778907329, 42.87342845631536, 43.02967508948408, 43.162693195762174, 43.482082435937606, 43.68957078498302, 43.972973322959156, 44.135798389038115, 44.28483335294465, 44.51934184165106, 44.805428843773015, 44.88072159020879, 45.02421832830514, 45.1360490634542, 45.377691401166025, 45.52652056820374, 45.81814467004502, 45.79142215836995, 46.039705728003085, 46.069598056587346, 46.259860084853486, 46.22841974570577, 46.52740494534743, 46.606945415107305, 46.70483225789644, 46.85802875547322, 47.01268856051688, 46.95867517011218, 47.27325793368156, 47.17928488253617, 47.35552681852609, 47.41086913150682, 47.48159411515553, 47.696510141483806, 47.704628715699386, 47.69657346873924, 47.84603927571172, 47.90732861263589, 48.02598546526187, 48.14530529327204, 48.21821088851973, 48.18917905548831, 48.315307998479, 48.344746574799665, 48.40810581904718, 48.350735283451876, 48.58928990105763, 48.634522030755825, 48.62599026591936, 48.69050347266247, 48.773145877034835, 48.75170343747178, 48.93794801153646, 48.90718657524265, 48.915511752120274, 49.046531713675535, 49.08232843315004, 49.10767191268129, 49.16107822647082, 49.15689778904056, 49.149131554440764, 49.26099069870637, 49.3226640989975, 49.47567589894874, 49.30220561571593, 49.43485814919953, 49.551452647935044, 49.48782642403845, 49.54633584043127, 49.57689387561324, 49.62651409915471, 49.597526891138, 49.78464262726565], "val_loss_l1": [2.187173581123352, 2.1090353488922116, 2.0680427789688105, 2.0384035825729367, 2.0147833943367, 1.99996634721756, 1.9715666294097902, 1.9765608787536622, 1.9644752860069274, 1.9644390821456907, 1.9558744549751281, 1.9767869591712952, 1.9448548197746276, 1.9589284777641296, 1.9458175897598267, 1.9573602199554443, 1.954906404018402, 1.953588604927063, 1.9628830075263977, 1.963272750377655, 1.9723982334136962, 1.967226231098175, 1.966961658000946, 1.9789152383804323, 1.9896097540855406, 1.9789143562316893, 1.987779188156128, 1.9931771993637089, 1.9922080278396608, 2.0017707467079164, 2.0064428091049193, 2.014019823074341, 2.0130746245384215, 2.018868565559387, 2.0274209499359133, 2.0229901552200316, 2.0308135747909546, 2.036049020290375, 2.0400121808052067, 2.042168939113617, 2.0454797029495237, 2.042250907421112, 2.048784911632538, 2.0498519062995912, 2.0556501030921934, 2.058941674232482, 2.0626795530319213, 2.077031636238098, 2.076666295528412, 2.0772874832153314, 2.0847466945648194, 2.0849814772605897, 2.0951452970504763, 2.0907192468643188, 2.0990205168724057, 2.117254137992859, 2.1087981939315794, 2.120201897621155, 2.1149980902671817, 2.119957959651947, 2.1190912961959842, 2.1243265867233276, 2.1220239400863647, 2.1349529504776, 2.13108286857605, 2.1395982742309574, 2.130340838432312, 2.1482815027236937, 2.157183909416198, 2.149352478981018, 2.157301354408264, 2.1661550402641296, 2.1536041259765626, 2.1596291065216064, 2.171187996864319, 2.1582002401351925, 2.1731842279434206, 2.1750957965850826, 2.185209560394287, 2.185690212249756, 2.1965367555618287, 2.185525155067444, 2.1959489107131955, 2.2005831003189087, 2.2101866960525514, 2.198949217796326, 2.2060001373291014, 2.2024434804916386, 2.2088070631027223, 2.2163265705108643, 2.2130706548690795, 2.216519570350647, 2.22774817943573, 2.2171720266342163, 2.2285966873168945, 2.2230178833007814, 2.233463001251221, 2.2311380863189694, 2.2392035007476805, 2.242621660232544],