{"epoch_idx": 50, "model_save_file": "models/LSTM/128/ESEN_60-40/ESEN_60-40_0.pt", "best_joint_acc": 33.451468161555496, "best_joint_loss": 2.0610366463661194, "best_epoch_idx_loss": 49, "best_epoch_idx_acc": 50, "run_time": "213s", "train_loss": [2.7187782381520105, 2.400562329725787, 2.330424626668293, 2.285709628553101, 2.2556155992276734, 2.2325051300453422, 2.214441362655524, 2.1988324559096144, 2.188287794589995, 2.1749757961793383, 2.163413147131602, 2.1534574393070103, 2.1436641035657944, 2.1368262821977786, 2.129564653743398, 2.1232768766807784, 2.1152446432547145, 2.1093997937260256, 2.1034402160933516, 2.0952469381419094, 2.089978409535957, 2.0849041776223625, 2.0820046040144833, 2.074608810020214, 2.0710041378483606, 2.06614002585411, 2.061137022394124, 2.0572382663235533, 2.052647571672093, 2.0493369310191176, 2.0425700888489224, 2.040815160130009, 2.0364358253551256, 2.0324855835148785, 2.0281501005996354, 2.0232189767288444, 2.021992975112162, 2.0177035440098168, 2.0135172831289685, 2.010589418989239, 2.007039319385182, 2.0027685147343264, 1.9996204647150908, 1.9970162845019133, 1.9947107651016933, 1.990517073508465, 1.9867428947578771, 1.984091437224186, 1.9816991605541925, 1.9767437712712728], "train_acc": [19.244677429763982, 24.13963878637044, 25.713555216240728, 27.035469214388804, 27.70291931335739, 28.298202323163125, 28.652628724354216, 29.139005410399786, 29.26421630112046, 29.731699145569912, 30.02664580329686, 30.321027010083053, 30.636414232471807, 30.86947608330755, 31.072829116957116, 31.166754305794093, 31.462732615265498, 31.733557454932193, 31.929042756793393, 32.08328953384859, 32.24088591440566, 32.33193159476937, 32.369019056400624, 32.727623470186934, 32.76666749896934, 33.02312889235679, 33.03281022104989, 33.31271517286242, 33.34497906072319, 33.51012341064501, 33.784219179526836, 33.71787098295804, 33.7513691537256, 34.01035997348256, 33.94433253321511, 34.274828689373095, 34.32661499351581, 34.47640066734913, 34.446181705774165, 34.58307347431849, 34.767453272291945, 34.75792913736463, 34.97200672471366, 35.12001182639484, 35.1791428165789, 35.257402208660736, 35.31152911345947, 35.56576031014657, 35.47071336753095, 35.695411842199654], "val_loss_l1": [2.315743327140808, 2.2055152654647827, 2.1538166761398316, 2.1223870277404786, 2.096170163154602, 2.0831918239593508, 2.064407467842102, 2.0525920629501346, 2.046332192420959, 2.0315138578414915, 2.0260785579681393, 2.015628433227539, 2.0130761504173282, 2.017566633224487, 2.0042430996894836, 1.9997454524040224, 1.995485532283783, 1.9914958238601683, 1.9873683929443358, 1.9869968891143799, 1.9803361773490906, 1.9780657291412354, 1.9847728729248049, 1.9721675515174864, 1.9770840644836425, 1.969498062133789, 1.9689627408981325, 1.967484176158905, 1.963365387916565, 1.9615208983421326, 1.9641202688217163, 1.9653153657913207, 1.956618571281433, 1.9565835118293762, 1.9540523886680603, 1.9609254837036134, 1.9562408924102783, 1.9599989414215089, 1.9608433723449707, 1.9534821391105652, 1.9550796270370483, 1.9559574961662292, 1.9536303520202636, 1.9508897185325622, 1.948233699798584, 1.9469560265541075, 1.9500186324119568, 1.9494482398033142, 1.9504235267639158, 1.9502772212028505], "val_acc_l1": [26.01974681411854, 28.152365915045806, 29.827802590407344, 30.469571814110715, 30.67813101670417, 31.4384448429583, 31.955352448346446, 32.119133827952226, 32.35940133090194, 32.59145061582317, 33.13783946151514, 33.3851093795349, 33.52847143248094, 33.25788627054395, 33.56128701815449, 33.65050156067337, 33.86061840496245, 33.89668984477821, 33.88851065383687, 34.00687628401876, 34.1036706316908, 34.19831407843022, 34.039075250435936, 34.34916721989847, 34.28091248377095, 34.40153216162573, 34.407186369539914, 34.51750657951332, 34.78037188508131, 34.60198242505395, 34.66829324412913, 34.39582736135204, 34.88445806617109, 34.751804555016925, 34.993731652540596, 34.67261079273745, 34.615078055940586, 35.00571574350959, 34.810978266204245, 34.876852073680936, 35.040165465309514, 34.98424510871486, 35.15689867632068, 35.04513861002515, 34.93064869082856, 35.352093736390046, 35.140472447213945, 35.01351442660678, 35.325683449689514, 34.97035018581632], "val_loss_l2": [2.5982083797454836, 2.4717771053314213, 2.420505928993225, 2.375528573989868, 2.3526939868927004, 2.325995063781738, 2.3109483957290653, 2.2898913383483883, 2.280256104469299, 2.2717718839645387, 2.2576792240142822, 2.2595223665237425, 2.2441755056381227, 2.222843432426453, 2.2287139892578125, 2.2263176679611205, 2.21680953502655, 2.212259340286255, 2.210938501358032, 2.2039455652236937, 2.2017268896102906, 2.1991373538970946, 2.1837534427642824, 2.195627808570862, 2.182903242111206, 2.186868143081665, 2.182108473777771, 2.182955718040466, 2.182579874992371, 2.182000851631164, 2.178578305244446, 2.1699295043945317, 2.182214164733887, 2.17592625617981, 2.1769226789474487, 2.1710899829864503, 2.171045708656311, 2.168982172012329, 2.17160427570343, 2.1756247997283933, 2.16838481426239, 2.1669198751449588, 2.176712155342102, 2.176352119445801, 2.189480495452881, 2.1864017248153687, 2.177144122123718, 2.1834847211837767, 2.171649765968323, 2.175655436515808], "val_acc_l2": [21.611113662123277, 23.477930179888904, 25.033020027325012, 25.658428866045757, 26.349393178232056, 26.908270958532977, 27.10969921531304, 27.821955119008184, 28.10421219444684, 27.746086535201663, 28.371653490612537, 28.60869698495146, 29.23661850631151, 29.742935467246287, 29.48544984217082, 29.539904353230646, 29.677081151348787, 30.277123759634126, 30.13616198797629, 30.431535393498216, 30.27447010979934, 30.480591028864637, 31.101517175238918, 30.430341560443665, 31.10179771776526, 30.454939206296416, 30.58983087547339, 31.092458052673724, 31.06749078333699, 30.643213612342084, 30.793619655182393, 31.370772878434938, 31.096211768263785, 31.43631727670853, 31.24889428574274, 31.63709773100264, 31.332397541422925, 31.451336376858922, 31.42289645279531, 31.559716711740677, 31.71862842066421, 31.602636708798645, 31.509846241465635, 31.515246746848227, 31.011903730078814, 31.187205432360056, 31.444141124420625, 31.43338883555204, 31.544706512660955, 31.932586137294667], "test_loss_l1": 1.965595543384552, "test_acc_l1": 35.303277778699474, "test_loss_l2": 2.192951631546021, "test_acc_l2": 31.619801898902388}