{"epoch_idx": 50, "model_save_file": "models/LSTM/128/ESEN_60-40/ESEN_60-40_6.pt", "best_joint_acc": 33.602381412594326, "best_joint_loss": 2.0584359169006348, "best_epoch_idx_loss": 40, "best_epoch_idx_acc": 49, "run_time": "210s", "train_loss": [2.7095709569526427, 2.39863275759148, 2.3244073698014924, 2.2823733398408597, 2.2530552058508895, 2.231731078841469, 2.213609301682675, 2.1994855837388463, 2.185024906288494, 2.1733261852553394, 2.163286032098711, 2.1553037690393855, 2.146392032955632, 2.139353427019986, 2.130500798875636, 2.1218241326736687, 2.1173748536543404, 2.10972245534261, 2.103517566666457, 2.0972193867871254, 2.091197722789013, 2.0855802604646403, 2.0818794992837035, 2.0773382800998106, 2.0719547732309866, 2.0663600600127014, 2.0598743007038594, 2.057718692403851, 2.053046644637079, 2.0490075277559696, 2.04472218408729, 2.039326391436838, 2.0374291638533264, 2.0345195703434236, 2.027842229062862, 2.026048588030265, 2.0222238844091245, 2.0185215500268057, 2.0153905071995464, 2.0112869152517034, 2.006806483774474, 2.0031348466873182, 2.001353756947952, 1.9980698282068428, 1.9956644475460052, 1.9918103741877013, 1.9901126695401743, 1.9844115620309661, 1.982417312535372, 1.9797004632877573], "train_acc": [19.61996483789197, 24.49281513832085, 25.958225949195562, 27.097502899419013, 27.8713924912071, 28.411402797927458, 28.862257148498976, 29.160486628371117, 29.643312374153844, 29.9763052564453, 30.2964972196868, 30.51328478941827, 30.89051953507916, 31.07346182945213, 31.21729029175805, 31.581733015190444, 31.664367729327264, 31.916359437871574, 32.03077803744756, 32.3021160213002, 32.31708178501529, 32.584209769448464, 32.82954650667142, 32.822555466013846, 33.021871527992246, 33.09378597372676, 33.34397468366654, 33.42666495789088, 33.657764058081675, 33.55641297058409, 33.725648644927425, 33.83886114503399, 34.06615334688376, 34.16533169820394, 34.40485110102776, 34.30247410586359, 34.51262949277006, 34.5841387735183, 34.65437197298496, 34.71385727733516, 34.96661757088679, 35.02788279414444, 35.15123077852113, 35.24418006313558, 35.315620671227975, 35.490241141502416, 35.566294436454605, 35.6480607183797, 35.7798479152773, 35.88189126506149], "val_loss_l1": [2.318712329864502, 2.193043327331543, 2.1473193883895876, 2.1159904241561893, 2.1035458803176885, 2.0975261926651, 2.0649594783782956, 2.056755995750427, 2.0502447128295898, 2.0341569900512697, 2.0336612701416015, 2.0349406957626344, 2.0178993463516237, 2.0159603118896485, 2.0014615178108217, 2.0113879442214966, 2.0014238715171815, 1.9979980945587161, 1.9923009991645815, 1.992445981502533, 1.9869675636291504, 1.989388883113861, 1.981225609779358, 1.9782446026802063, 1.9816802978515624, 1.9718184828758238, 1.9704248070716859, 1.9744392156600954, 1.9661878466606142, 1.9651196122169494, 1.9627882242202759, 1.964036202430725, 1.9645086765289306, 1.9619927763938905, 1.9633543610572814, 1.9615749120712278, 1.9611816048622133, 1.9611729860305787, 1.9570205211639402, 1.9633212089538574, 1.9603047609329223, 1.9579696178436279, 1.957383358478546, 1.9609132051467897, 1.9631620168685915, 1.9642935156822205, 1.9553110241889953, 1.9635548233985902, 1.960382115840912, 1.9600561738014222], "val_acc_l1": [25.57873154769158, 28.898479526363776, 29.83262314924406, 30.922924098559605, 30.84316192875517, 31.16623996766119, 32.000726660637724, 32.20118348913232, 32.23144112341491, 32.852625273082815, 33.07569247992767, 32.55756362610633, 33.2189011993151, 33.49946634785022, 33.93385693061496, 33.43145585547863, 33.93196275438835, 34.131064875184045, 34.1251186679493, 33.884303378374256, 34.33497245728093, 34.33058724430507, 34.12710132051265, 34.3193174308672, 34.23411177176264, 34.49312916538177, 34.71582430714168, 34.88722515499984, 35.001907775939316, 34.71393936167728, 34.733026343993274, 35.042893536543545, 35.056912867220476, 35.01088048610247, 34.71976600105661, 34.662471475865075, 35.00500778321713, 35.15515369526587, 35.22009062733287, 34.975757273791686, 34.99813204652118, 34.995738763462455, 34.92291985442496, 35.02286470955612, 35.00154757046695, 35.19154505101374, 35.27589121992442, 35.25399165657097, 35.40499987641211, 35.23752345278199], "val_loss_l2": [2.5991758584976195, 2.4748870134353638, 2.4126566171646115, 2.374152326583862, 2.3371278047561646, 2.3092443704605103, 2.3046453475952147, 2.2892754077911377, 2.2722065925598143, 2.269488310813904, 2.25179295539856, 2.234056282043457, 2.242420291900635, 2.226350235939026, 2.2305009365081787, 2.2080949068069455, 2.2103582143783567, 2.2051997900009157, 2.204437279701233, 2.1983911514282224, 2.2012068510055545, 2.1851060152053834, 2.189274764060974, 2.1898725748062136, 2.179340291023254, 2.1818615674972537, 2.187490034103394, 2.1729341030120857, 2.1867259740829468, 2.179779434204102, 2.1762383460998533, 2.174686694145203, 2.168425130844116, 2.170633339881897, 2.1659804821014403, 2.1698116779327385, 2.1602890968322757, 2.1643752098083495, 2.1651456117630006, 2.153550624847412, 2.162321877479553, 2.1698590993881224, 2.163650870323181, 2.1559717655181885, 2.1566606760025024, 2.1631508588790895, 2.168281888961792, 2.1538982629776005, 2.163781857490539, 2.1616257190704347], "val_acc_l2": [21.684564931868366, 23.7004641339516, 25.222382333364923, 25.960791841228136, 26.643647842074493, 27.726783319424072, 27.626119716191294, 28.082690292515533, 28.68644979890123, 28.82762385042389, 29.095117625130438, 29.72727381596024, 29.123462071106765, 29.562648075748424, 29.534536079630612, 30.189953169625234, 30.047944969684124, 30.329896010152805, 30.253059154180054, 30.72556680834148, 30.483322300031748, 31.05637702013465, 30.86567238525284, 30.74315795141165, 31.34663225862736, 31.410462382916947, 30.917397797992972, 31.310350687700176, 30.868285517034906, 31.14699127135288, 31.086279413141657, 30.87950193157516, 31.595040333916007, 31.459920189479035, 31.33112788557739, 31.348302661897897, 31.730383745130524, 31.464924362801927, 31.406327159645663, 31.792014663255742, 31.543211664978667, 31.51926222009141, 31.622460083458353, 31.777760805865533, 31.920467314679392, 31.87866594006271, 31.527554845728364, 31.881284113413823, 31.79976294877654, 31.725297554299726], "test_loss_l1": 1.9678021907806396, "test_acc_l1": 35.82112458177581, "test_loss_l2": 2.1890009880065917, "test_acc_l2": 31.946105267734318}