{"epoch_idx": 50, "model_save_file": "models/ESEN_60-40/ESEN_60-40_5.pt", "best_joint_acc": 34.57340938290251, "best_joint_loss": 2.0517326295375824, "best_epoch_idx_loss": 15, "best_epoch_idx_acc": 30, "run_time": "694s", "train_loss": [2.5234424138287888, 2.2591518601146308, 2.1799467900477416, 2.131510706122863, 2.095770047345294, 2.065808272143021, 2.0419691855754327, 2.0198784935365026, 1.9986015924619969, 1.9799572508269492, 1.962976121027535, 1.9464812317025768, 1.9302648054350409, 1.9155386582427065, 1.901049074229843, 1.8875640319028035, 1.87413192068765, 1.862601525739792, 1.850653221300983, 1.8382975754387887, 1.8267582283107506, 1.8166994113440909, 1.8063299355156928, 1.7955073052590056, 1.7859717771547647, 1.7768967867991243, 1.7682977887468596, 1.7588707667971974, 1.7523690363682738, 1.7430948024496031, 1.7358556460896761, 1.7280239845634597, 1.7222160855564494, 1.7147274247003252, 1.7078936083601142, 1.7013659050705245, 1.695832339448666, 1.6904233606583483, 1.68442633720713, 1.6789848148275957, 1.6740185809791643, 1.6691371711022263, 1.663617122610775, 1.6598177574096464, 1.6534907746752479, 1.6494016231746849, 1.6445775945252235, 1.6409290050147873, 1.637352058100045, 1.632256826129529], "train_acc": [22.192702615269575, 27.437122828186826, 29.55117257298729, 30.863839034968496, 31.99393217618637, 32.82226228116723, 33.58816388663938, 34.19580319602524, 34.92414208288642, 35.489257756606776, 36.11547114175536, 36.570186957476615, 37.10141654795244, 37.55005081534606, 38.059763515173984, 38.472538755700974, 38.940690372179155, 39.23001161647947, 39.71989647265169, 40.14651464614553, 40.41318324956156, 40.721913093887515, 41.17327851959171, 41.46716645870174, 41.781312285057545, 42.03158160919668, 42.24754711220234, 42.520714249850855, 42.77594675658337, 43.1209869904249, 43.31942027986075, 43.525750171823375, 43.7303321709113, 44.0520463163902, 44.134280863269346, 44.296910778186515, 44.537156105770705, 44.69954143474087, 44.83964685508893, 45.009273705627244, 45.283263963774104, 45.395901070486424, 45.50329387901362, 45.65087735113999, 45.859427353105325, 45.95138409243779, 46.11960220983876, 46.26993310687429, 46.251490790228395, 46.51101395067734], "val_loss_l1": [2.2043449878692627, 2.1081036090850827, 2.061698389053345, 2.045753228664398, 2.016454041004181, 1.9978612542152407, 1.987070894241333, 1.9789491534233092, 1.9676596522331238, 1.9613481640815735, 1.9558979511260988, 1.9610434889793396, 1.9539104342460634, 1.9581514239311217, 1.9481155514717101, 1.9527556896209717, 1.944986391067505, 1.9481002569198607, 1.9545777440071106, 1.9517293214797975, 1.9554400086402892, 1.9631788611412047, 1.9625161409378051, 1.9695254683494567, 1.9731958746910094, 1.9760563850402832, 1.9747140407562256, 1.979115617275238, 1.9835668921470642, 1.9823200941085817, 1.9906008839607239, 1.9968330264091492, 2.0007076144218443, 1.9969956517219543, 2.0100388646125795, 2.0160586953163144, 2.0222268104553223, 2.028518211841583, 2.0213774085044864, 2.034999132156372, 2.033912944793701, 2.04238874912262, 2.0428927540779114, 2.046441376209259, 2.054225969314575, 2.051479363441467, 2.0516566157341005, 2.0610842943191527, 2.066892635822296, 2.0754435777664186], "val_acc_l1": [28.193213363531516, 30.646702172801767, 31.684778426725792, 32.07883143680419, 33.06331910748036, 33.67030603667576, 34.26483724682775, 34.74554573533958, 34.95014489795368, 35.392723065870555, 35.031111770824694, 34.98408807082002, 35.502441974776836, 35.91277828547081, 35.778706640590535, 35.74188352893904, 36.26961072734754, 35.706975342114696, 36.63195480230791, 36.01542671293646, 36.301879530551396, 36.450693364581234, 35.75198084204523, 36.189203426927676, 36.570996474124264, 36.09671339631733, 36.22567027861356, 36.11898516192954, 36.268669590937655, 36.84151134822479, 36.834737252999105, 36.056552135648715, 36.24727557862017, 36.768358098811504, 36.36293253702455, 36.568990151141975, 36.26462663287381, 36.1898270214927, 36.45133007832369, 35.93676500248951, 35.90867466316563, 36.171452362605606, 36.45845410344971, 36.24422016166619, 36.20376422835113, 36.25467959593715, 36.82274609703007, 36.264906864192945, 36.061800384301584, 36.13357970476639], "val_loss_l2": [2.4915827751159667, 2.359376072883606, 2.314798998832703, 2.265218997001648, 2.2185142517089846, 2.213885855674744, 2.2200066328048704, 2.1869413137435916, 2.173848485946655, 2.173773407936096, 2.177743339538574, 2.1680204391479494, 2.1708899259567263, 2.1552095413208003, 2.1553497076034542, 2.161499810218811, 2.1792956590652466, 2.17366316318512, 2.18250126838684, 2.183256220817566, 2.1924986124038695, 2.193938732147217, 2.1981304168701175, 2.2103290081024167, 2.219347095489502, 2.2093951225280763, 2.2195160388946533, 2.2349429607391356, 2.2283549308776855, 2.239050269126892, 2.2585657835006714, 2.253260159492493, 2.260937762260437, 2.2777209758758548, 2.273316264152527, 2.27599515914917, 2.2882116556167604, 2.289122295379639, 2.301582551002502, 2.312416672706604, 2.3239525794982914, 2.3186686038970947, 2.33299388885498, 2.337492465972901, 2.3443578958511355, 2.3533517360687255, 2.364733076095581, 2.3740425348281864, 2.3689269065856937, 2.3773693084716796], "val_acc_l2": [22.409646472789216, 26.070317344083527, 27.092632820835185, 28.722910720581847, 29.700073562993776, 30.6637728719375, 30.433945832392336, 31.633576510865712, 31.767433418651038, 31.22239161834458, 31.66910004872438, 31.969189551017674, 31.15322261034076, 32.56966032750652, 32.41900347006921, 32.2786572355769, 31.81029127917002, 32.56111460562672, 32.42487573092981, 32.32632539557112, 32.16029787123152, 32.02830733844257, 32.03371956464939, 32.58948369385546, 32.04810637452192, 32.38880642476926, 32.418684836060535, 32.642600127158396, 32.618148813079095, 32.30530741758024, 31.694354406358073, 32.18217332133164, 32.312834412949385, 32.176769822098024, 32.229024968018535, 32.01796941248956, 32.165641367095326, 32.410582947367025, 31.98996708921203, 32.37142166545787, 31.6700772991759, 32.423716713745364, 31.918972184679408, 31.62131064589163, 32.13054039081254, 31.913855763616134, 32.276791868166804, 32.096656259713825, 32.46754965638417, 32.00901225913718], "LDT_train_score": [60.119713582456924, 65.40613112553145, 68.0073842022824, 70.52472588946073, 72.1917654956366, 73.65741776683822, 74.68673081226225, 76.12441262027299, 77.26560751846051, 78.23338554486462, 78.70328932647125, 79.98433654061311, 80.69478630566122, 81.85835757440142, 82.5967778026404, 82.69747147012755, 83.00514656522712, 83.9393600358022, 84.52114567017229, 84.45401655851421, 84.83441485791005, 85.07496084135153, 85.70149921682703, 85.94204520026851, 86.3336316849407, 86.45670172298054, 86.73081226225106, 86.90982322667263, 87.31819198925935, 87.34056835981204, 87.67061982546431, 87.45245021257551, 87.564332065339, 87.87760125307675, 88.09577086596553, 87.9727008279257, 88.29156410830163, 88.46498098008503, 88.5992392034012, 88.73909151935557, 88.58805101812486, 88.80622063101366, 89.10830163347505, 88.91250839113896, 89.04676661445514, 89.13627209666592, 89.15864846721861, 88.946072946968, 89.5110763034236, 89.37122398746922],