{"epoch_idx": 50, "model_save_file": "models/ESEN_60-40/ESEN_60-40_3.pt", "best_joint_acc": 33.98352347379296, "best_joint_loss": 2.0752906501293182, "best_epoch_idx_loss": 12, "best_epoch_idx_acc": 21, "run_time": "750s", "train_loss": [2.516424479834531, 2.2484109292336556, 2.173062928226016, 2.1280505832182177, 2.093166111259283, 2.064841081243042, 2.040686726570128, 2.019456949802713, 1.9990971000916375, 1.9811141108154156, 1.9624903557497442, 1.9465777070150463, 1.9303330833758772, 1.9157708084911373, 1.9015074230115347, 1.8894538890331163, 1.8750848759204979, 1.86326949804201, 1.850761772295751, 1.8397497687864741, 1.8287941890025357, 1.818642136153825, 1.807723501406679, 1.7971022845408238, 1.7886318181632859, 1.7792544583661831, 1.7710496094248718, 1.7626670331036285, 1.7541609690823694, 1.746961929929366, 1.7380378962656777, 1.732684458067657, 1.7254157197584796, 1.7181767115899165, 1.7115538858492445, 1.7056636115826591, 1.6985019680556896, 1.693341648906743, 1.6873378808345267, 1.6822785319538294, 1.67655122006705, 1.6712775449140358, 1.6668458422389596, 1.660894053791642, 1.6575255804105642, 1.652323744712619, 1.6479825929764211, 1.6433560410770796, 1.639265437738611, 1.6358095801204722], "train_acc": [22.494641988743368, 28.079144687105355, 30.037214635208663, 31.11960347097848, 31.965761467617725, 32.881755745585245, 33.55781067577587, 34.155874301280505, 34.86688852658505, 35.42458415614853, 36.07889428915191, 36.574970109766305, 37.11334771900951, 37.66211713634984, 38.080247414968106, 38.375831127738536, 38.88106680679044, 39.11453692357785, 39.63936513529213, 39.97660869552469, 40.26934491500062, 40.50201407639766, 40.86441801621584, 41.32626742412249, 41.45473674754992, 41.80112571413408, 41.96651916462055, 42.32140910415501, 42.51891975070542, 42.77703435535464, 43.15466817271207, 43.23597503950359, 43.421957709038494, 43.77656538737901, 44.06526781707337, 44.152791235201605, 44.448476047203755, 44.49839547139863, 44.695584635035814, 44.92078442088333, 45.027620735403936, 45.171452370825165, 45.370867048536596, 45.57365816852491, 45.596391272258195, 45.83388320055236, 45.919274441132785, 46.05962673200501, 46.25752118907418, 46.286396788798235], "val_loss_l1": [2.197621250152588, 2.126748037338257, 2.0602960348129273, 2.0429638147354128, 2.0209947109222415, 1.9995564579963683, 2.0022319912910462, 1.9809817314147946, 1.9767632246017457, 1.977903997898102, 1.9625491142272946, 1.9692259669303895, 1.9648401498794557, 1.9658532977104188, 1.9603717088699344, 1.9539061784744263, 1.9568349123001096, 1.9576503157615663, 1.9673506736755368, 1.9592366576194764, 1.9642632365226746, 1.9698697686195374, 1.96781884431839, 1.9777322888374327, 1.9904483079910278, 1.9756207942962647, 1.980552887916565, 1.985450494289398, 1.9907218575477599, 1.997616171836853, 1.9974475264549256, 2.0004875183105466, 2.0130863904953005, 2.0129823684692383, 2.020032370090484, 2.0232539296150205, 2.0209783196449282, 2.0277113199234007, 2.0340708613395693, 2.0392249584197994, 2.0463826298713683, 2.0530244588851927, 2.048452866077423, 2.063251173496246, 2.0721613168716435, 2.067298567295074, 2.057589364051819, 2.088725209236145, 2.077914619445801, 2.0880121946334835], "val_acc_l1": [27.75497319768542, 30.07937225136627, 32.534360797532884, 31.79511647320564, 33.35678727301963, 33.41876720978302, 34.06662613735067, 34.31045172063463, 34.9926351697361, 34.78494936643244, 35.2999958574256, 34.72120398592272, 35.669281467647615, 35.23605357033514, 35.13039502799086, 35.722324587252615, 35.8341283101301, 35.676382120530164, 35.68894513516814, 35.845863301783616, 35.857286388538846, 35.62260585645607, 35.89747759573579, 35.61543342534912, 34.89567156374333, 35.54667565434638, 36.0341203301804, 34.98674357818125, 35.820494353299885, 35.662278327216754, 35.507944679179104, 35.45583278681442, 35.215830933764984, 35.03126079362869, 35.42235569347694, 34.710506044027326, 35.35952618706731, 35.551767581376, 35.02757075900504, 35.13564510283555, 35.240498927074064, 35.3305068945983, 34.86414522678072, 35.242056574451276, 34.74863930959925, 35.00431782756748, 34.772265153993814, 34.76146028029469, 34.40289985806438, 34.899829241133496], "val_loss_l2": [2.471232080459595, 2.3509501457214355, 2.326591110229492, 2.2771185636520386, 2.251125168800354, 2.2540338039398193, 2.2221522569656376, 2.2211124420166017, 2.207191443443298, 2.192088747024536, 2.198320245742798, 2.181355333328247, 2.191467118263245, 2.1953970193862915, 2.1908420324325557, 2.2042685747146606, 2.21565580368042, 2.2101495265960693, 2.207041692733765, 2.2209129810333255, 2.224875688552856, 2.2401792287826536, 2.233712363243103, 2.2369250774383547, 2.2343201637268066, 2.256879377365112, 2.2635808467864993, 2.2664145469665526, 2.278656482696533, 2.2815977334976196, 2.286917495727539, 2.294628381729126, 2.292509841918945, 2.3158851623535153, 2.310741138458252, 2.326313304901123, 2.3302337884902955, 2.3433677434921263, 2.343359136581421, 2.356244969367981, 2.3534459114074706, 2.3743183851242065, 2.3793460607528685, 2.3764572620391853, 2.392356443405151, 2.4010220766067505, 2.407525444030762, 2.4053891420364377, 2.414900708198547, 2.423148822784424], "val_acc_l2": [24.24100845307402, 26.540117916518206, 26.593007270217267, 28.498098099544826, 28.845351168095156, 29.182077263680224, 29.896184889537206, 29.61819526836139, 30.583195789756346, 31.085605247160924, 30.85409016467113, 31.585859656622496, 31.32179003132859, 31.72142484806729, 31.632512747284135, 31.081433869393468, 31.061270671480923, 31.5478223490263, 31.804907609742063, 31.17562929679052, 32.109760559047075, 31.48172353278822, 31.45901137059905, 32.00817123911634, 31.663806377604676, 31.526238564241176, 31.43775174194095, 31.18283234018923, 31.651227808428995, 31.557771652904446, 31.29307885242217, 31.52711451054068, 32.27555334818892, 31.285431114480822, 31.60377769904142, 31.546162911371816, 31.266007417296628, 31.434340740900872, 31.62920155367978, 31.191532506194463, 32.01348125471396, 31.296972073110226, 31.608567613855378, 31.321919560052997, 31.401521142362615, 31.435730049217508, 31.31458631709237, 31.68285993841314, 31.524054938746925, 31.339029362514886], "LDT_score": [59.709981553597046, 64.05001024800164, 66.71449067431851, 68.2978069276491, 70.87005533920886, 71.66427546628408, 73.12973970075835, 74.00081984013117, 75.29719204755074, 76.33736421397828, 76.85488829678214, 78.02316048370568, 78.77126460340233, 79.12994466079114, 79.82680877228941, 80.48780487804879, 80.94896495183438, 81.15904898544784, 81.68682106989137, 82.19409715105554, 82.57839721254355, 83.0703012912482, 83.05492928878868, 83.43410534945686, 83.8491494158639, 83.89526542324248, 84.35642549702807, 84.679237548678, 84.45890551342488, 85.37610166017626, 85.45808567329371, 85.38122566099611, 85.5195736831318, 85.73990571838492, 86.22156179544989, 86.08833777413403, 86.14470178315229, 86.32916581266653, 86.29329780692765, 86.6314818610371, 86.7595818815331, 86.99528591924575, 87.01065792170527, 87.0004099200656, 86.92354990776798, 87.25148596023774, 87.44619799139168, 87.27710596433695, 87.13363394138143, 87.35396597663456], "test_loss_l1": 2.0677512764930723, "test_acc_l1": 35.52260697609014, "test_loss_l2": 2.374713683128357, "test_acc_l2": 30.89442317423827}