{"epoch_idx": 100, "model_save_file": "models/ESEN_60-40/ESEN_60-40_7.pt", "best_joint_acc": 34.92576864320263, "best_joint_loss": 2.0514179706573485, "best_epoch_idx_loss": 15, "best_epoch_idx_acc": 31, "run_time": "1389s", "train_loss": [2.5032441353579165, 2.2468019078630928, 2.174414468467783, 2.128522295470631, 2.0934528511598574, 2.0643829003386545, 2.040301122249814, 2.01697631604081, 1.995306299367082, 1.976353023030342, 1.9591879095506226, 1.9417449875709112, 1.9261046325394873, 1.9108949768433892, 1.8960399671432082, 1.8817734062124825, 1.868897054720362, 1.856599376835954, 1.8441740580655024, 1.8330025421370055, 1.822019198072067, 1.811332614049999, 1.8015806581995901, 1.7917673883088132, 1.7825156089362748, 1.7742363099658158, 1.7650755878982194, 1.7566852170393001, 1.748936054903433, 1.7410876368163917, 1.7341915877587215, 1.7269703953637987, 1.720417348616714, 1.7124495364110415, 1.7057970844277546, 1.70064475667586, 1.6950759614279503, 1.689124940732204, 1.6832228549029848, 1.6776391147473542, 1.671715909734778, 1.6671555113354952, 1.6629183882967051, 1.6580043500716533, 1.6528184742008876, 1.649196363917184, 1.6446993607993512, 1.6401696664477705, 1.6352705014955011, 1.632773948918789, 1.6278991841394967, 1.6241842770795196, 1.6209936092752932, 1.6174356942876766, 1.613396246498878, 1.6105633060866538, 1.6071299188727637, 1.6039183856150425, 1.6012899257721158, 1.5974105705908677, 1.5937053172960194, 1.591335320144618, 1.5887238820758443, 1.58580879333916, 1.5838651771939134, 1.5803494781529135, 1.5785641582733998, 1.5749012122460462, 1.5731387652388416, 1.5711346306932081, 1.5675119637349335, 1.5664322584047232, 1.5644881337060852, 1.561718131970922, 1.5597991713690103, 1.5580060197672716, 1.5550080537796032, 1.5529507289239028, 1.5523763337266558, 1.550109594240101, 1.5484572933354503, 1.5467718506078112, 1.5439937426409591, 1.5428555700757085, 1.5406074841088118, 1.5393146834242228, 1.5385506229663104, 1.5376877254302348, 1.5340413254335385, 1.5337294493246518, 1.5315904196249237, 1.5301670218826433, 1.5281348452655543, 1.5261905067557597, 1.5249727756605242, 1.5241358679368961, 1.5235504223666059, 1.5216000369929392, 1.5213505117171406, 1.51938437267181], "train_acc": [22.792168415770654, 28.117175457179865, 30.082915380245257, 31.157919543043743, 32.24673311338102, 32.94778999770747, 33.69523144998519, 34.36258440378968, 35.03735178959098, 35.71990692157534, 36.3326346496524, 36.8633672010092, 37.42973320027377, 37.73547332293236, 38.21199903508957, 38.796287797859904, 39.10232971851607, 39.68769399281854, 40.01772368847223, 40.421950576983505, 40.80259226447321, 41.0710346880467, 41.33522239494619, 41.68657198711817, 41.948669166723484, 42.08633724919794, 42.45835027850882, 42.73232189338709, 42.94358602216616, 43.28264933164382, 43.362933952575055, 43.72625294155298, 43.90534549804127, 44.16220281475389, 44.29939564415146, 44.45946484962602, 44.72304065942143, 44.77343533215759, 45.02741766243263, 45.22760177432913, 45.41319556550184, 45.48095840741139, 45.685058226692725, 45.78900038012766, 45.99483423407428, 46.173650990351376, 46.12919169040553, 46.37642730605356, 46.47406818503342, 46.512068415243604, 46.729281680077314, 46.91940053882566, 46.97380522082725, 47.025482959150615, 47.18344118142668, 47.06976218645202, 47.32544773142529, 47.40838081691681, 47.440131772975604, 47.61444282580876, 47.69777557515662, 47.79802290667956, 47.84433607841976, 47.94186617276633, 47.987076477237956, 48.062378913727784, 48.18489353858345, 48.29009153715088, 48.36516601955227, 48.40192901430478, 48.41468241686128, 48.5443395006738, 48.57369804267621, 48.635334419715626, 48.74591594178343, 48.72862756943801, 48.8512752649885, 48.915489523272086, 48.90371479338087, 48.975011856590726, 48.99802401735184, 49.08168907360277, 49.19043688990073, 49.184612912095496, 49.31641723042907, 49.2978136321654, 49.29297588279687, 49.24957404729177, 49.4311556303266, 49.42651792642594, 49.46567165127553, 49.49161698191852, 49.60841471505603, 49.70483640104527, 49.64312967333831, 49.69292372627381, 49.77949885631943, 49.850645975084916, 49.74077399662577, 49.90611566216296], "val_loss_l1": [2.1854510068893434, 2.094907355308533, 2.0493911504745483, 2.0260882616043094, 2.0142558932304384, 1.9871771812438965, 1.9824705719947815, 1.9768144249916078, 1.9621322154998782, 1.9546591997146607, 1.9563802242279054, 1.9448062539100646, 1.9488174557685851, 1.9573752880096436, 1.9444193363189697, 1.9514832973480225, 1.9539789199829103, 1.950073528289795, 1.951254117488861, 1.9592207431793214, 1.9596693158149718, 1.9686416625976564, 1.9686564445495607, 1.9694419980049132, 1.9708894610404968, 1.9741942167282103, 1.978085696697235, 1.9880499005317689, 1.992904782295227, 1.993953239917755, 1.9964016318321227, 2.0076367259025574, 2.002798914909363, 2.00509033203125, 2.011452078819275, 2.0198243618011475, 2.0196045517921446, 2.023125147819519, 2.0194963574409486, 2.0313354849815366, 2.038037896156311, 2.040358138084412, 2.0518820285797124, 2.044375729560852, 2.048611032962799, 2.0619094014167785, 2.063715887069702, 2.0634063720703124, 2.0761443734169007, 2.071707057952881, 2.0792803764343266, 2.086232852935791, 2.0832258582115175, 2.092731404304504, 2.0960595846176147, 2.095727014541626, 2.1073735237121585, 2.0997264623641967, 2.1129405260086056, 2.122032952308655, 2.1222936868667603, 2.1315284967422485, 2.132798910140991, 2.135688304901123, 2.1464180231094363, 2.138124704360962, 2.151274704933166, 2.150362873077393, 2.1501255273818973, 2.1673914194107056, 2.17115216255188, 2.1702378034591674, 2.1798603534698486, 2.1821619272232056, 2.1745038986206056, 2.181917834281922, 2.1820909500122068, 2.1860421657562257, 2.1855503797531126, 2.202134108543396, 2.198785972595215, 2.2015024662017826, 2.203648233413696, 2.200879764556885, 2.2107863426208496, 2.2087388753890993, 2.217420029640198, 2.2325524330139164, 2.2194995641708375, 2.2186254262924194, 2.2365963459014893, 2.224925208091736, 2.239014410972595, 2.2414963483810424, 2.253086471557617, 2.2339494705200194, 2.2479480981826785, 2.2512143611907955, 2.2537723541259767, 2.254905915260315],