{"epoch_idx": 50, "model_save_file": "models/ESEN_60-40/ESEN_60-40_0.pt", "best_joint_acc": 34.140671324585156, "best_joint_loss": 2.07507244348526, "best_epoch_idx_loss": 14, "best_epoch_idx_acc": 30, "run_time": "787s", "train_loss": [2.5035737402942204, 2.253665559882418, 2.1771476367198, 2.1300532763157425, 2.09435691417904, 2.0654952482346007, 2.039899074703181, 2.0171068966935537, 1.9972988028045096, 1.9777885675430298, 1.9598087001284321, 1.9443874884089198, 1.9277176233606603, 1.9118699497039164, 1.8971243238230364, 1.8834060233667362, 1.8701238812656569, 1.8581090766355537, 1.845770080702021, 1.8337696506342753, 1.822786873086877, 1.8109577730161328, 1.8013613426357242, 1.7912386141785788, 1.7817430069687172, 1.7729498749479242, 1.76371027898351, 1.7552787929499913, 1.748148975022342, 1.7395731440377897, 1.730956091246474, 1.7253117276987895, 1.7166507282388315, 1.7106285330352433, 1.7040108978201485, 1.697393726865087, 1.6907922204481352, 1.6853190890145966, 1.6797522984513447, 1.6739995665506475, 1.669147491455078, 1.6634140949730483, 1.6583543715127016, 1.6530723314766487, 1.6493410686834151, 1.643570365708902, 1.639967545456843, 1.6344200263329605, 1.630547868549277, 1.6268475903283572], "train_acc": [22.571863302545104, 27.69955961037503, 29.56631227264251, 30.985550424878234, 32.06010510024084, 33.0889523599071, 33.802735997639736, 34.45644265203136, 35.04462463129639, 35.63033229781791, 36.14324286770134, 36.625276271262315, 37.19877254814106, 37.70971767430313, 38.13312890521647, 38.60132618791464, 38.95619640162074, 39.42754515370159, 39.73846456093726, 40.12106730372432, 40.493889835348426, 40.838349625462605, 41.159196966617635, 41.451480885066, 41.783412367221985, 42.1938611640936, 42.40987187055584, 42.59469353844903, 42.92907363891661, 43.10967240376498, 43.457006475508514, 43.580182079200775, 43.9428067479021, 44.088000064743134, 44.31477392500088, 44.54025155449562, 44.64897115442036, 44.94141178679781, 45.01095564711744, 45.177804973977985, 45.385718273732465, 45.52526616198031, 45.768808113145695, 45.8988799193699, 45.99458931150488, 46.21943060228384, 46.2391364971747, 46.48602562652605, 46.509584308304156, 46.62252259514526], "val_loss_l1": [2.207719016075134, 2.115807294845581, 2.080161690711975, 2.041430175304413, 2.014970755577087, 2.010515332221985, 1.992913520336151, 1.9945626854896545, 1.991049015522003, 1.9748417258262634, 1.968401825428009, 1.972621190547943, 1.971298384666443, 1.9634526491165163, 1.968160581588745, 1.9637480139732362, 1.9712656617164612, 1.9627158403396607, 1.9692014932632445, 1.9707236051559447, 1.9703676104545593, 1.969051730632782, 1.9771112084388733, 1.9860186100006103, 1.9862052917480468, 1.9887736439704895, 1.9846460342407228, 1.993055212497711, 1.994418203830719, 2.004065549373627, 2.0049254655838014, 2.0087752103805543, 2.020356404781342, 2.016558063030243, 2.0277493238449096, 2.026715791225433, 2.038435471057892, 2.0403692245483396, 2.0436115503311156, 2.042710649967194, 2.054603695869446, 2.058588337898254, 2.057456505298615, 2.0640547275543213, 2.0717344522476195, 2.0699553728103637, 2.078778398036957, 2.0873591661453252, 2.090636563301086, 2.096282386779785], "val_acc_l1": [27.512001842517098, 30.21467814526472, 31.601539604326447, 32.38877396992075, 33.449119316574766, 33.36722239578059, 33.74612455092941, 33.877664240163604, 33.824708109008455, 34.63308505052598, 34.77012469009924, 35.04112257786711, 35.06792319945599, 35.39650447110657, 34.77493427458943, 34.8696540666505, 35.36813826719556, 35.5115793428633, 34.96110786447115, 35.3044120655645, 35.265544245051885, 35.374945716849815, 35.43177534853555, 34.642070005166474, 34.57228695796255, 35.54436197318789, 35.30077970456523, 34.809444713588206, 35.44137782193192, 35.695943979432215, 34.769895282972215, 35.20043673099933, 35.02275478588243, 35.61899852709465, 34.97851682929838, 35.10705009429611, 34.918931115622044, 35.22639144499287, 35.0757262568758, 35.55950644805115, 34.75270318554047, 34.394858056995815, 35.1519601782717, 34.6344496505377, 34.653226338637744, 35.09792362966314, 34.91609703077197, 34.98699831830891, 34.07408425482795, 34.13537907142963], "val_loss_l2": [2.4715262413024903, 2.3851078271865847, 2.3296526432037354, 2.2847599029541015, 2.263584065437317, 2.229490065574646, 2.2345537185668944, 2.210646080970764, 2.2105866432189942, 2.19668333530426, 2.2031358957290648, 2.194474601745606, 2.1883785009384153, 2.186692237854004, 2.19224157333374, 2.1983547449111938, 2.2011872053146364, 2.1993746519088746, 2.2017670392990114, 2.2085052013397215, 2.2067733287811278, 2.2145596981048583, 2.211756634712219, 2.221528625488282, 2.230727934837341, 2.2291012287139895, 2.2422005176544193, 2.243397307395935, 2.252270221710205, 2.2501641511917114, 2.2691709756851197, 2.268914270401001, 2.2744955301284793, 2.2809148311614993, 2.2849234342575073, 2.2904977560043336, 2.3027419328689582, 2.3098399162292482, 2.3071217775344848, 2.319235801696778, 2.324347496032715, 2.326325750350952, 2.333437085151672, 2.337750458717346, 2.3434334993362427, 2.358340048789978, 2.357575106620789, 2.3796858549118043, 2.371532702445984, 2.3853306770324707], "val_acc_l2": [24.696875555531815, 25.809050958988937, 27.142050363978484, 28.43334754771505, 28.945098240401993, 29.81534404931616, 29.821260124944445, 30.230202927384465, 30.74586882293237, 31.169059410673487, 30.795537024103805, 31.27401064384812, 31.663660597837474, 32.062669616818646, 31.800170612578754, 32.299259048893944, 32.20043941819887, 32.47779477322691, 32.23428987873846, 32.55645102140464, 32.3777546341875, 32.59764204913388, 32.70654089616383, 32.705539890574336, 32.47349059708457, 32.62776125671283, 32.08440490560115, 31.835395784826538, 32.64507622421045, 32.58539866973809, 32.2782036070674, 32.47744495631932, 32.36927936838263, 32.48189294113176, 32.341358701628344, 32.54889887787986, 33.08848595070209, 32.49731046561551, 32.76644154895421, 32.047825962216436, 32.77867974663359, 32.331002469419914, 32.12162584077426, 32.44434252081045, 32.637234278986114, 32.64166468930974, 32.72977342848337, 32.65126667455155, 32.474415765263096, 32.95404044423056], "LDT_score": [59.04386144701783, 63.47612215617955, 66.08936257429802, 68.52326296372208, 70.15781922525107, 72.23816355810617, 72.6378356220537, 74.27751588440255, 75.04099200655872, 76.65505226480836, 77.37753638040581, 78.14613650338184, 78.46382455421193, 79.5449887271982, 79.9907767985243, 80.40582086493134, 80.94384095101455, 81.79954908792786, 82.08136913301907, 82.6860012297602, 82.88071326091412, 83.10616929698709, 83.64931338389015, 83.6954293912687, 84.12072145931543, 84.50502152080345, 84.83295757327322, 84.68948555031768, 85.2275056364009, 85.13527362164378, 85.45296167247388, 85.76040172166427, 86.06271777003485, 85.8526337364214, 85.88337774134044, 86.02172576347613, 86.1600737856118, 86.54949784791965, 86.49313383890141, 86.77495388399262, 86.72883787661407, 86.96454191432672, 86.96966591514655, 87.31297397007583, 87.16437794630048, 87.22586595613855, 87.59479401516704, 87.41545398647264, 87.84074605451937, 87.64603402336544], "test_loss_l1": 2.070172166824341, "test_acc_l1": 36.05320801238499, "test_loss_l2": 2.386577224731445, "test_acc_l2": 31.501186150930334}