{"epoch_idx": 100, "model_save_file": "models/ESEN_60-40/ESEN_60-40_6.pt", "best_joint_acc": 34.7071411662696, "best_joint_loss": 2.059864842891693, "best_epoch_idx_loss": 14, "best_epoch_idx_acc": 32, "run_time": "1391s", "train_loss": [2.4916886517760948, 2.2416897465329653, 2.1700027645181077, 2.1253230768606186, 2.0888939724055993, 2.059320004161345, 2.0338527822713233, 2.011049492096683, 1.9901063978125189, 1.970147094595323, 1.9526880274125198, 1.935355745871133, 1.9203683969077707, 1.9055705770440057, 1.8901240481149166, 1.8774006158933723, 1.8637878337037674, 1.8517173561481162, 1.8412332862889003, 1.828158213457929, 1.8171935343961105, 1.8063788917086543, 1.7964119178439497, 1.786441982886113, 1.7776261797738728, 1.7691263638505148, 1.75992956784887, 1.7522948274918653, 1.7439397436763164, 1.7361711487857572, 1.728642386580826, 1.7212421768302217, 1.7145294612700777, 1.707692408233608, 1.7019715374762858, 1.695309045664761, 1.6897562277426414, 1.6828686562153177, 1.6776927879097268, 1.6714334214499234, 1.6672029949109486, 1.6618631197771896, 1.6561714164707642, 1.650851762076036, 1.6469013073028782, 1.6421833142228073, 1.6379863242490569, 1.63361918215358, 1.6295881692422636, 1.6258617120051602, 1.621328616361006, 1.6181925250849585, 1.6138763662871962, 1.6108721330625198, 1.6064547076137796, 1.6041067909756925, 1.6004711061442671, 1.597161431925012, 1.594108841287981, 1.5915403830895731, 1.5880005168258597, 1.5858048616199318, 1.582814773835173, 1.578792010972259, 1.5768258259930739, 1.5759405838240181, 1.5726014862366777, 1.5700059850281531, 1.5668342982957122, 1.5650820846951332, 1.5639480685969012, 1.5607108982331157, 1.558063928687245, 1.5565683754212265, 1.5545314949586855, 1.5511753526302654, 1.5517696645281724, 1.5473319844368392, 1.5460594225367277, 1.5436071069962392, 1.5427384207008075, 1.541286706377607, 1.5392729940764405, 1.537792013872654, 1.5349744979394682, 1.5341119618590824, 1.531906679682775, 1.5299215694086263, 1.529184478138565, 1.5287530908890818, 1.5284367198244153, 1.5253817302371384, 1.5234390836243237, 1.5229156378212325, 1.5204419832710818, 1.5193917024026222, 1.5186059015606514, 1.5176598074239327, 1.514851250232907, 1.5145266865371552], "train_acc": [22.680668634680536, 28.13823419359315, 29.88925749847086, 31.09684827941588, 32.19646375579594, 33.10605256081912, 33.93358695070946, 34.57796431073363, 35.287553287563604, 35.96429947557027, 36.44749755156331, 36.939773382664804, 37.517053713467725, 37.969533688517245, 38.4220364158177, 38.74055586285528, 39.17992054753716, 39.60981342606095, 39.88707979185245, 40.37985074472698, 40.678445459583195, 41.04159070711528, 41.27785294324668, 41.63358914514231, 41.91097818419577, 42.24109263274381, 42.51308512407794, 42.75332453606883, 42.92344610603749, 43.278576988416795, 43.50716259776654, 43.73844475111319, 43.913541704682714, 44.127263010151616, 44.2249071069382, 44.51050106680964, 44.79117320430611, 44.8696884631296, 45.064866613435626, 45.20973818465707, 45.36554269618275, 45.4172384469409, 45.61089541363952, 45.816476629511584, 45.911321212234235, 45.974432906389254, 46.196728236594396, 46.24522155824381, 46.51280838682843, 46.513215488149896, 46.71414484696243, 46.777786775742356, 47.012827593698766, 47.05665691232984, 47.11832835443594, 47.14913770920745, 47.39673489865927, 47.43458117246682, 47.55791103052119, 47.6629617235303, 47.6984674074262, 47.674508042703444, 47.94126529084995, 47.9726863859668, 48.000079823331994, 48.17111729988492, 48.201326069435574, 48.21311876536023, 48.215810438519064, 48.38228040024087, 48.40787581554573, 48.42974181206244, 48.51315367809692, 48.57472854952622, 48.575139372977205, 48.71118137039383, 48.808487684218555, 48.871586382863875, 48.80733154245794, 49.0136586297259, 48.93212721458586, 49.02680751341855, 49.08676879973891, 49.08218719525763, 49.33640882834768, 49.32818576789086, 49.31140843814966, 49.39784859478502, 49.39015546316535, 49.2726299272637, 49.25885590039933, 49.487982111815214, 49.60218865660752, 49.54206749754809, 49.5409075620207, 49.703704289579065, 49.637175511716734, 49.63479078294601, 49.66899302764222, 49.816838880447456], "val_loss_l1": [2.1931884527206424, 2.108165812492371, 2.066616714000702, 2.0447704553604127, 2.003878736495972, 1.995854902267456, 1.9829956889152527, 1.9805466890335084, 1.9725050568580629, 1.965816843509674, 1.9625442862510682, 1.960037076473236, 1.9510936260223388, 1.9517436265945436, 1.9526176929473877, 1.9530541300773623, 1.953540575504303, 1.9505365014076232, 1.9451575994491577, 1.9580850005149841, 1.95489981174469, 1.9538403391838073, 1.9588622093200685, 1.9650224924087523, 1.9685993909835813, 1.972330737113953, 1.9803291916847228, 1.979068922996521, 1.9723090291023253, 1.9866385579109191, 1.9853390336036683, 1.9883013010025026, 1.998115754127503, 1.9986404538154603, 2.0091280579566955, 2.007561087608337, 2.014782929420471, 2.0105003833770754, 2.0314365267753605, 2.01792219877243, 2.02662810087204, 2.038331174850464, 2.050522756576538, 2.050390589237213, 2.0477224826812743, 2.060499334335327, 2.056167376041412, 2.074244797229767, 2.069187045097351, 2.0711410284042358, 2.0724240899086, 2.086892533302307, 2.0961848974227903, 2.0882936835289003, 2.098370134830475, 2.1034943580627443, 2.1006516814231873, 2.106542778015137, 2.1046704649925227, 2.109921026229858, 2.1129052877426147, 2.123465752601624, 2.120850419998169, 2.1332719326019287, 2.1359336137771603, 2.1442504644393923, 2.133503270149231, 2.138353407382965, 2.1574291586875916, 2.1502005338668826, 2.160583758354187, 2.1543829441070557, 2.162694787979126, 2.168143963813782, 2.160129952430725, 2.169015407562256, 2.177804684638977, 2.1791026115417482, 2.184861350059509, 2.1952548265457157, 2.186976456642151, 2.1875671625137327, 2.194033217430115, 2.1932907819747927, 2.1969665765762327, 2.199004936218262, 2.198298692703247, 2.200873613357544, 2.2131054401397705, 2.2109393835067745, 2.2071037530899047, 2.2163489103317255, 2.2220351934432983, 2.2266211032867433, 2.229821872711182, 2.2369304656982423, 2.23495876789093, 2.2367483615875243, 2.238928413391113, 2.2466232538223263],