{"epoch_idx": 100, "model_save_file": "models/ESEN_60-40/ESEN_60-40_1.pt", "best_joint_acc": 34.501755595537475, "best_joint_loss": 2.05955314040184, "best_epoch_idx_loss": 16, "best_epoch_idx_acc": 61, "run_time": "1394s", "train_loss": [2.5105937839648047, 2.243269117600327, 2.1685977616441354, 2.12389290223428, 2.088869630743605, 2.0603446090986957, 2.0361277838365752, 2.0133404234133727, 1.9936109628152405, 1.974687993526459, 1.957134939661814, 1.9409298267933208, 1.924518196407808, 1.9098452324167308, 1.8952606309444526, 1.8826079412337837, 1.869571205672867, 1.8571097314904592, 1.8451319194714961, 1.8326858282089225, 1.8224687406776139, 1.8118006559686917, 1.80132808379077, 1.7915577538516547, 1.7819573053526225, 1.7730539173161217, 1.764996348717891, 1.755985790983252, 1.7467069860992082, 1.7403069040097232, 1.7333482039084134, 1.7255924666693447, 1.7181090389916647, 1.7128275217266262, 1.7063494598099955, 1.6996808970740087, 1.6931304663693139, 1.6878027932359543, 1.681781623888454, 1.676171998912041, 1.6713571018035263, 1.6654326226733143, 1.6614411298288114, 1.6550879604225859, 1.6503167431288903, 1.645944421444464, 1.6428047872464588, 1.6381672719203006, 1.6327489603550063, 1.6297364174772835, 1.6253422586196056, 1.6219898303714362, 1.6178711160607298, 1.6159018633562494, 1.611277840006243, 1.6080871924347835, 1.6050674040383155, 1.6025414095012418, 1.598359836350887, 1.5954271456517202, 1.592710670528062, 1.590117629514922, 1.5880814889155395, 1.5859269685701485, 1.5820735660168004, 1.579146578771259, 1.576688356902621, 1.5734082515086616, 1.572284406478252, 1.5704041588197055, 1.5678026905847253, 1.5660298778376447, 1.5630942577615787, 1.5622830303437119, 1.5591450147672528, 1.5576121003255932, 1.555609863285625, 1.553097470637856, 1.5512853773362039, 1.549317581391116, 1.5477705029172633, 1.5451633099022262, 1.5438718992635754, 1.5430811474082675, 1.5412809575369595, 1.5394138792239194, 1.5371314281717354, 1.536768050368773, 1.5343304692058395, 1.5345981039038494, 1.5325380727785445, 1.528973839698582, 1.5294365850063643, 1.5275196602585122, 1.52589773147478, 1.5242379641314174, 1.5239822908279008, 1.5215502687550468, 1.5204800028319752, 1.5189455282797508], "train_acc": [22.582013613017914, 27.999128470226246, 30.144086432882997, 31.36042878841682, 32.32643984628958, 33.14134073450148, 33.88682282125615, 34.613951453069454, 35.37951018250783, 35.832517067616905, 36.471579888572485, 36.927927271536575, 37.522468780288015, 37.93465388910931, 38.33514919184744, 38.781804890355254, 39.132029117934316, 39.446708732911176, 39.84177775479356, 40.25868055298214, 40.51374586125587, 40.81409162015765, 41.23441123155138, 41.47831305335996, 41.76005068656268, 42.030728037595026, 42.394326585102306, 42.6703973012456, 42.94123812961146, 43.08536302713149, 43.42368776217453, 43.508955148833486, 43.80802727302504, 43.925975256461214, 44.102779867621656, 44.42773333923048, 44.57300120002122, 44.78749603675504, 45.02041369219223, 45.098154032596895, 45.200216180871436, 45.43709251717578, 45.4771897834341, 45.749146974478684, 45.927655803768026, 45.90215088708379, 46.08920239889496, 46.351917024309444, 46.35590018910163, 46.49232218202743, 46.56979676860689, 46.68248643612212, 46.90904612926058, 46.84282320094273, 47.06023994750596, 47.07508373299781, 47.26256947003072, 47.22419191381245, 47.49953861225284, 47.50724875196503, 47.71205627273907, 47.698255465525506, 47.79031786902901, 47.84535867512418, 48.0330122584929, 48.071012731061074, 48.17872688941635, 48.216703702480046, 48.22373928711555, 48.28183838295589, 48.406041658056736, 48.31602393600006, 48.50150612026022, 48.57324854885232, 48.5531979630964, 48.65428854584803, 48.70590671417937, 48.74904784030989, 48.85323128782922, 48.94882754282446, 48.86562469455872, 49.07017267988458, 49.05900557249363, 49.1148951544054, 49.13574282842715, 49.04828652031051, 49.26454266091727, 49.24739930693318, 49.413753706462316, 49.17383268406074, 49.29364797216601, 49.45195262979349, 49.45012345952331, 49.404144851036456, 49.58832678696872, 49.6477716064299, 49.58822088168315, 49.68800188929409, 49.66434321697895, 49.646589506213424], "val_loss_l1": [2.1830873012542726, 2.1073971509933473, 2.0560489654541017, 2.0233215570449827, 2.0154728293418884, 2.0062586426734925, 1.9868454694747926, 1.9864179015159606, 1.9816858530044557, 1.9644245982170103, 1.9584107756614682, 1.9561978340148927, 1.9562626838684083, 1.9651099681854245, 1.9630137801170349, 1.9614831566810607, 1.9683534860610963, 1.9693608760833738, 1.96763619184494, 1.9631739020347596, 1.9643187403678894, 1.9707589387893676, 1.9720835804939272, 1.9769409894943237, 1.9864624619483948, 1.982210624217987, 1.98844575881958, 1.9929233312606813, 1.997552275657654, 2.0015144467353823, 2.007126522064209, 2.0095316648483275, 2.019550096988678, 2.0210913062095646, 2.0237486600875854, 2.0361338853836064, 2.0378364682197567, 2.03459016084671, 2.03258718252182, 2.0475683331489556, 2.0470317006111145, 2.052132201194763, 2.05812109708786, 2.0639947295188907, 2.0656765580177305, 2.0788360476493835, 2.077988743782043, 2.08597674369812, 2.087191843986511, 2.0940073013305662, 2.105655837059021, 2.0963549375534063, 2.109907114505768, 2.1093557476997375, 2.120847845077515, 2.1229517936706546, 2.1151962995529177, 2.1291993141174315, 2.1315342903137204, 2.1363773107528687, 2.132562947273254, 2.145886707305908, 2.1542102575302122, 2.144422173500061, 2.162139964103699, 2.163791060447693, 2.159013772010803, 2.1753975391387943, 2.1781904578208926, 2.171597909927368, 2.1679458618164062, 2.1835610866546626, 2.1829893350601197, 2.190683650970459, 2.1785698175430297, 2.179398512840271, 2.1860936880111694, 2.188141250610352, 2.2033347845077516, 2.2118808984756466, 2.203498888015747, 2.202759027481079, 2.2127250671386722, 2.215916609764099, 2.224694108963013, 2.2163425445556637, 2.232808995246887, 2.2307881832122805, 2.2282572984695435, 2.230225849151611, 2.234318709373474, 2.2345794916152952, 2.2249120712280273, 2.240855312347412, 2.2454827785491944, 2.2524555683135983, 2.2519785165786743, 2.2570181369781497, 2.2703294038772586, 2.26329026222229],