{"epoch_idx": 100, "model_save_file": "models/ESEN_60-40/ESEN_60-40_0.pt", "best_joint_acc": 34.708144982526676, "best_joint_loss": 2.0538588583469393, "best_epoch_idx_loss": 13, "best_epoch_idx_acc": 27, "run_time": "1408s", "train_loss": [2.5059952429675176, 2.2563318298497337, 2.179518905254679, 2.1323210919668916, 2.0974135705090426, 2.0683708338562505, 2.044304928101531, 2.0212391057145713, 2.0005402931379614, 1.9818096303064878, 1.963231944709744, 1.946174700325782, 1.9298039980984611, 1.9147012780565729, 1.8995090575393192, 1.8861367172057473, 1.8723269285412012, 1.8592055182938185, 1.8472108004290024, 1.8349982702403986, 1.8246721433937, 1.8134827520869194, 1.8028404072884028, 1.7931090308985573, 1.7832693566969777, 1.773744927086962, 1.7658644384200424, 1.7576603588707946, 1.7489136402760082, 1.740928141348954, 1.733848935420359, 1.7266963463310796, 1.7199584464414406, 1.713004811641273, 1.7061839152913583, 1.6996461355358083, 1.693667821927902, 1.6878262878557955, 1.6822863297724941, 1.6767757097515497, 1.6709879839092223, 1.6663732441193475, 1.6613656960496113, 1.6560898412258251, 1.6512616429853881, 1.6480723974901603, 1.642869842161826, 1.638704328362, 1.6345329361224392, 1.6306348328196678, 1.6261878358114743, 1.6221675621260205, 1.619624941174043, 1.6163670311280351, 1.6123920553321132, 1.6087846821601228, 1.6059564827779014, 1.6026790617802824, 1.5985590678836226, 1.5961416270754758, 1.593163191725355, 1.5899526197975924, 1.5877179224556746, 1.584170911837062, 1.5822559638854563, 1.5791303181866987, 1.5769026465372216, 1.574657058497088, 1.5719396521192086, 1.5687738235937356, 1.5667184099144893, 1.5636719574622058, 1.5620701750484078, 1.5599177550832066, 1.5571696151287182, 1.5558053178524751, 1.5527926327985364, 1.5519806299734544, 1.5492457616219832, 1.5474762692363984, 1.5451293440040104, 1.5444485802169237, 1.5420228636592899, 1.540984828537758, 1.5380239946032883, 1.537511658777884, 1.5350308697158046, 1.5337957936689393, 1.5321558812342646, 1.5301125148020756, 1.5294446031981643, 1.5268629947933583, 1.5250948317554023, 1.525564432690997, 1.5232577668417484, 1.5215558442500752, 1.5194243389532105, 1.5194749624357315, 1.518028667760552, 1.5157478643119875], "train_acc": [22.54589837352825, 27.648098221702565, 29.47058670705826, 30.86551815419863, 32.053193006540084, 32.86671880747118, 33.4619845002264, 34.29397620851006, 35.07425976362919, 35.50613209476583, 36.14624580681762, 36.67401183842628, 37.252287640627976, 37.68691883164807, 38.19916589917882, 38.601404365036906, 39.02757662466616, 39.29718117737134, 39.692652899435416, 40.16664739928124, 40.47865537316008, 40.858423495208015, 41.209835371080345, 41.388398357907555, 41.74477842679082, 41.99999130105119, 42.242605325285126, 42.58620718192635, 42.842389885027494, 43.09054837462797, 43.380700690657626, 43.519925116360454, 43.67626281159839, 43.967799670670566, 44.17573963548818, 44.467736176633665, 44.5788611687364, 44.81312296064091, 44.86355510644197, 45.08859584282165, 45.304887514452425, 45.39091550003439, 45.601533654523664, 45.64903875370151, 45.93504843338951, 46.05448509475911, 46.149234291716034, 46.30754880413396, 46.447395935729666, 46.51596122941953, 46.700512524599, 46.87890803211505, 46.82879311697677, 46.88324645279338, 47.029946898424384, 47.181246268706396, 47.15217901113304, 47.25140935789531, 47.45290295370547, 47.52453360987833, 47.62891480206807, 47.69250366074444, 47.804840184439705, 47.9385686696253, 47.98213314199694, 48.02707231310275, 48.07786604704842, 48.166299388124266, 48.20702720984114, 48.33001766966672, 48.32755075427408, 48.37371150215608, 48.626085223434, 48.58135714824539, 48.65152689648406, 48.70135626253554, 48.82977847258761, 48.688355300921614, 48.92969218546029, 48.90482933802229, 48.9661459242713, 48.97823716279128, 49.13002211135593, 49.133646435752084, 49.23035154986311, 49.140545873446584, 49.3076510067457, 49.2910568861714, 49.35116489763582, 49.384300708201536, 49.38764793161076, 49.58888865670736, 49.531381656840566, 49.50981874921125, 49.5667705261259, 49.604258821839935, 49.72976207945325, 49.6488302587831, 49.659262296459424, 49.88426335107227], "val_loss_l1": [2.196621417999267, 2.1074848890304563, 2.0697959423065186, 2.02128210067749, 2.0153286933898924, 2.0016643643379215, 1.9834220528602597, 1.9731682538986206, 1.963289451599121, 1.9682922124862672, 1.9566372156143188, 1.955675733089447, 1.9439284682273865, 1.9501309633255004, 1.94927020072937, 1.9480138063430785, 1.9493091583251951, 1.9451644778251647, 1.9496437430381774, 1.9565624594688416, 1.9482773900032044, 1.9487336993217466, 1.9582769870758057, 1.9642531394958496, 1.9618347883224487, 1.959405827522278, 1.9650260090827945, 1.9640239238739015, 1.9705710768699647, 1.9757094621658324, 1.9790945649147034, 1.9835280299186706, 1.9941667199134827, 1.9985132455825803, 1.9970540642738344, 1.994807803630829, 2.003413534164429, 2.011755383014679, 2.00405695438385, 2.0113712787628177, 2.0215326189994816, 2.025326561927795, 2.0281557083129886, 2.0316877365112305, 2.031916618347168, 2.045598363876343, 2.0419327855110168, 2.048678159713745, 2.05070880651474, 2.0483472943305974, 2.0605440020561216, 2.0700330495834347, 2.063280189037323, 2.068921160697937, 2.0715177774429323, 2.0809064984321592, 2.0849297046661377, 2.0790567874908445, 2.0918468952178952, 2.0939199090003964, 2.1002749443054203, 2.0977020263671875, 2.110995721817017, 2.1060706853866575, 2.1146748900413512, 2.1140124082565306, 2.123703050613403, 2.12213294506073, 2.131848764419556, 2.129395771026611, 2.1423925876617433, 2.131108713150024, 2.1386096239089967, 2.1454269170761107, 2.1449981927871704, 2.157147240638733, 2.151549363136292, 2.1589733839035037, 2.1643451690673827, 2.1591641664505006, 2.170211124420166, 2.173961877822876, 2.168586230278015, 2.1766048669815063, 2.171713733673096, 2.174985575675964, 2.1741124629974364, 2.186949920654296, 2.187995004653931, 2.1883648633956905, 2.1923461198806766, 2.2022168636322026, 2.19453272819519, 2.1915555000305176, 2.204785943031311, 2.2152815580368044, 2.214158797264099, 2.2119529962539675, 2.215524744987488, 2.211112880706787],