{"epoch_idx": 50, "model_save_file": "models/LSTM/128/ESEN_60-40/ESEN_60-40_3.pt", "best_joint_acc": 33.39472874238835, "best_joint_loss": 2.0631246984004976, "best_epoch_idx_loss": 42, "best_epoch_idx_acc": 45, "run_time": "210s", "train_loss": [2.6977980823227865, 2.39739061124397, 2.327934434919645, 2.2821816205978394, 2.2531473853371353, 2.2316084522189503, 2.2133990363641227, 2.1987692189939088, 2.1850601940444037, 2.1734979206865495, 2.164178418390679, 2.153590536478794, 2.1458004424066255, 2.137755971966367, 2.1291658932512454, 2.121664426543496, 2.115309747782619, 2.108310323773008, 2.1031322244441863, 2.1005185589645845, 2.0928475748408917, 2.0884520700483606, 2.0812459967353134, 2.076615631580353, 2.0713151268886807, 2.0666623883175124, 2.0628388975605807, 2.058017444429976, 2.055920882658525, 2.050633157744554, 2.0460612475872035, 2.0417746585426917, 2.0378380724878027, 2.0339907949621026, 2.0288324807629436, 2.0264854810454627, 2.0217349195119096, 2.019311782988635, 2.0152663191159577, 2.012694649624102, 2.0083179681590093, 2.0038583928888496, 2.0019899001627257, 1.998835381233331, 1.9952932325276471, 1.9907774265968443, 1.9904180999958154, 1.98702576304927, 1.9826487510493307, 1.9808903336524966], "train_acc": [19.445031265458788, 24.00801483885157, 25.742522637657714, 26.978746786904214, 27.78752048776959, 28.300004110629008, 28.601552603575367, 29.207770702737413, 29.524039261307504, 29.883655019568547, 30.132728467578758, 30.37626928842207, 30.59220521605116, 30.968652751848687, 31.10947879507012, 31.407920953882822, 31.50934185921517, 31.71906574786216, 31.905712833269686, 32.095703908160345, 32.23085912773304, 32.294390958070124, 32.6559120720006, 32.767407833133866, 33.02669754997255, 32.93728071829196, 33.224765405316255, 33.288016908545856, 33.26559019521028, 33.62718021943817, 33.75762836430175, 33.6937544549239, 33.96770106936288, 34.09808339370819, 34.26782288857797, 34.139073933242095, 34.427111267082445, 34.57626768216519, 34.63230288946049, 34.62901415215136, 34.84216007549084, 34.990215452370194, 35.06192968613974, 35.20704762789309, 35.199683899757154, 35.3808302707219, 35.49901490348534, 35.6046336096039, 35.705869216084245, 35.57137232552416], "val_loss_l1": [2.2991529464721685, 2.2040753602981566, 2.1560299873352053, 2.1215490818023683, 2.0926972866058353, 2.082618927955628, 2.0806496381759643, 2.065093660354614, 2.0463015794754025, 2.048423147201538, 2.0307352542877197, 2.027987849712372, 2.0212976574897765, 2.018659257888794, 2.0153194189071657, 2.00146187543869, 2.0048179745674135, 1.9944550037384032, 1.997604715824127, 1.9906708002090454, 1.9848345637321472, 1.9901227951049805, 1.983233845233917, 1.9794007897377015, 1.9735335946083068, 1.9785009026527405, 1.9769332528114318, 1.9755632877349854, 1.9715738773345948, 1.9675737142562866, 1.9679281353950502, 1.9644253969192504, 1.9741010308265685, 1.9601046681404115, 1.9615586757659913, 1.9593424558639527, 1.9606544494628906, 1.9669358611106873, 1.9599694013595583, 1.9656277418136596, 1.9567388892173765, 1.9603534579277038, 1.9609816312789916, 1.956033968925476, 1.9590210318565369, 1.9594936609268188, 1.9533871412277224, 1.9561875104904174, 1.9547348618507385, 1.959887158870697], "val_acc_l1": [26.03587665544039, 27.91281374302079, 29.282742865062797, 30.28799539945749, 31.137982755535116, 31.445780941923875, 31.360739584128694, 31.937409466425798, 32.292213259064745, 32.392138317333526, 32.93825603718696, 32.8630791091982, 33.13274986013854, 32.98278171936535, 33.43438383290952, 33.63246826960562, 33.641601893211096, 33.87883401954725, 33.82925105952201, 33.83376451238887, 34.288933512319794, 33.93327194257546, 34.3863248682313, 34.28148707900321, 34.40878170967565, 34.27202264742065, 34.211857365568044, 34.45200875706238, 34.501710347797406, 34.418985637997665, 34.66876577574943, 34.7159490995333, 34.53441715942458, 35.22256510311304, 34.87102807251966, 34.9354535436652, 35.03560366843472, 35.04055271520343, 35.09950904423793, 34.65586208638497, 35.12664558968321, 35.06869913239702, 34.889955752137766, 34.84657298024946, 35.28331991766673, 35.0878273240312, 35.17472789561544, 35.21014164102933, 35.11142243667289, 34.927060362944005], "val_loss_l2": [2.577821922302246, 2.473197913169861, 2.4071943521499635, 2.3690877914428707, 2.352687525749207, 2.3227440357208247, 2.2910330772399905, 2.2841147422790526, 2.277354621887207, 2.249688506126404, 2.259970784187317, 2.239643025398254, 2.234719729423523, 2.22197425365448, 2.21839189529419, 2.2192172527313234, 2.204263114929199, 2.213178253173828, 2.2021808862686156, 2.1964681148529057, 2.2032580852508543, 2.186613130569458, 2.1913376569747927, 2.1894610166549677, 2.191612243652344, 2.1776408672332765, 2.1769776105880734, 2.173621988296509, 2.1775282859802245, 2.1814438104629517, 2.1752133846282957, 2.1765126228332523, 2.1614994764328004, 2.1812514066696167, 2.178297924995423, 2.177367734909058, 2.167749643325805, 2.1679282903671266, 2.176415801048279, 2.160624432563782, 2.172762632369995, 2.165895938873291, 2.167695379257202, 2.1705716848373413, 2.168253874778747, 2.171333050727844, 2.1809322118759153, 2.171572780609131, 2.1791647434234616, 2.1699455261230467], "val_acc_l2": [21.210326590892265, 23.179818377849756, 25.861851212677415, 26.44310013363104, 26.984649480794012, 27.452186781716428, 28.409853788509444, 28.181061253069274, 28.36344134073718, 29.267362262586627, 28.612037780002954, 29.287398522560075, 29.349185931828057, 29.85293586365433, 29.760383495923584, 29.951918720273074, 30.34035006469913, 29.72005595116978, 30.256270513822326, 30.183446882887072, 30.093892744705364, 30.862229460813502, 30.4466732384112, 30.76536211551903, 30.8403780851886, 30.804022781835705, 30.943269931193733, 31.03063816307594, 30.882075837002635, 30.719215268322007, 31.071223944257813, 30.798067189525653, 31.38507809154067, 30.998754586429556, 30.96651466980895, 31.394510403710385, 31.211497950946345, 31.368780938208104, 31.280784506759073, 31.68926892926419, 31.22864990534584, 31.500249745158055, 31.24933672957063, 31.246293315754556, 31.506137567109974, 31.56821350715201, 31.186659839251334, 31.22781026302579, 31.265117342081023, 31.57934446771969], "test_loss_l1": 1.9667046189308168, "test_acc_l1": 35.273552711326126, "test_loss_l2": 2.1846387386322017, "test_acc_l2": 32.357333245408476}