{"epoch_idx": 100, "model_save_file": "models/ESEN_60-40/ESEN_60-40_5.pt", "best_joint_acc": 34.93864326258861, "best_joint_loss": 2.0547685444355013, "best_epoch_idx_loss": 15, "best_epoch_idx_acc": 31, "run_time": "1393s", "train_loss": [2.5260882946329386, 2.2529255742326786, 2.1814118492493937, 2.1349706420110994, 2.099805042284345, 2.0700360257691197, 2.045222653708325, 2.0230449219362443, 2.0024810991156006, 1.9838777381345776, 1.9659325157830472, 1.9505093852314384, 1.9347013787392078, 1.9199769912509739, 1.9059360699916101, 1.8925242194341962, 1.8795715187667705, 1.8679743343537007, 1.8552943364195864, 1.8444935001364535, 1.8336661211941234, 1.8219154083400695, 1.8121913567595525, 1.8028787188573716, 1.7936981599265287, 1.7841477826100973, 1.7752766018613768, 1.7667311025322032, 1.7591102533384206, 1.7503817907167136, 1.7433052877767363, 1.7363464597168325, 1.7289203487404987, 1.7218589487425782, 1.716630713108482, 1.7091385487022748, 1.7035826067312052, 1.697446829135265, 1.6907353078553433, 1.6856159113962712, 1.6814848375976639, 1.6761813191098898, 1.6703306299830802, 1.6653501369537573, 1.6609408866374866, 1.6558954393098126, 1.651884028124153, 1.647909174818511, 1.6439018594015637, 1.6391160285800968, 1.6360195661903518, 1.631827229753547, 1.6277337178177789, 1.6236174527658243, 1.620432416233448, 1.6164870141843042, 1.6142001310619734, 1.6100074823843236, 1.6078327008343607, 1.6032359780521577, 1.6012157447841184, 1.5979489323196059, 1.5954014380043808, 1.5921198474157843, 1.5901381619479689, 1.5863103921260315, 1.5837992686744131, 1.5804506277819295, 1.578904084109385, 1.5761984805448348, 1.5744329997158921, 1.5718044879239628, 1.5696412335842025, 1.5669977364190126, 1.564383307728199, 1.5641783891467878, 1.5613429650254207, 1.5586678238090028, 1.5562520716168462, 1.554594109364606, 1.5534576199470316, 1.5507400478791757, 1.5489546525369, 1.5467419192331646, 1.5456888522576844, 1.5434907565423108, 1.5412182627467932, 1.541465170886538, 1.5381087874053812, 1.5373380873181401, 1.5348882587677846, 1.5343201953336725, 1.532974674614198, 1.5307328482286642, 1.529556718988157, 1.530188033340174, 1.525759859916267, 1.524911965798894, 1.52378911108052, 1.5229615158990986], "train_acc": [22.47584562471069, 28.023922729636237, 29.68806553409679, 30.916239247685933, 31.98622351906144, 32.729770314932175, 33.520426473149, 34.26057948050087, 34.956080316914445, 35.60916891460326, 36.08116454593701, 36.561330138294124, 37.11090817245231, 37.41897178931168, 37.96293864094395, 38.39894341476025, 38.84860023091116, 39.11834689595613, 39.4538228668428, 39.79131491722274, 40.076462505832765, 40.56079685565464, 40.94199745814945, 41.112451757008536, 41.41601470180208, 41.732544125501946, 42.01030814216142, 42.25059935238787, 42.46816288434338, 42.93563612757665, 42.988064075815515, 43.35168889972523, 43.51842757584924, 43.73966769086601, 43.73656720996477, 43.95685290328152, 44.13065607953487, 44.4543056907839, 44.58957992335805, 44.748303916544195, 44.75240199545402, 45.01448874969813, 45.32053169618953, 45.40826989526384, 45.48609865984002, 45.61476672811922, 45.837253695961024, 45.93926055662235, 46.05651331859087, 46.13726616111715, 46.314318218418784, 46.3949293496196, 46.50366130782391, 46.70403273399347, 46.71186358140401, 46.93130325493686, 46.91366723513443, 47.14360641428342, 47.120024180775786, 47.31545610017122, 47.33865651565647, 47.39642615669071, 47.573481437399565, 47.54844198485639, 47.69803345581065, 47.82225135734795, 47.85699330034234, 48.01173327617109, 48.0000975097719, 48.0798019457446, 48.19712028026599, 48.18951060148624, 48.224618966268174, 48.19789282111679, 48.414757221441405, 48.37025585427352, 48.473033522213264, 48.58526344278987, 48.696048207367, 48.80849554455971, 48.73536567288081, 48.894939775964495, 48.867711381293255, 48.9534991153859, 48.95525843249239, 48.93141614644944, 49.126782975422216, 49.093146080588994, 49.15177313458821, 49.189808065868164, 49.20461245988503, 49.361800032318364, 49.32250085481776, 49.423536119601394, 49.375702022409634, 49.31066060562585, 49.554058524855904, 49.50081520056753, 49.558920631566544, 49.65026197449424], "val_loss_l1": [2.1982654809951785, 2.117905616760254, 2.0607606053352354, 2.0347071170806883, 2.016502511501312, 2.005538594722748, 1.9885997414588927, 1.9851481914520264, 1.9757759332656861, 1.9730543613433837, 1.96008962392807, 1.961903190612793, 1.9601017594337464, 1.9621569514274597, 1.9525442481040955, 1.9575112819671632, 1.9607529401779176, 1.9525367856025697, 1.9563977241516115, 1.967751967906952, 1.9553775191307068, 1.965015709400177, 1.9667405366897583, 1.9747254133224488, 1.9711848974227906, 1.979833960533142, 1.974598228931427, 1.9736983180046082, 1.981415903568268, 1.9837987661361693, 1.9908325791358947, 1.9915301203727722, 1.99883348941803, 2.010239863395691, 2.0057865619659423, 2.008748042583466, 2.020516109466553, 2.0262033224105833, 2.028893232345581, 2.024064469337463, 2.0342110991477966, 2.044673979282379, 2.038481521606445, 2.047156298160553, 2.0531641125679014, 2.0489019513130184, 2.053846728801727, 2.0559051513671873, 2.0679981827735903, 2.0648746967315676, 2.0737914085388183, 2.0731326818466185, 2.0789600014686584, 2.086623418331146, 2.083872580528259, 2.1001052260398865, 2.094782853126526, 2.1054155468940734, 2.105415236949921, 2.1138236761093143, 2.117879939079285, 2.1269943714141846, 2.1186658143997192, 2.1122579455375674, 2.1260968446731567, 2.1257399320602417, 2.126941609382629, 2.133519518375397, 2.1401493310928346, 2.150292110443115, 2.1487481355667115, 2.147365963459015, 2.1548877000808715, 2.159746599197388, 2.161753702163696, 2.165977931022644, 2.1674444913864135, 2.1727391958236693, 2.1806704998016357, 2.1732352495193483, 2.1781330823898317, 2.172069048881531, 2.1889734029769894, 2.1903645992279053, 2.1868215322494504, 2.1860143661499025, 2.1998214006423944, 2.201284432411194, 2.203540539741516, 2.204877233505249, 2.200533413887024, 2.2055248260498046, 2.213246607780457, 2.215535497665406, 2.2156664371490478, 2.2237061262130737, 2.212400984764099, 2.226823878288269, 2.2231449365615843, 2.2289821386337283],