{"epoch_idx": 100, "model_save_file": "models/ESEN_60-40/ESEN_60-40_8.pt", "best_joint_acc": 34.53379548084975, "best_joint_loss": 2.0567402243614197, "best_epoch_idx_loss": 14, "best_epoch_idx_acc": 19, "run_time": "1390s", "train_loss": [2.4983625302620975, 2.2462356495201043, 2.172046176884151, 2.1252786249195763, 2.089967802030231, 2.0602410933293323, 2.036416563419028, 2.0140339606398814, 1.994455898026808, 1.9764774671388314, 1.958783387044154, 1.9419814359157461, 1.925361754150566, 1.9115236521860877, 1.8955115353295569, 1.8820436235961564, 1.8697330115038315, 1.8571351515043766, 1.8446648317739505, 1.8322599136501276, 1.8223114303492627, 1.8105591530099918, 1.8004136517507219, 1.7902330329658793, 1.7812179037190352, 1.7721042687739808, 1.7629813874533418, 1.7540771376102344, 1.7461438627418033, 1.737774812847103, 1.7310187406496171, 1.7234457217225254, 1.7157874194853902, 1.709726740460877, 1.7030980160476976, 1.6973301352710892, 1.6895337159480526, 1.6840826054231834, 1.6788987397053916, 1.6735683493657945, 1.6674403367786237, 1.6623816255035748, 1.6563673877934812, 1.6522233775996296, 1.6474695681431974, 1.643027376144304, 1.6375339616329303, 1.633944890914707, 1.6304018027191858, 1.6249478771052237, 1.62137281621268, 1.6184175894894743, 1.614267922322684, 1.6105965250128997, 1.6075341832747154, 1.6043655549714326, 1.60093486473101, 1.5970839650259097, 1.5943939363190895, 1.59202972355239, 1.5874644807719318, 1.5855004065627358, 1.5831841361632046, 1.5806089584980543, 1.5773631509290922, 1.5740791236588716, 1.5716976053124174, 1.5695226400270366, 1.567127634079085, 1.5645404977535984, 1.5626776130921254, 1.5605300506320574, 1.5578052795261432, 1.556546762448932, 1.5538576453103927, 1.5527548188463276, 1.5505225953705815, 1.5485037532421426, 1.5466550145674187, 1.5440114085827406, 1.5420851253588257, 1.5402049815982846, 1.5383935773044546, 1.536882759781058, 1.5353476049703187, 1.5332587487107026, 1.5331930933742346, 1.5299458449039984, 1.5291749676433175, 1.527380405762873, 1.5254567566267934, 1.525260306826425, 1.5231750678578642, 1.5217877440496315, 1.5189946556310037, 1.5191758750775541, 1.5167232680758211, 1.5159393056817014, 1.514512711708698, 1.5127161883432931], "train_acc": [22.864832968137424, 28.11948289332975, 30.034189172897523, 31.24039790488542, 32.36632524607856, 33.23697353475274, 33.88419295058539, 34.6602459823887, 35.332191986461, 35.74948425160581, 36.314726622871646, 36.834669409868155, 37.28995548640441, 37.683483178948705, 38.25229237586239, 38.68202416737835, 39.0728834441872, 39.42102575115894, 39.810979352144344, 40.251789600158354, 40.57011887412197, 40.79866407497884, 41.17373949057669, 41.53223662517897, 41.709301548379074, 41.98515599637137, 42.318582492391265, 42.63879489791914, 42.87209115455241, 43.0697719651117, 43.419399734928106, 43.62219395778927, 43.94724159973509, 44.114783543689654, 44.29108457849537, 44.48811746344774, 44.73561648128547, 44.9109186569058, 45.0557690838423, 45.253889370396024, 45.30453376815622, 45.49440861246718, 45.87490923157475, 45.840319676222194, 45.971106312820915, 46.11735925985639, 46.30874200559495, 46.40570940823061, 46.493811489563875, 46.683922620886925, 46.72091856537124, 46.88866338737891, 47.05765927747759, 47.142992359320964, 47.19612729096034, 47.3300318113566, 47.45504233658212, 47.495197939402715, 47.56649076718454, 47.61827784420406, 47.83842465168576, 47.95366251864234, 47.978335126339495, 48.07320024238411, 48.09280495036736, 48.240093694148364, 48.24624059723388, 48.29747409022385, 48.38945562244771, 48.50410434179768, 48.563030415708326, 48.5833269225461, 48.694872787059396, 48.72418582839014, 48.77079441652306, 48.7503559798464, 48.857399161081304, 49.102467756007684, 49.03795329378398, 49.008156909191335, 49.11003051681101, 49.23592213230329, 49.25032793776689, 49.39845501983609, 49.28330841185741, 49.51558530844438, 49.366965242605524, 49.4836923010847, 49.5300295296428, 49.50249886202263, 49.58306865112811, 49.666334209905955, 49.66422710169234, 49.7696110096585, 49.77827473904988, 49.82861753474814, 49.83866294608972, 49.826794398278146, 49.92546605921345, 49.995648192019324], "val_loss_l1": [2.180648374557495, 2.0928434371948246, 2.051588034629822, 2.0345770835876467, 2.0197921991348267, 1.9889482736587525, 1.9927396535873412, 1.9756469011306763, 1.9735007882118225, 1.9616869926452638, 1.9638392090797425, 1.9593878388404846, 1.957306158542633, 1.9479524850845338, 1.9506770133972167, 1.9530187845230103, 1.9650364518165588, 1.9522004842758178, 1.9516803979873658, 1.9545708775520323, 1.950332450866699, 1.9609733819961548, 1.9592313051223755, 1.9681755185127259, 1.9732832312583926, 1.9654949784278872, 1.9746758222579956, 1.9760504364967344, 1.9817877292633057, 1.9889504313468933, 1.9912642478942872, 2.0026366472244264, 2.0085045337677, 2.0045897364616394, 2.003508460521698, 2.0105487227439878, 2.0217559814453123, 2.029502964019775, 2.0218352675437927, 2.0336489319801334, 2.028621542453766, 2.0313096761703493, 2.0424726366996766, 2.044513130187988, 2.0539504647254945, 2.0572075963020326, 2.056303334236145, 2.0587894320487976, 2.0677173495292664, 2.0768091440200807, 2.074556756019592, 2.0780651569366455, 2.084025704860687, 2.0880370855331414, 2.094784641265869, 2.0997149705886837, 2.106411504745483, 2.1091827869415285, 2.1072983741760254, 2.11104302406311, 2.117716932296753, 2.1236280679702757, 2.1289097666740417, 2.1265973925590513, 2.1296310544013974, 2.1365035772323604, 2.144978070259094, 2.148964071273804, 2.1495140552520753, 2.159431791305542, 2.158376169204712, 2.1627078771591184, 2.16668541431427, 2.1791280984878543, 2.1703598260879513, 2.1866261959075923, 2.1818603515625004, 2.1940855741500855, 2.1970412731170654, 2.1897720098495483, 2.1894036769866942, 2.1983112096786503, 2.196597528457642, 2.2099801778793338, 2.2016360521316525, 2.2059442639350895, 2.2103374004364014, 2.2257473468780518, 2.212639880180359, 2.2200561046600344, 2.2216756343841553, 2.222419691085815, 2.225624394416809, 2.232875728607178, 2.230578589439392, 2.2374141216278076, 2.2369960308074948, 2.2394337415695187, 2.2493287563323974, 2.244749283790588],