{"epoch_idx": 50, "model_save_file": "models/ESEN_60-40/ESEN_60-40_3.pt", "best_joint_acc": 35.03616934543212, "best_joint_loss": 2.055953061580658, "best_epoch_idx_loss": 15, "best_epoch_idx_acc": 32, "run_time": "769s", "train_loss": [2.5014066018095793, 2.24282879348195, 2.168459850713745, 2.1230730977627115, 2.0887912561040407, 2.0607139397104945, 2.0363957149173135, 2.015138907170076, 1.9953574899139748, 1.9758309809439776, 1.9589937482405144, 1.942279823329471, 1.927973947393784, 1.9116032533689364, 1.8983596175088788, 1.883973321783433, 1.8717927714006624, 1.8581697470551228, 1.8464626921426264, 1.8350268968748393, 1.8235268811567122, 1.812056484572385, 1.802446613071161, 1.79347016450462, 1.7832199099960682, 1.7743230172253521, 1.7651652059423817, 1.7567030962454058, 1.7490708395975443, 1.7406287936989322, 1.7339532282374321, 1.7266334716333158, 1.7190673570020476, 1.7119343247982333, 1.706107052641176, 1.6990126442471778, 1.6936500821638543, 1.6871293230887945, 1.681468038930805, 1.6760959865850058, 1.6701539372085425, 1.6654813825537305, 1.6607750987787866, 1.6567027432109247, 1.6506776601896358, 1.6477714175478035, 1.6428062970485164, 1.6370998861592851, 1.6342029757455945, 1.6298803823803547], "train_acc": [22.626351720624946, 28.185772258410275, 30.07306797450114, 31.372965062333975, 32.381859615527226, 33.161220116468, 33.94344648175021, 34.655947832752844, 35.218693607821365, 35.87307720659519, 36.4034600641795, 36.886942363396024, 37.325404741738254, 37.88579287971165, 38.204597365353614, 38.728095029613776, 39.03117595261805, 39.55642466664166, 39.8685700398057, 40.30466304716576, 40.53247523584011, 40.982374343328274, 41.231839677680185, 41.49012812081907, 41.87693313098319, 42.09604333388751, 42.463028853347716, 42.622866372326506, 42.869753239254095, 43.120122563923, 43.47604623239779, 43.52680637003121, 43.86069863571412, 43.945433905233294, 44.221352742392604, 44.45025154323587, 44.55480006770087, 44.87980110346177, 44.97748632557255, 45.15240369957777, 45.302702888270034, 45.43131419856616, 45.48666355392119, 45.66310178998885, 45.99650644137769, 45.901259830097295, 46.07567071583994, 46.33368106710674, 46.39941311842421, 46.48398547685121], "val_loss_l1": [2.194534134864807, 2.0838576316833497, 2.0489874601364133, 2.0337164402008057, 2.0135428547859195, 1.9980325222015383, 1.9846049070358278, 1.9690461635589598, 1.9749830961227417, 1.967757976055145, 1.9588559865951538, 1.9510085344314576, 1.9523181200027464, 1.9600692391395569, 1.9426794290542602, 1.9526864171028135, 1.9469466924667358, 1.9471447467803955, 1.9503811597824094, 1.95237797498703, 1.9429739594459534, 1.955644452571869, 1.956011176109314, 1.9557457685470583, 1.9649770617485047, 1.9626393795013428, 1.967913806438446, 1.9748959064483642, 1.9756287455558776, 1.9883676648139954, 1.9932908773422242, 1.9905425906181335, 1.9953782558441162, 2.0049280405044554, 2.007477045059204, 2.0088745713233944, 2.011384308338165, 2.019170117378235, 2.022821366786957, 2.028531932830811, 2.033070158958435, 2.0349339723587034, 2.0398998975753786, 2.047561323642731, 2.054952788352966, 2.0665317296981813, 2.0601655602455136, 2.0602861404418946, 2.0732296824455263, 2.0744857788085938], "val_acc_l1": [28.075338228729432, 31.318931839722275, 32.62568070277879, 33.060657587912345, 33.88680674698642, 33.8663498044139, 33.99357597715221, 34.496645341410776, 34.64530032472879, 35.141932865029766, 35.38146393484636, 35.349212246071744, 35.80268470738688, 35.49677294309601, 36.51122069773942, 36.04910981878033, 36.39453467536095, 36.2575456972187, 36.62695404119075, 36.35929586556314, 36.88203779104083, 36.36195951957282, 36.83581047036192, 36.39108375264691, 36.46719309177617, 36.61164262539191, 37.13070476839257, 36.70988928405452, 36.60125929186206, 36.29259341525098, 36.04840012258515, 37.120578205617704, 36.89401203947111, 36.68980186610785, 36.42926123786499, 36.81211470986687, 36.32525945393038, 36.07750467169913, 36.50588100918168, 36.20927467240601, 36.23187157456801, 36.80609171340856, 36.38395162807712, 36.670863285678685, 36.56948727321935, 36.52461002497162, 36.840596637284754, 36.43502185598099, 36.18449451212043, 36.609808063833185], "val_loss_l2": [2.45884907245636, 2.3889533996582033, 2.292035555839538, 2.2495994329452516, 2.2274888992309574, 2.2092802762985233, 2.203834891319275, 2.199367356300354, 2.1710608482360843, 2.17081618309021, 2.177010989189148, 2.172795104980469, 2.1638760805130004, 2.1680210113525393, 2.169226694107056, 2.1599881649017334, 2.176632809638977, 2.176521110534668, 2.174863958358764, 2.176178121566773, 2.1809961795806885, 2.194253349304199, 2.2027303218841547, 2.206680226325989, 2.2035765409469605, 2.2187183141708373, 2.2217915773391725, 2.2266615152359006, 2.2242252349853513, 2.2271191596984865, 2.2357998847961422, 2.244149279594421, 2.249707365036011, 2.250944447517395, 2.2619950056076052, 2.278313493728638, 2.2678497552871706, 2.2865572929382325, 2.284804391860962, 2.302083539962769, 2.300133872032166, 2.320623683929443, 2.3173381090164185, 2.3295349121093754, 2.3393232345581056, 2.3299735069274905, 2.336103463172913, 2.354384922981262, 2.3524871587753293, 2.3699803829193113], "val_acc_l2": [23.251334342755694, 25.954594475507932, 28.126877686876174, 29.49839136625829, 30.204780775123886, 30.958548891655912, 31.191793471564456, 31.294829377492956, 31.506414912807664, 31.694248307662473, 31.701288726436115, 31.794157667671847, 32.25487441535433, 32.13335983142736, 32.1710238305174, 32.2136974315618, 32.14660709951709, 32.13729058407669, 32.17876144135421, 32.022417720138826, 32.81334602123236, 32.06312625899763, 32.006446651840456, 31.683678658612696, 32.24229152321846, 32.15628097124273, 32.4124413139871, 32.09018402657762, 32.674234497063715, 32.723490047104576, 32.83885956616499, 32.95176048524654, 31.994557018828143, 32.22114532848169, 32.73772603447023, 32.44098583309287, 32.68262855057068, 31.777224962249058, 32.22084519354373, 32.44745287611398, 32.04599203015481, 32.17021507768513, 32.10513697047124, 32.29505957732065, 32.960676794217534, 32.518114353239504, 32.93914206628353, 31.851055796536606, 32.189355327166155, 32.25521958519942], "LDT_train_score": [61.400760796598796, 65.69142985007832, 68.63392257775789, 70.72051913179682, 72.15260684716938, 73.55672409935109, 74.92168270306556, 76.13000671291117, 77.04184381293354, 78.23338554486462, 79.16200492280151, 79.93398970686954, 80.43745804430522, 81.2597896621168, 81.96464533452674, 82.75341239650929, 83.27925710449765, 83.88341910942046, 84.18550011188185, 84.50436339225777, 84.81203848735736, 84.9966435444171, 85.34907138062206, 85.67352875363616, 86.23853211009175, 86.28328485119714, 86.32803759230254, 86.57417766838219, 86.92660550458714, 87.08324009845603, 87.26784515551577, 87.36294473036473, 87.38532110091744, 87.8048780487805, 88.01185947639293, 87.8887894383531, 88.09017677332737, 88.0398299395838, 88.33072275676885, 88.3419109420452, 88.3642873125979, 88.59364511076303, 88.83978518684269, 88.74468561199373, 88.81181472365182, 88.87894383530991, 88.67755650033564, 88.94047885432983, 89.05795479973149, 89.02439024390245],