{"epoch_idx": 100, "model_save_file": "models/ESEN_60-40/ESEN_60-40_4.pt", "best_joint_acc": 35.082370682595126, "best_joint_loss": 2.0514735519886016, "best_epoch_idx_loss": 15, "best_epoch_idx_acc": 19, "run_time": "1392s", "train_loss": [2.50177776813507, 2.2381653304493767, 2.1665504383384655, 2.121925278541147, 2.08780035622623, 2.0592270028700517, 2.0342110253255314, 2.012589222247446, 1.9926491133663624, 1.9744068537283384, 1.956430947561877, 1.9410511326352389, 1.924711296864605, 1.9089967854526066, 1.894982727842593, 1.8804680710538815, 1.8684051862550441, 1.8551788105877165, 1.8437129986395537, 1.8312247827512413, 1.821381131443409, 1.8101746204796179, 1.7998666068829523, 1.7902413103558605, 1.7805712507405413, 1.771509609091173, 1.763358866402862, 1.7546374316609235, 1.7475971502995271, 1.7383343992976963, 1.731394400290392, 1.7240579554794027, 1.7178618027529602, 1.7103551877747991, 1.7040031459353382, 1.6965674134569433, 1.691694471267385, 1.6845753925655962, 1.680187837793193, 1.6744114488636683, 1.6694164877637818, 1.6632770655352047, 1.6597184325576917, 1.6540140165101511, 1.6495284416259972, 1.6447072433769157, 1.6403721395982518, 1.6363349808465453, 1.6319117578891436, 1.6281978630144667, 1.623915409276246, 1.620351789741342, 1.6173945643486232, 1.6144987590816047, 1.6098764511423374, 1.606361590941019, 1.6038408558303061, 1.600054526547773, 1.5972906810428027, 1.5935755995435448, 1.5912147601810067, 1.5878554697430451, 1.584741602250196, 1.5831577039639884, 1.5800200684354944, 1.5770548915644307, 1.5747717236160133, 1.5723277040577819, 1.5699721066229937, 1.566891345955911, 1.5656848325641877, 1.5621855816709878, 1.560616267930477, 1.5578040114236533, 1.5560605214276448, 1.5541575140909314, 1.5525875605574444, 1.550053360265329, 1.5490892923206359, 1.5465539300113658, 1.544836648560446, 1.542696483091477, 1.540802269900611, 1.5402774942030595, 1.5369413112281654, 1.5363051213255723, 1.534575770207502, 1.5319669197458745, 1.5315345471058417, 1.5293357044184965, 1.5283487225891257, 1.5261511879229763, 1.525206773652942, 1.523721505742554, 1.5232093799004862, 1.52128672107644, 1.5209113304768134, 1.5190335534034518, 1.5172697278337732, 1.5150007064189386], "train_acc": [22.437359490065468, 27.975550918465682, 30.05351840627492, 31.251602719951947, 32.36598679546633, 33.10257441970407, 33.911114846901235, 34.535429585517385, 35.01731129671468, 35.61482619261888, 36.197038317091845, 36.684837207243504, 37.1141461875778, 37.787458730483124, 38.13310069243095, 38.680311169129816, 38.98884674935621, 39.40465034006121, 39.74777361585754, 40.1752406522408, 40.46859191351772, 40.77326627713317, 41.17331873157782, 41.485687912139404, 41.783481073695384, 42.10228572226065, 42.2852519430562, 42.5691655810047, 42.72273508180243, 43.023869652268814, 43.35836350540939, 43.4692430970396, 43.76882178467586, 43.983530899882346, 44.23747755959972, 44.30990546325275, 44.55525960483713, 44.8007348631555, 45.02258189834652, 44.963255329175354, 45.29629261358165, 45.30620961838491, 45.54403885840785, 45.56727023861798, 45.87428860795708, 45.96820978652456, 46.0465807821411, 46.2496444084938, 46.30451562473495, 46.569538097847015, 46.648799790369665, 46.7719537215475, 46.77072535278869, 46.93653598855665, 47.085677250181035, 47.0925644763316, 47.33920101827565, 47.269767777963814, 47.31146975135257, 47.54865686449029, 47.50620386094298, 47.56933811051886, 47.789491895525934, 47.820116938388686, 47.88660775065272, 47.98772048285157, 48.08187438267427, 48.12787770301995, 48.086217133303606, 48.36788797437683, 48.30776806636681, 48.38543508468634, 48.43363350319779, 48.634119653299706, 48.53196901382996, 48.65571986092338, 48.72758595059921, 48.65704342787074, 48.811915231662404, 48.89761413004914, 48.901942702552454, 48.9360623247723, 49.07241930340744, 49.0682364557037, 49.16759550162715, 49.28823354970939, 49.16760273574581, 49.32769615431154, 49.35918785569072, 49.387405868685555, 49.44166609752032, 49.48027337223252, 49.44275160195968, 49.494267557916025, 49.534688698093944, 49.55140023159211, 49.58406378467635, 49.66649885011344, 49.69733841477283, 49.75340616327208], "val_loss_l1": [2.1811591386795044, 2.0966306686401364, 2.0578527927398684, 2.0429129481315607, 2.009496974945068, 1.9895230293273927, 1.9817027807235716, 1.9837437748908995, 1.9666460871696472, 1.9535754919052124, 1.955451536178589, 1.9566468238830566, 1.9551629781723023, 1.9446781158447266, 1.9468607306480405, 1.954917562007904, 1.9484853625297545, 1.9496340513229369, 1.9484694600105286, 1.9505090117454529, 1.954777717590332, 1.9545415520668028, 1.9493067860603333, 1.9673346996307373, 1.965437388420105, 1.9686841130256651, 1.9811358809471131, 1.9717540860176088, 1.980676078796387, 1.9911293983459473, 1.9947383165359496, 1.994991421699524, 2.007530343532562, 2.006211578845978, 2.020827424526214, 2.014615023136139, 2.026307857036591, 2.024738240242004, 2.0251479148864746, 2.034071135520935, 2.0480505228042603, 2.0478375911712647, 2.0499811649322512, 2.061905992031097, 2.0543726563453677, 2.055273652076721, 2.078109622001648, 2.0831002593040466, 2.0848701596260066, 2.098321533203125, 2.093403542041779, 2.0952965021133423, 2.0901559591293335, 2.106848049163818, 2.1054902553558352, 2.1153465270996095, 2.1154930353164674, 2.1268453121185305, 2.1276053190231323, 2.129176211357117, 2.1304462671279905, 2.13181095123291, 2.141863417625427, 2.1399089813232424, 2.1491140842437737, 2.1531366825103757, 2.157040023803711, 2.160224986076355, 2.1612393379211428, 2.161412215232849, 2.175306534767151, 2.179777407646179, 2.1736625194549557, 2.179269242286682, 2.1860265970230106, 2.1825239658355713, 2.199432134628296, 2.198777103424072, 2.1998531579971314, 2.1946730852127074, 2.194319748878479, 2.2070199251174927, 2.2186692476272585, 2.210215330123902, 2.2159584045410154, 2.2238861322402954, 2.223405647277832, 2.2220577716827394, 2.222222638130188, 2.240238332748413, 2.229460334777832, 2.2307630062103274, 2.233613109588623, 2.232027840614319, 2.2428774356842043, 2.2332572698593145, 2.2450090646743774, 2.251838445663452, 2.2431803703308106, 2.252882790565491],