{"epoch_idx": 100, "model_save_file": "models/ESEU_60-40/ESEU_60-40_1.pt", "best_joint_acc": 35.74735456271091, "best_joint_loss": 1.996742731332779, "best_epoch_idx_loss": 14, "best_epoch_idx_acc": 26, "run_time": "1384s", "train_loss": [2.4379569335814995, 2.1973085786224518, 2.124086481715561, 2.0810041722901382, 2.0506229941998066, 2.024843223598027, 2.002592969378199, 1.9822587567731873, 1.9636428356170657, 1.9463447884682117, 1.9298483352048676, 1.913839917117302, 1.8984586930056224, 1.8840050801224666, 1.8699324863766311, 1.8566002009111804, 1.8435037890705492, 1.830726359415492, 1.818991447260621, 1.8084733551795336, 1.7973363705731318, 1.7855979313544177, 1.776435825802864, 1.7659369411818484, 1.7558204356683502, 1.746686189546497, 1.7378534876972171, 1.7296498095223665, 1.7216031983358047, 1.7131385360289066, 1.7056677346929503, 1.6988470849640878, 1.6914983025384602, 1.6837809824068604, 1.6766557048220156, 1.6711763515384912, 1.6657328742359754, 1.6580407007024918, 1.652661567434259, 1.6472695677652276, 1.6410200524767615, 1.6373860633701358, 1.6319390792365471, 1.627095919683439, 1.6215240938947837, 1.6186584354540625, 1.6126254556375899, 1.6083038071973612, 1.6044341325759888, 1.6004400548584967, 1.595651571903754, 1.591831417805558, 1.5880552010798676, 1.5846996624535379, 1.5811843642401047, 1.5781454427526627, 1.5739988416706752, 1.5717524886131289, 1.567619662766063, 1.5653675559463849, 1.5623023952912847, 1.5586405620662445, 1.5550760501021645, 1.5527771787905915, 1.5512655678145375, 1.5476393994935063, 1.5446762409778907, 1.5425341479275203, 1.5402677780991305, 1.537560726524493, 1.5356000169701531, 1.5322158774104697, 1.530264576093866, 1.5281993440531805, 1.5266846839441066, 1.5248396806760676, 1.5226407647132871, 1.5195905167028452, 1.5181057021158548, 1.516417457423079, 1.5133835481941145, 1.5121245947452862, 1.510394654689579, 1.5092458489837997, 1.5070733307698454, 1.5045007593041169, 1.503540454107686, 1.5022485436649493, 1.500743419205377, 1.4996598204341505, 1.49669569512026, 1.494891819057114, 1.4946583733646148, 1.4933311649418752, 1.4912306190630702, 1.4902167096050498, 1.48759862261081, 1.4873851078365916, 1.486346314806456, 1.4850781838828278], "train_acc": [24.643746133204804, 28.9630628097669, 30.54419169777664, 31.477046125681746, 32.43776544490603, 33.12150238565115, 33.85111985585205, 34.443892311629085, 35.07345900512203, 35.7747634370981, 36.185861677499666, 36.82008500563312, 37.320874766374374, 37.8229567363629, 38.2999928104743, 38.858430311465526, 39.18265381304213, 39.525888667255266, 39.9368319525069, 40.38174323736634, 40.74427355037256, 41.011617710619824, 41.44702750501816, 41.7030158512391, 42.174872484004126, 42.5320639740779, 42.76492393651632, 42.89408902373431, 43.22164285208213, 43.49284797938187, 43.737344055946394, 43.9721120489227, 44.16945262668193, 44.456624178574295, 44.73003064220268, 44.9289519875946, 45.00430896781607, 45.32333259569393, 45.45160275734858, 45.6948591008729, 45.81001122912366, 45.893802811628674, 46.08684813918899, 46.18388579529433, 46.47893944018408, 46.55800791699617, 46.6673908972444, 46.84141380684921, 46.951512688029126, 47.13291355717863, 47.21871828028474, 47.390020978204724, 47.375341873043276, 47.65507018991467, 47.645250635662805, 47.79310756876608, 47.88091897683351, 47.97244719314687, 48.189997156779214, 48.17680367919981, 48.25221421113834, 48.284856034131124, 48.51706498420483, 48.56140900165316, 48.53922815055116, 48.61033311192241, 48.668143992825605, 48.848844351470476, 48.834314859201555, 49.0197937401967, 49.05514053921203, 49.12263604336812, 49.14375147326062, 49.299690645185805, 49.23981000494938, 49.36378760928532, 49.42194889470836, 49.58957575611696, 49.576543284410874, 49.583510505173784, 49.61251379723632, 49.680429026262125, 49.813469581594966, 49.737604804751136, 49.87422590253707, 49.9108635993254, 49.98587672504947, 49.92302626556189, 50.12672184965135, 50.05320939476984, 50.0997120424511, 50.19459654679163, 50.135208665605, 50.26155392002089, 50.30536008881204, 50.329034157663834, 50.46012217554949, 50.43359250935904, 50.449811844607346, 50.44296671572309], "val_loss_l1": [2.2183231592178347, 2.125223731994629, 2.0853927612304686, 2.0507160902023314, 2.037125408649444, 2.0195979475975037, 2.012931787967682, 2.0021299362182616, 1.9921634554862973, 1.9947884798049929, 1.9826212644577026, 1.9867841601371765, 1.981346046924591, 1.9776880979537963, 1.9875190734863282, 1.9715269923210146, 1.9727261781692507, 1.9780732154846192, 1.9797128081321715, 1.982236659526825, 1.984834063053131, 1.9878580570220947, 1.9905528664588932, 1.9901399850845336, 1.995409560203552, 2.0010112047195436, 2.001585793495178, 2.010133957862854, 2.0165658235549926, 2.0268115639686584, 2.0152641892433163, 2.0175492286682126, 2.0284777164459227, 2.02685683965683, 2.0359035849571225, 2.042124927043915, 2.0495907545089724, 2.05406756401062, 2.061159086227417, 2.056412172317505, 2.0583236813545227, 2.0649038910865785, 2.079898869991302, 2.089059722423553, 2.0801286935806274, 2.0846508502960206, 2.094415807723999, 2.091380214691162, 2.1015924215316772, 2.1023809790611265, 2.108572459220886, 2.118521499633789, 2.123906254768371, 2.120187640190125, 2.12553551197052, 2.1312892436981197, 2.1370049476623536, 2.1411909818649293, 2.1464159011840818, 2.149923324584961, 2.161251068115235, 2.1623644113540643, 2.16365602016449, 2.1704992771148683, 2.1703564882278443, 2.1789725065231322, 2.175627017021179, 2.185585379600525, 2.192334222793579, 2.1892861127853394, 2.2083771705627444, 2.2060702085494994, 2.202230048179627, 2.219563865661621, 2.213472008705139, 2.2187557458877567, 2.219578313827515, 2.229837965965271, 2.228703737258911, 2.227699184417725, 2.236750316619873, 2.2408083200454714, 2.246087646484375, 2.240437245368957, 2.2362555027008058, 2.254421591758728, 2.258841919898987, 2.260108256340027, 2.2613438844680784, 2.2797018766403196, 2.2578047275543214, 2.26840603351593, 2.286110758781433, 2.27470326423645, 2.292296481132507, 2.299335980415344, 2.2878051757812505, 2.2922523975372315, 2.2910211801528932, 2.305110144615173],