{"epoch_idx": 50, "model_save_file": "models/LSTM/128/ESEU_60-40/ESEU_60-40_5.pt", "best_joint_acc": 34.76570354768711, "best_joint_loss": 2.00197389125824, "best_epoch_idx_loss": 50, "best_epoch_idx_acc": 50, "run_time": "219s", "train_loss": [2.6641653071750295, 2.3396545124776447, 2.2710985180103407, 2.2327312863234328, 2.204227149486541, 2.1807894182927683, 2.1645917477029752, 2.1508991935036397, 2.135791836362896, 2.1251099597324012, 2.1143816962386603, 2.105387693101709, 2.097252135927028, 2.0905320752750756, 2.0829339424769078, 2.076332267486687, 2.07049670996088, 2.063741627967719, 2.0585380449439534, 2.05167023160241, 2.0448640350139504, 2.0411936920700655, 2.03711021307743, 2.0297167933348463, 2.0252099199728524, 2.02220540245374, 2.018709251374911, 2.013736766396147, 2.008017591454765, 2.0039950040253727, 1.9981645806269213, 1.997250789945776, 1.9909246699376537, 1.988053118640727, 1.984386390808857, 1.9796357561241498, 1.976619470300096, 1.9736500951376834, 1.9695241415139397, 1.965581646471313, 1.9615825947486996, 1.9613833987351628, 1.9564983040997475, 1.9522023363546892, 1.949662294351693, 1.9462689874750194, 1.9430193657224832, 1.9403870358611601, 1.9374691311157117, 1.9343412085012959], "train_acc": [21.08742801994324, 25.582476919006027, 26.95931732093554, 27.77132769181353, 28.312937548818727, 28.942258041754997, 29.31131657014981, 29.71309035596215, 30.067037256286444, 30.430818744590894, 30.645201945416723, 30.932557342496555, 31.138427187955696, 31.490499699308728, 31.603869546923413, 31.89916857808504, 32.052353094130744, 32.1808748671889, 32.240229015102685, 32.57843317083574, 32.68212259812926, 32.88034005848438, 33.0180969781979, 33.21427234486842, 33.427209497990255, 33.52857343581679, 33.483740859746476, 33.829831711963465, 33.952966135533906, 34.136305336850874, 34.1750312457447, 34.38887022838734, 34.62607481169174, 34.73836841246375, 34.717761107209746, 34.89809701303262, 35.00509264850644, 35.132563280766995, 35.17583807989974, 35.3864347137145, 35.55553030832408, 35.389619042236454, 35.63541698472206, 35.70142839211858, 35.91175781169328, 35.81195513534463, 35.94965400703391, 36.165547192928145, 36.23266895391193, 36.32809885376899], "val_loss_l1": [2.3458764314651486, 2.2276992797851567, 2.1727679491043093, 2.144128894805908, 2.120640254020691, 2.1067808866500854, 2.0834528684616087, 2.074803042411804, 2.063914179801941, 2.0567734956741326, 2.050009751319885, 2.034493553638458, 2.0381010174751286, 2.03288562297821, 2.018164312839508, 2.015027034282684, 2.015222704410553, 2.0077573180198667, 2.0161221027374268, 2.005421006679535, 2.001282238960266, 1.9997514724731444, 1.9964527368545533, 1.9989805698394776, 1.9905314207077025, 1.988439702987671, 1.9932026505470275, 1.991032326221466, 1.989670717716217, 1.9849874019622802, 1.978532302379608, 1.9820800900459288, 1.9852747559547421, 1.9765788912773132, 1.9796807169914246, 1.9814756751060485, 1.9717071771621704, 1.9774341940879823, 1.9703039288520814, 1.9751867294311525, 1.9711116075515747, 1.9794996619224547, 1.9775395989418032, 1.9734091997146606, 1.9721927762031555, 1.9718973994255065, 1.9724143981933593, 1.9757194995880127, 1.973798108100891, 1.9769995212554932], "val_acc_l1": [26.610120950441065, 28.771533222247786, 29.675743341209632, 30.456808345434265, 31.529472255121526, 31.281039012089185, 32.10775839659694, 32.13524752488507, 32.700049668052245, 32.774871604646094, 32.71747874403806, 33.16311032402132, 33.16365544347188, 33.395982480790586, 33.75627952916909, 33.572481054735015, 33.808455036208436, 33.762746073017354, 33.47639648820673, 33.83881211500458, 34.044715320440474, 33.99821254895732, 34.33453697448745, 34.0842712439555, 34.52876963224544, 34.393506873774946, 34.38617317340437, 34.5228871731289, 34.523390217143266, 34.69470392284835, 34.635949116768664, 34.68431415333197, 34.23781023477903, 34.550139745909604, 34.612216153511405, 34.70323101518495, 34.92852789887492, 34.64257870554702, 34.88061567475015, 34.8563581962627, 35.314940830752995, 34.5698371907319, 34.587670742746525, 35.05647635991993, 35.0331332639377, 34.98283895106113, 34.85890241263483, 35.12529261055832, 34.879403915359944, 35.18284507011853], "val_loss_l2": [2.4088686227798464, 2.2982269048690793, 2.250298142433167, 2.215852355957031, 2.1961610317230225, 2.171773314476013, 2.1599459886550902, 2.1499316215515134, 2.134970688819885, 2.121132874488831, 2.1112030029296878, 2.1162244081497192, 2.0984801769256594, 2.094298839569092, 2.097921133041382, 2.09283926486969, 2.0840681076049803, 2.083287501335144, 2.0691639900207517, 2.079872679710388, 2.0701120138168334, 2.0650371551513675, 2.061369276046753, 2.0613463640213014, 2.065631055831909, 2.051622462272644, 2.047319769859314, 2.0459161758422852, 2.0409571647644045, 2.049342656135559, 2.055801701545715, 2.044997501373291, 2.0379168272018435, 2.0460324048995973, 2.0359829187393186, 2.0366912961006163, 2.043323290348053, 2.035893547534943, 2.0410526514053347, 2.0366870760917664, 2.0458438634872436, 2.031138467788696, 2.028402328491211, 2.03727560043335, 2.040137493610382, 2.036952018737793, 2.0354070544242857, 2.0303000569343563, 2.0328279733657837, 2.0269482612609866], "val_acc_l2": [25.153505829166825, 26.14770566605064, 27.164766383957307, 28.09921222276726, 28.504002802333314, 28.810483840843432, 29.225370409344645, 29.47525500595929, 29.79104276771895, 30.16175673030349, 30.696742564890158, 30.381058081242735, 30.660145973765864, 31.096147904502327, 31.188290852146025, 31.865756319898534, 31.470389682863285, 31.695698021265134, 32.05001706496815, 31.41573495542373, 31.896520236725134, 32.13840174417526, 32.50712773592908, 32.380527661676375, 32.52781579243122, 32.67445269629342, 32.998228856430245, 32.784698993903525, 32.83757322926995, 33.16060966765838, 32.89649226153559, 33.22492645730582, 33.38773351984085, 33.27500298962525, 33.27241661481003, 33.7322842544665, 33.1530365522392, 33.38941785602286, 33.41630691599977, 33.533134000483614, 33.334121143702276, 34.0851455923707, 33.74036245629541, 33.57191452525835, 33.365636966123866, 33.686754864283735, 33.55493709071529, 33.75676283055842, 33.86453460995695, 34.348562025255696], "test_loss_l1": 1.9961062669754028, "test_acc_l1": 35.02130072759731, "test_loss_l2": 2.0238150358200073, "test_acc_l2": 34.458093428423744}