{"epoch_idx": 100, "model_save_file": "models/ESEU_60-40/ESEU_60-40_3.pt", "best_joint_acc": 35.85230025901105, "best_joint_loss": 1.9971182584762575, "best_epoch_idx_loss": 17, "best_epoch_idx_acc": 39, "run_time": "1387s", "train_loss": [2.449889922360761, 2.1944544424704464, 2.126335149511283, 2.0841381571708473, 2.052745548410154, 2.027499036504589, 2.004825964433338, 1.9852337257577735, 1.9669131866288843, 1.950319062679186, 1.9337013959884635, 1.9172947937195457, 1.9020160113999605, 1.887174376653968, 1.8735410592971593, 1.8599531524771933, 1.8471551958574073, 1.8338568248880014, 1.8222715428116123, 1.8111701919398178, 1.8005994908306573, 1.7890120646275522, 1.7779053919905923, 1.7684309750521945, 1.7592584162677105, 1.7503744932489662, 1.7408427071133883, 1.7319239667796218, 1.7243261041991202, 1.7153557916300015, 1.7078499225301487, 1.7008092255767333, 1.6917149402679645, 1.685616479007476, 1.6790108784623112, 1.672366711524649, 1.6665332153302819, 1.6598927329439639, 1.6547625048444903, 1.647711368328934, 1.642992357048419, 1.6377349484951136, 1.6320505787473207, 1.6264528397026414, 1.6226748616323565, 1.619379041391775, 1.613355407474238, 1.6096921628768284, 1.6043379049782363, 1.6008157155929355, 1.59551403445935, 1.5935654366781953, 1.588777106836301, 1.5855639483950557, 1.5818027017313405, 1.5794617047003652, 1.574857638516557, 1.5716397570907523, 1.5685249375640797, 1.5665466440926996, 1.562997742530403, 1.5598016463288482, 1.5560879904195803, 1.5538204727916543, 1.5507335039453767, 1.5487820976371074, 1.5454347975757143, 1.5437095230872477, 1.54117898437955, 1.5397608750457057, 1.535739211314315, 1.5348496568312333, 1.5327749760872735, 1.5288054221266998, 1.5284407641909536, 1.525111397471996, 1.5235351214715098, 1.521542265327699, 1.5206712872610173, 1.5175080518110082, 1.515763578064945, 1.514602030089142, 1.5124066543141637, 1.5107466961265705, 1.5091752590389425, 1.5060291077018877, 1.50662245280152, 1.5035171743926656, 1.5018020583948952, 1.4993904484521354, 1.498554722978435, 1.4981743441809199, 1.4963098261334475, 1.49565864320195, 1.4940727068743573, 1.4918401919373678, 1.4912697180695487, 1.4903297358696619, 1.4869218326489861, 1.4873104221230247], "train_acc": [24.210298410402018, 28.680796916967868, 30.21577035218351, 31.28693953612962, 32.39623738086893, 33.1715672505299, 33.79367290498298, 34.413739860188684, 34.97576317152265, 35.66762069142502, 36.21836501283848, 36.69981397332591, 37.27734811014975, 37.74705989698393, 38.23063239051849, 38.58316501577888, 38.937188477880774, 39.37859862031599, 39.89045964298861, 40.20672604719884, 40.551446041988115, 40.9898777704446, 41.35453354153806, 41.72341963521024, 42.07980185645592, 42.23993080215624, 42.72168216961913, 42.930979191711096, 43.20548894488249, 43.447244978692325, 43.783686509926085, 43.927130732892785, 44.313763244250964, 44.481126625326965, 44.70175493992276, 44.9374440018838, 45.09720870992522, 45.4171561522988, 45.47591593007187, 45.73678846518882, 45.85585627130756, 45.946362877655815, 46.18016743302964, 46.35200937066162, 46.52227888339406, 46.58718370889333, 46.69605648984112, 46.83142726535513, 47.029786672999386, 47.10086914114218, 47.34893576125895, 47.422411585772416, 47.54633660401811, 47.63466106814591, 47.724039183601896, 47.860436988270095, 47.96345552343642, 48.04366659696885, 48.17173159249564, 48.0570210556772, 48.346283001154625, 48.347493038582286, 48.49981439012449, 48.6347459055734, 48.567365303015514, 48.77861062339689, 48.83624268187475, 48.911957992953894, 49.082739280643615, 49.07835682542654, 49.12413299199992, 49.18745006067862, 49.17714328302434, 49.298146974837216, 49.300978598478274, 49.513503086196124, 49.506776420297584, 49.52193567600823, 49.544700148802235, 49.61109054668111, 49.708332806593155, 49.743648628957224, 49.83984874799029, 49.82283882093744, 49.83928408741754, 49.993498292208365, 49.97366331739378, 49.96727800737751, 50.04160936605036, 50.13582266611739, 50.181139624918245, 50.20016130980201, 50.16392979047522, 50.153411270955, 50.18591851699033, 50.35796861670575, 50.26262359811234, 50.2844469693393, 50.50712043442231, 50.503462777906705], "val_loss_l1": [2.2249062776565554, 2.134403872489929, 2.0816604614257814, 2.050110697746277, 2.04489951133728, 2.020982599258423, 2.008821165561676, 2.005952310562134, 2.0048327445983887, 1.9916855335235597, 1.9897729516029359, 1.9883421540260315, 1.9839343190193177, 1.9872854351997375, 1.976414692401886, 1.982353401184082, 1.9824853897094727, 1.9795038104057312, 1.9828933596611023, 1.9904420733451844, 1.9810633182525634, 1.9872042417526246, 1.9870219945907592, 1.986798059940338, 1.990222907066345, 1.998303472995758, 2.0005006551742555, 2.0082753896713257, 2.0079541206359863, 2.010693609714508, 2.0157446026802064, 2.0262842178344727, 2.0296114087104797, 2.023739957809448, 2.0398079276084897, 2.039544689655304, 2.0360389590263366, 2.04268718957901, 2.0476387381553653, 2.0540221810340884, 2.061953294277191, 2.0618060708045958, 2.0708696007728578, 2.0666244506835936, 2.074568021297455, 2.0779148936271667, 2.080368566513062, 2.0836968779563905, 2.0947203874588016, 2.094239485263824, 2.103258419036865, 2.0927244067192077, 2.103061926364899, 2.103735613822937, 2.1246555805206295, 2.119358706474304, 2.121734356880188, 2.122408628463745, 2.129550313949585, 2.1439754486083986, 2.1453708887100222, 2.1431317567825316, 2.1480489373207097, 2.1497101783752437, 2.149973440170288, 2.1522507190704343, 2.1618867158889774, 2.169571805000305, 2.1667438030242923, 2.1719508409500126, 2.1681509017944336, 2.1729044198989866, 2.1792145729064942, 2.1851912260055544, 2.1854980707168576, 2.1896396636962887, 2.1972087383270265, 2.1960983037948605, 2.199427175521851, 2.1965566873550415, 2.210687017440796, 2.210996603965759, 2.2109960317611694, 2.217697358131409, 2.2217260122299196, 2.219716429710388, 2.224528479576111, 2.2346544742584227, 2.230395841598511, 2.238419222831726, 2.2332088470458986, 2.2416168451309204, 2.247198700904846, 2.2449813365936278, 2.246823787689209, 2.2421989679336547, 2.257051372528076, 2.2528939247131348, 2.261852335929871, 2.2501878261566164],