{"epoch_idx": 100, "model_save_file": "models/ESEU_60-40/ESEU_60-40_0.pt", "best_joint_acc": 35.410158477326334, "best_joint_loss": 1.999927020072937, "best_epoch_idx_loss": 15, "best_epoch_idx_acc": 36, "run_time": "1395s", "train_loss": [2.461410123273868, 2.2045276339994664, 2.1278702665906444, 2.084086000372511, 2.051112808765623, 2.025033155712513, 2.0018023930558355, 1.9811054249422269, 1.962030616375284, 1.94399090480367, 1.9262269768146194, 1.9109846654288256, 1.8950600290517197, 1.8801698733907217, 1.86656143359088, 1.8529057016066446, 1.840227970289528, 1.828076050369018, 1.8159938777258637, 1.8048124592238612, 1.7944871903559485, 1.783435061984106, 1.773644999626579, 1.762833270457907, 1.754531700129903, 1.744953301521615, 1.7360779796171624, 1.7279677139509706, 1.7200646810575364, 1.712530108219988, 1.7048692140010526, 1.6974797451168018, 1.6906618678241694, 1.6835580036180842, 1.6769834849812568, 1.672302769958427, 1.6643584020640867, 1.6592420487228885, 1.6531026565700502, 1.647521385905939, 1.6427229806917523, 1.6380987150953457, 1.632437049795729, 1.627223201847951, 1.6226884908632397, 1.6174081542076326, 1.6139830241509536, 1.6085200572232596, 1.6050435534311007, 1.6001450162415107, 1.5966927906788828, 1.5927306615978207, 1.5893151125776666, 1.5849071090374516, 1.5826053816244143, 1.5792116561067207, 1.5759619250210049, 1.5714567943450508, 1.569158647585353, 1.5655028677861638, 1.5629144108623543, 1.5604582489083674, 1.557087846852223, 1.5542762033436275, 1.5523500262050458, 1.5491883700047067, 1.5469961275748154, 1.54368862865168, 1.5414767254383197, 1.539439130813704, 1.536238002120902, 1.5335848577525637, 1.53170290561991, 1.5294576270864642, 1.5281040679424176, 1.5261087466817376, 1.523192664898864, 1.5212533359133864, 1.5196136176039319, 1.5178648052959267, 1.5148857864764855, 1.5132321277889633, 1.5117118063322994, 1.5092416996255924, 1.5083523791864373, 1.5062811309044508, 1.505553800578512, 1.5038017652450357, 1.5019870148886234, 1.4994646163161733, 1.4984226724423393, 1.4968863971736455, 1.4952281926750042, 1.4928987272288823, 1.4918816527095413, 1.4904747238946612, 1.4901719000361384, 1.489140634689855, 1.4871499434523627, 1.4850047810362015], "train_acc": [23.87598479531343, 28.630320217422057, 30.443013156260044, 31.472034826307393, 32.48594751006098, 33.276688877929075, 34.020163883477096, 34.57975323790439, 35.1389112420884, 35.824085473804985, 36.480068681697325, 36.970451712716674, 37.51427216622487, 38.07791267782534, 38.472530102491994, 38.86389654508354, 39.30976730267526, 39.7479481391024, 40.0544397886786, 40.431351096184336, 40.828699975146336, 41.16121181906478, 41.54328561791996, 41.949629744512634, 42.22884869549321, 42.51728469172595, 42.87000382442488, 43.07613423994971, 43.296134908503724, 43.51610015756417, 43.816566779602766, 43.96621351452727, 44.2413462368945, 44.47563647478793, 44.65366347190307, 44.76825009341852, 45.00911937573988, 45.252600478039064, 45.354585654770595, 45.704761615458914, 45.72343087968911, 45.89005073538401, 45.989656499864374, 46.286570877739784, 46.399117104294106, 46.53412518679564, 46.65980887931498, 46.831759052847595, 47.02886118775614, 47.150756088557124, 47.14918439694988, 47.2614443813709, 47.43999620114296, 47.53462901472023, 47.601440141152686, 47.69673566112621, 47.75782412955713, 47.899284472980256, 48.031164955189126, 48.04147801370226, 48.210788793694036, 48.212678235480446, 48.35018771482758, 48.43904603315127, 48.41334122208724, 48.6362765723525, 48.646780365822714, 48.8541931130776, 48.777834236831524, 48.80743800320926, 48.91633052937109, 49.05072340239347, 49.03119101021644, 49.107972396420344, 49.228341894115424, 49.15304054610289, 49.29115032298201, 49.404354160395386, 49.45358610726376, 49.45085379658635, 49.547248978100775, 49.561245982243804, 49.75613055824428, 49.70926682894853, 49.76673066401631, 49.84547245461606, 49.80744219816291, 49.90605108439173, 49.96348864148677, 49.89931645583693, 49.973153601616225, 50.03452303683472, 50.094998204254836, 50.1801157052272, 50.24747973221347, 50.29707437996239, 50.19573264508468, 50.33084258222451, 50.32070028330463, 50.36835866807274], "val_loss_l1": [2.241571617126465, 2.1371348619461066, 2.0984335184097294, 2.0634099483489994, 2.0287976980209352, 2.0288336873054504, 2.0169491648674014, 2.006636083126068, 1.9958106994628906, 1.9888579130172728, 1.9939879059791565, 1.9883146405220031, 1.985452127456665, 1.9798596262931825, 1.9860991001129151, 1.9793949007987977, 1.981813633441925, 1.9871052980422974, 1.986636447906494, 1.984274446964264, 1.9897382855415344, 1.9952163696289062, 2.003978085517883, 2.004073476791382, 1.9997458338737488, 2.005575752258301, 2.010931396484375, 2.012256765365601, 2.0111705660820007, 2.032756173610687, 2.0240966081619263, 2.0302596211433412, 2.0319156765937803, 2.0349759340286258, 2.0397885322570803, 2.0446185946464537, 2.046065318584442, 2.0546374440193174, 2.0580424785614015, 2.0659985542297363, 2.075688600540161, 2.0728256344795226, 2.078120243549347, 2.0839858293533324, 2.0899240493774416, 2.096282148361206, 2.097718167304993, 2.103305399417877, 2.108504521846771, 2.1087703704833984, 2.1094208478927614, 2.129247260093689, 2.1265283584594727, 2.123474371433258, 2.134128546714783, 2.1290652751922607, 2.145402216911316, 2.1478280544281003, 2.1581483125686645, 2.157455897331238, 2.1596209764480587, 2.1664422750473022, 2.173457169532776, 2.168468546867371, 2.184450888633728, 2.1857748508453367, 2.184359455108643, 2.1964206933975223, 2.1938912868499756, 2.2011828422546387, 2.202767038345337, 2.2077610969543455, 2.2133642435073853, 2.2086902141571048, 2.226604080200195, 2.215098190307617, 2.220570969581604, 2.2314808368682866, 2.23382830619812, 2.2355808258056644, 2.2397225856781002, 2.2392889499664306, 2.2373454332351685, 2.24923734664917, 2.2541341304779055, 2.2522162437438964, 2.259523868560791, 2.2710272789001467, 2.2674525022506713, 2.2573211193084717, 2.2657941818237304, 2.276943492889404, 2.2776347160339356, 2.2781214237213137, 2.2791500091552734, 2.2860998868942257, 2.2774194717407226, 2.289338874816895, 2.2897719144821167, 2.299663972854614],