{"epoch_idx": 100, "model_save_file": "models/ESEU_60-40/ESEU_60-40_2.pt", "best_joint_acc": 35.860205516288175, "best_joint_loss": 1.995310193300247, "best_epoch_idx_loss": 19, "best_epoch_idx_acc": 61, "run_time": "1383s", "train_loss": [2.444037929587407, 2.1965021310596295, 2.127485729138788, 2.086002505700523, 2.055081262501008, 2.0288045734440496, 2.0071868508233925, 1.9870854791151265, 1.968302459891783, 1.950377710915486, 1.9333956072089877, 1.9173240360863715, 1.9023542765083654, 1.8878609734937688, 1.8733195427360891, 1.8608276204231686, 1.8467258914895013, 1.8338244322243094, 1.8220371538345974, 1.8106439091743678, 1.7994660456246192, 1.7884870609012218, 1.77733616216467, 1.7677479719896931, 1.7583866682621323, 1.7489430455986517, 1.7396106123924244, 1.731254444209807, 1.7238317170274364, 1.715739725379769, 1.7069276997802456, 1.6996952076570706, 1.6930920454340246, 1.6850868862703314, 1.6791567753214354, 1.6726220261066334, 1.6665903548581882, 1.6604743151489747, 1.6543547478290876, 1.6478613254127144, 1.6435228498703836, 1.6367436931767603, 1.6328174395298747, 1.627796058807898, 1.6234810188275957, 1.618328249235765, 1.6137259050246768, 1.6095083880861971, 1.6055155762838658, 1.6015604039944646, 1.5969299832615278, 1.593891927955347, 1.5890778822636384, 1.5868059713906113, 1.5829479962313944, 1.5783060586780586, 1.5756706163423873, 1.5722606559412193, 1.5691942594466957, 1.566600658477994, 1.5630882431607727, 1.5601251338600015, 1.5566225762760961, 1.55488962153776, 1.5512424346503861, 1.5495555931275036, 1.5460123015106273, 1.5429702029315702, 1.5410235879618093, 1.5392832192805923, 1.5377631635840887, 1.5354654991298642, 1.5316136506719331, 1.5305002566871284, 1.5269640000588296, 1.525018562964344, 1.5241088714074649, 1.5218517162384244, 1.5203040296878294, 1.518006514518633, 1.5153641410923873, 1.5128890997772915, 1.5122683113868078, 1.5103041294517874, 1.508992069358126, 1.5080162188328736, 1.5049089308178754, 1.5029960925425963, 1.5024261512887587, 1.5024183633130628, 1.4995210209024061, 1.497978213183377, 1.4972103440433466, 1.4957620249975707, 1.4929566503664773, 1.4911121851807334, 1.4902596347922576, 1.4887921175825485, 1.4899033658001404, 1.486194064310932], "train_acc": [24.08087514297383, 28.637194920432826, 30.365173432555668, 31.3866971399735, 32.288081508790796, 33.08383197077136, 33.79446490798913, 34.395713332709484, 35.062745734427466, 35.662988660065636, 36.20999914808148, 36.71909307355904, 37.20461639698176, 37.69825760890662, 38.23126030210767, 38.49216667894295, 39.14676566198422, 39.550537947270605, 39.96047950506625, 40.39097111305461, 40.69741097886795, 40.8918403945131, 41.44522712200685, 41.85137060388936, 42.11965831744629, 42.38058206465034, 42.667972083016686, 42.954487675758145, 43.13996026313894, 43.49116004281308, 43.77311747171297, 43.95146065442284, 44.21434882894048, 44.470590518402425, 44.60353244365247, 44.848862224246595, 45.10368803897616, 45.197991285718935, 45.48552224248775, 45.617902095389866, 45.721052665379894, 46.00285844002222, 46.054127937185335, 46.377337347069336, 46.44495022556224, 46.544376599767936, 46.81198237281416, 46.83386014732889, 46.99099969344188, 47.15290745044078, 47.202473464969685, 47.349048092113016, 47.45739088171538, 47.526131836642456, 47.655596975314744, 47.78913418230216, 47.9098359628399, 47.87700991371805, 48.147907790493136, 48.06687052528892, 48.3328869704408, 48.37270688231098, 48.462492914658945, 48.577647023438026, 48.57828847826643, 48.661008259223514, 48.73622243274704, 48.87884664357505, 48.89365617456886, 49.035971737039006, 49.03664729611825, 49.07247025385271, 49.18925071420529, 49.22401038760435, 49.31852432619661, 49.38421193662969, 49.38419749680394, 49.409426220112806, 49.49062963917526, 49.553936094759905, 49.65691337399817, 49.73932838679918, 49.75869967203467, 49.897951950152866, 49.801994447460345, 49.84206067403303, 49.97425935291858, 49.954658234090545, 49.84379084478318, 49.96960511992352, 50.177533444422366, 50.08582373912332, 50.06248979356177, 50.232016608386274, 50.289175491358534, 50.3584122657222, 50.35675998503227, 50.32964622127431, 50.25438799363184, 50.44523114970395], "val_loss_l1": [2.2300793170928954, 2.130046892166138, 2.090086817741394, 2.059506583213806, 2.0410036444664, 2.0243535280227665, 2.0084760904312136, 2.0007421135902406, 1.9875120997428894, 1.9949810624122621, 1.9867213606834413, 1.9917590737342836, 1.981406807899475, 1.989522910118103, 1.975319421291351, 1.9782169938087464, 1.9750436067581176, 1.988732886314392, 1.9835081100463867, 1.9839522361755373, 1.9892572045326236, 2.003380227088928, 1.9980199098587037, 2.0035218954086305, 2.00250780582428, 2.0078047156333922, 2.0097548246383665, 2.021397590637207, 2.025499975681305, 2.0235814571380617, 2.014625334739685, 2.0290135502815243, 2.024640202522278, 2.0420989036560058, 2.04369455575943, 2.043319046497345, 2.049808156490326, 2.0557344555854797, 2.0616389632225034, 2.064459979534149, 2.069283640384674, 2.075417470932007, 2.078664577007294, 2.0868407487869263, 2.0868682146072386, 2.0982889413833616, 2.100976812839508, 2.112035524845123, 2.1169336557388307, 2.1169929742813114, 2.115744185447693, 2.129413032531738, 2.1228031873703004, 2.135397028923035, 2.141847062110901, 2.1367887973785398, 2.149087452888489, 2.145725536346436, 2.1648529767990112, 2.148052310943603, 2.160437822341919, 2.161519527435303, 2.171656274795532, 2.175238585472107, 2.174391984939575, 2.184146332740784, 2.1801720380783083, 2.195170783996582, 2.201327896118164, 2.194436454772949, 2.202761745452881, 2.2024698495864867, 2.204430437088013, 2.206128430366516, 2.2114324808120727, 2.216640567779541, 2.2141293525695804, 2.222081470489502, 2.226818466186524, 2.224394369125366, 2.228759765625, 2.2396449565887453, 2.228358745574951, 2.2371606349945066, 2.246614384651184, 2.2503662824630735, 2.26334912776947, 2.2493549108505246, 2.2563906431198117, 2.254078364372254, 2.256522464752197, 2.2568741798400884, 2.2586164712905887, 2.2685362100601196, 2.2694778680801395, 2.2708559274673465, 2.2718860149383544, 2.2722400188446046, 2.276003122329712, 2.2828290462493896],