{"epoch_idx": 50, "model_save_file": "models/ESEU_60-40/ESEU_60-40_2.pt", "best_joint_acc": 35.320216406812946, "best_joint_loss": 2.005345433950424, "best_epoch_idx_loss": 19, "best_epoch_idx_acc": 39, "run_time": "773s", "train_loss": [2.4438641847820475, 2.188905129738902, 2.118150474828317, 2.077175459730515, 2.046872053124491, 2.0223993609804607, 2.0002681530943716, 1.979611723248018, 1.9619168918067156, 1.9442186393869034, 1.9277693776909366, 1.9111642892207574, 1.8979201409794875, 1.8816191220502236, 1.8683114144780217, 1.8547283318064627, 1.8418019233493634, 1.8288103429549325, 1.8166619282250012, 1.805360354961606, 1.794729802039784, 1.7840706492782727, 1.7736998752716482, 1.7632869908569062, 1.7551221054628356, 1.7453286494683782, 1.7366432192128738, 1.72779745847807, 1.7201544155768305, 1.7129316745548069, 1.7053322529574049, 1.6974565206317718, 1.6908111058243929, 1.68399191613591, 1.6773537096627262, 1.6707147562175708, 1.66472211398116, 1.659257574365774, 1.6530254598057605, 1.6464965961395055, 1.641203860077289, 1.6366984822334507, 1.6311316140201106, 1.6265043260854322, 1.6212427304425383, 1.6163586257794575, 1.613329227911223, 1.6073550981119133, 1.6035382157072018, 1.599375416379456], "train_acc": [24.671663180972054, 28.964469393645743, 30.71595904618439, 31.71218672661943, 32.61647981823205, 33.35410184543641, 34.06366363414038, 34.628353702083714, 35.19619639898174, 35.70171144826791, 36.32164766489831, 36.965248058219814, 37.40923077752274, 37.854284881808, 38.35660927959431, 38.861603178163975, 39.366878122796514, 39.8339428791346, 40.141869331746285, 40.55886054632205, 40.86271667131209, 41.21334551628257, 41.570151651026514, 41.87528107821608, 42.06332513379607, 42.51937289613219, 42.76960109104333, 42.96148677110983, 43.274306025678236, 43.547376770488015, 43.800526883075214, 44.02007315834031, 44.25102828171754, 44.478018754741754, 44.732606794967204, 44.967968961537544, 45.1080689682899, 45.15709250569322, 45.479801274498634, 45.67940718344398, 45.86541183482799, 45.95541155481784, 46.17846836459577, 46.290884313861824, 46.454143113034355, 46.63057071450145, 46.650261250231495, 46.73651737011278, 46.97237304649604, 47.08967364410619], "val_loss_l1": [2.230793261528015, 2.135074019432068, 2.089325141906738, 2.0530619025230408, 2.0408578634262082, 2.0262359738349915, 2.019198644161224, 2.01426500082016, 2.0097981572151182, 2.000611627101898, 1.9998687505722044, 1.988576340675354, 1.9993220210075378, 1.995293378829956, 1.9925807595252991, 2.0002303242683412, 1.99229998588562, 1.9938454151153564, 1.994822919368744, 1.9983683109283448, 1.9997215270996094, 2.003810691833496, 1.9986034154891967, 2.017138588428497, 2.012797152996063, 2.0122631192207336, 2.0219509601593018, 2.025142824649811, 2.0270168781280518, 2.0363576650619506, 2.044680631160736, 2.041338407993317, 2.049576425552368, 2.0520440220832827, 2.0564257264137273, 2.0651826024055477, 2.0730435490608214, 2.074197697639465, 2.0785854220390316, 2.0874754905700685, 2.0829674005508423, 2.0911134123802184, 2.0951481342315676, 2.103847098350525, 2.107742512226105, 2.1033413529396054, 2.114083600044251, 2.1194185972213746, 2.1241631507873535, 2.1252709150314333], "val_acc_l1": [28.632130503577724, 30.960523017879584, 32.22993748202169, 32.835060398124895, 33.4632164116892, 33.52455630144142, 33.725256117914434, 33.879878226081104, 33.70656056935342, 34.10322349372504, 34.34309621254969, 35.002178980975074, 35.07246428457499, 35.16628518126329, 35.010861249928, 35.15137293903772, 34.9014454622511, 34.90726369757542, 35.05618637247363, 34.525174702026945, 35.293236612730766, 35.39976519683878, 35.332667660253755, 34.46315860197479, 35.04693024298188, 35.15534856311178, 35.03968809121053, 35.35653747416588, 35.061504811871444, 35.30136034438, 34.90928293327805, 35.83007138645209, 35.270456168833185, 34.67179223689102, 34.84181997516906, 35.09963204844818, 35.2413585059056, 35.310343818107626, 35.67225835751107, 35.11040491510007, 35.70342235100309, 35.09731916012271, 35.65833875224131, 34.8829168600908, 35.344977644505924, 35.18866240107527, 35.53761865174408, 35.19169050972162, 34.911041001312526, 35.10975134701697], "val_loss_l2": [2.293959307670593, 2.2053353786468506, 2.149455738067627, 2.1541934251785277, 2.1066070318222048, 2.100772881507873, 2.083651900291443, 2.0632781982421875, 2.059612941741943, 2.0483814358711245, 2.041803228855133, 2.0425892710685734, 2.0213082671165465, 2.0269849658012387, 2.030490279197693, 2.022153627872467, 2.0259981870651247, 2.0199668169021607, 2.0158679485321045, 2.032081365585327, 2.030523884296417, 2.029840111732483, 2.0270276904106135, 2.034616076946259, 2.0350404024124145, 2.03841655254364, 2.036581683158875, 2.0446321010589594, 2.038842558860779, 2.046658480167389, 2.044596254825592, 2.0516617536544803, 2.058503782749176, 2.0726550579071046, 2.0675931096076967, 2.0659279704093936, 2.0635553836822504, 2.0786487340927122, 2.0823590993881225, 2.0898198366165164, 2.0951206326484684, 2.09642333984375, 2.1026113033294678, 2.1094398021697995, 2.1071589827537536, 2.1107949733734133, 2.121026349067688, 2.121592259407043, 2.1404230117797853, 2.1318563699722297], "val_acc_l2": [26.219441835942906, 28.650630637472226, 28.932480667644004, 28.84867023087264, 30.776341002079683, 31.28199337968214, 31.825247298267648, 32.37873382708068, 32.26135997091835, 31.92214759609056, 33.0555760774446, 32.212204066627635, 32.91525794628402, 33.540399333461835, 33.17665569229662, 33.085061793895115, 34.37751308404015, 33.83573910039435, 34.02900448871271, 33.51543722828282, 33.912681086617575, 33.90314249090974, 33.877883306118584, 34.68654688885942, 34.242997620825854, 34.328171813009604, 34.62431400879871, 34.2153541975339, 34.664194226481825, 33.79467499480714, 34.35645585927366, 34.738462237102596, 34.43640935940739, 34.150376496965556, 34.182991354408735, 34.05628572636559, 34.773983200711925, 34.445081655711135, 34.968174456114824, 34.35708096430909, 34.218152827716274, 34.52865559670559, 34.57621579254378, 34.92469415973738, 34.78448499837769, 34.52357114702896, 35.017262184585334, 35.106774105747874, 34.318868412954515, 34.5404671123051], "LDT_score": [58.7466693994671, 62.99959007993441, 65.73580651772905, 68.01086288173806, 69.65566714490674, 71.29534740725558, 72.77105964336954, 73.83685181389629, 74.69768395162943, 75.81984013117442, 76.98298831727813, 77.49026439844229, 78.25886452141833, 78.79688460750154, 79.47837671654028, 79.92416478786637, 80.5544168887067, 81.08731297397007, 81.46648903463824, 81.80467308874769, 82.31194916991187, 82.83459725353556, 82.88583726173397, 83.21377331420373, 83.70055339208854, 83.99774543963927, 83.85427341668374, 84.13609346177495, 84.51014552162329, 84.90469358475097, 84.89444558311129, 85.0994056159049, 85.0481656077065, 85.31973765115802, 85.45296167247388, 85.62205369952859, 85.91924574707932, 85.87825374052059, 85.929493748719, 86.30354580856732, 86.35478581676573, 86.24718179954908, 86.54949784791965, 86.59561385529821, 86.74933387989341, 86.66734986677598, 86.7595818815331, 86.82619389219103, 86.7852018856323, 86.91330190612831], "test_loss_l1": 2.1124189138412475, "test_acc_l1": 34.35369649833605, "test_loss_l2": 2.091083073616028, "test_acc_l2": 35.6150461611027}