{"epoch_idx": 50, "model_save_file": "models/LSTM/128/ESEU_60-40/ESEU_60-40_0.pt", "best_joint_acc": 34.03944224543771, "best_joint_loss": 2.004205995798111, "best_epoch_idx_loss": 48, "best_epoch_idx_acc": 44, "run_time": "213s", "train_loss": [2.668961440071916, 2.345508313540256, 2.2832114949370874, 2.2429350596485707, 2.2123609239404862, 2.1905766978408336, 2.1722567370443646, 2.1600259813395417, 2.1464425433765744, 2.1327008189577037, 2.124414424101512, 2.1154894485618145, 2.1075277924537654, 2.0985176021402534, 2.0924577514330536, 2.0856781475471724, 2.0807762164058112, 2.073078556494281, 2.066619375438402, 2.060910604216836, 2.055199633945118, 2.050965934991837, 2.044120225039395, 2.040218010996327, 2.038600269592169, 2.0306183551297035, 2.023660441239677, 2.021927565336229, 2.0173599927714383, 2.0139194410858727, 2.007452787774981, 2.006258092143321, 1.9996514609365752, 1.99693365169294, 1.99433914459113, 1.988658479668877, 1.9857824020313501, 1.9823227163517116, 1.9798555356083491, 1.9759547313054402, 1.971984273556507, 1.9673523631962864, 1.9652033845583599, 1.9642091294129687, 1.9581392840905627, 1.9548924709811362, 1.952686899539196, 1.9504116620078238, 1.9467237347906283, 1.9443256638266826], "train_acc": [21.049809906479716, 25.44354033350748, 26.6853066428926, 27.555512695704284, 28.13478298870806, 28.700929739186545, 29.119386585541157, 29.43928141333804, 29.763792349423326, 30.09726200085711, 30.39276712414405, 30.67632694240745, 30.80214259945486, 31.093256995500386, 31.325259743238167, 31.4406625904823, 31.650197711372755, 31.80335261099983, 32.0242256040202, 32.42716418264413, 32.45751946522301, 32.52155076087447, 32.760334391585204, 32.80716182848816, 32.950097061156335, 33.12224742459279, 33.28736971808435, 33.29185523723349, 33.63863659694434, 33.764396004632665, 33.955131202124676, 33.89396027086754, 34.31671114933441, 34.264366125689776, 34.36406693743834, 34.418501157447274, 34.5495549005805, 34.85010529976959, 34.82887967350575, 34.98456126718427, 35.07070930904258, 35.06757944223927, 35.278093435406944, 35.34656971400912, 35.544626268560876, 35.65465972879989, 35.706321839782916, 35.839392701906554, 35.88894507199124, 35.96427696943764], "val_loss_l1": [2.341611337661743, 2.242529535293579, 2.1847838163375854, 2.151494097709656, 2.127055311203003, 2.105215549468994, 2.095574283599853, 2.0768478393554686, 2.0656598567962647, 2.0481510877609255, 2.047738194465637, 2.0363098144531246, 2.037982320785522, 2.028452432155609, 2.02044507265091, 2.018773913383484, 2.0176062464714053, 2.0129109859466547, 2.0142558813095093, 2.006558132171631, 1.9971745371818543, 1.9948262691497802, 1.99863121509552, 1.9881367683410645, 1.9904890775680542, 1.9913723707199096, 1.9837524414062502, 1.9852556347846986, 1.9810482025146483, 1.980647039413452, 1.9855446577072144, 1.9855924248695374, 1.9836419343948364, 1.9691437125205995, 1.9709607124328616, 1.9793845415115356, 1.9782533407211305, 1.9763609528541566, 1.9720546126365661, 1.9724135160446168, 1.969890010356903, 1.9749543547630308, 1.9743765473365782, 1.972672462463379, 1.9669957756996153, 1.9728941321372986, 1.972453260421753, 1.9695258021354676, 1.970205843448639, 1.9666363954544068], "val_acc_l1": [26.465752214827162, 28.23072006394009, 29.325652308028044, 30.139706507446558, 31.148444252264838, 31.687345162188166, 31.76515989901354, 32.19220186418542, 32.188281308270795, 32.62047175582534, 32.75670446390234, 33.03312223334911, 33.19079273848948, 32.96488941870905, 33.284948742673656, 33.621822376749364, 33.51730591949846, 33.60692890804476, 33.607506708897226, 34.04166435734462, 34.239292952766384, 34.12819648425586, 34.19654040043397, 34.238809013165344, 34.03728138734591, 34.19267178524141, 34.52783135815696, 34.2082127725755, 34.44421581578237, 34.63315247490245, 34.2768665598951, 34.76249104669289, 34.54187777241237, 34.59609930447472, 34.70215763438668, 34.5648276368317, 34.35909594567456, 35.007034970763826, 34.796791828782474, 34.36672945849408, 34.663625319077966, 34.573540629794486, 34.79118703092125, 34.91495779903226, 35.00134167096762, 34.87571051274369, 34.7449118690765, 34.758491650926736, 34.988057137074364, 34.97880282633621], "val_loss_l2": [2.43286805152893, 2.3129691123962406, 2.279112219810486, 2.2337359428405765, 2.20560371875763, 2.1822842121124264, 2.1680732011795047, 2.156663107872009, 2.1517536163330075, 2.1499131441116335, 2.1295873880386353, 2.138289546966553, 2.1122171878814697, 2.111985969543457, 2.1170055866241455, 2.102064299583435, 2.0957407951354985, 2.091451573371887, 2.080616331100464, 2.0814292430877686, 2.0894559860229496, 2.0851373195648195, 2.0699716806411743, 2.07823383808136, 2.0715630769729616, 2.0627987384796143, 2.0665527820587157, 2.057465958595276, 2.055911731719971, 2.063471531867981, 2.0470633029937746, 2.044684493541717, 2.053481554985046, 2.059867262840271, 2.055267834663391, 2.046823906898498, 2.0405220389366145, 2.042639577388763, 2.0409951329231264, 2.041444373130798, 2.0491796612739566, 2.036457121372223, 2.0453688979148863, 2.044009840488434, 2.051859521865845, 2.038750374317169, 2.038211846351624, 2.0388861894607544, 2.03967490196228, 2.0436971068382266], "val_acc_l2": [25.31733566806082, 25.750190790133775, 27.08850084691863, 27.811310965671083, 28.300208526896675, 28.688813764025564, 28.961979031692003, 29.52953373047682, 29.44045462822896, 29.58087412239694, 30.335693224906503, 30.356628956703975, 30.72357231230421, 30.730212114256858, 30.636604131297545, 30.729065938659822, 30.9491740195141, 30.955672765636947, 31.05138015760971, 31.17727431830051, 30.988327460299807, 31.09267303424545, 31.727265357790667, 31.3193926688548, 31.738154505368463, 31.834002946962737, 31.902858047441093, 31.82907942097369, 32.22010898815976, 32.08621637322853, 32.232676456643205, 32.54321826362283, 32.16725586420647, 32.436195566540135, 32.77740265738903, 32.78334448124069, 32.728776646738666, 32.55957451523031, 32.757100499147526, 32.557882882236306, 32.60085787333267, 33.12279793478026, 33.126175007259505, 33.16392669184316, 32.618658913978, 32.87780697690664, 32.89370332026026, 33.10014468836134, 32.90947806920882, 32.95616925704915], "test_loss_l1": 1.9851315498352051, "test_acc_l1": 35.10896893883111, "test_loss_l2": 2.0303454399108887, "test_acc_l2": 34.14756063818673}