{"epoch_idx": 50, "model_save_file": "models/ESEU_60-40/ESEU_60-40_4.pt", "best_joint_acc": 35.033241979332644, "best_joint_loss": 2.012867641448975, "best_epoch_idx_loss": 17, "best_epoch_idx_acc": 37, "run_time": "735s", "train_loss": [2.4272629580366516, 2.1862554856396588, 2.120014110836416, 2.078809868851933, 2.047535286584032, 2.021604965039349, 2.000170257113393, 1.978734202888033, 1.9599448179979952, 1.94258540814076, 1.925886935597166, 1.9100338231532943, 1.8945277825408031, 1.8806788090172162, 1.8658912816178899, 1.853085260872447, 1.8400005080284332, 1.8268213583788746, 1.815304830533649, 1.803494881599321, 1.7929866581881801, 1.7823845355882548, 1.7719801598732625, 1.7622134455847087, 1.7531440815794355, 1.744225423817241, 1.734569319891273, 1.726832833858805, 1.7178539661092493, 1.7114457985676756, 1.7028932505791339, 1.695780488329196, 1.68872154524567, 1.6816773163069272, 1.6755512460656117, 1.6686872993040516, 1.662265872189758, 1.6560379441725006, 1.6500030788806606, 1.6448822830795158, 1.6397815718563324, 1.6343115841576803, 1.629525228924708, 1.6250287392817502, 1.619633906478182, 1.6141304286248093, 1.6096078698788219, 1.6064165218160786, 1.601070343901259, 1.5977538594412146], "train_acc": [24.667057479805663, 29.117662483129937, 30.705612774288156, 31.706098180352615, 32.641822449450565, 33.37503889656411, 33.956254842038156, 34.72330499050039, 35.21896354600546, 35.84289816489254, 36.32310168102918, 37.02179327300714, 37.47085994728445, 37.99020010580243, 38.413956313063856, 38.90592127723893, 39.27846821975862, 39.74604373410751, 40.120687663686866, 40.484720946778474, 40.96412562600522, 41.19650799154126, 41.52276903255568, 41.93838058237208, 42.20550764082985, 42.44611111662022, 42.70715788959525, 42.97614462551684, 43.282343776039646, 43.618617234584704, 43.86145047130665, 44.06698888612765, 44.34948464606013, 44.514135282127484, 44.727419863719796, 44.99752484827366, 45.175829423174825, 45.45724953127637, 45.58591727789874, 45.64186607314678, 45.858614513021486, 46.06360935360459, 46.12815119573068, 46.40415649295819, 46.53536680363612, 46.6390268486376, 46.929815050368475, 46.86716258652646, 47.10952428487201, 47.26735480620282], "val_loss_l1": [2.21998074054718, 2.1194550514221193, 2.10054612159729, 2.063693106174469, 2.0490453243255615, 2.0298612236976625, 2.0219667077064516, 2.014045107364655, 2.017125821113586, 2.0076690316200256, 2.0033246874809265, 1.9986741185188293, 2.0014900326728817, 1.9990825414657591, 1.999070560932159, 2.0049713134765623, 1.9874231576919557, 1.9960371732711792, 1.9969719529151921, 1.9974429249763488, 2.002489447593689, 1.9980820894241333, 2.0145891070365907, 2.0098841071128843, 2.0188530683517456, 2.0204965353012083, 2.0270179390907286, 2.02965544462204, 2.0314665079116825, 2.043212747573852, 2.0380812287330627, 2.0492618799209597, 2.0429821372032166, 2.0599387526512145, 2.059765040874481, 2.0656821846961977, 2.071946001052856, 2.083542251586914, 2.0844067215919493, 2.0866854548454286, 2.095643734931946, 2.092106795310974, 2.0965593814849854, 2.109159553050995, 2.106818377971649, 2.119839584827423, 2.120988154411316, 2.1292921066284176, 2.12580349445343, 2.134444260597229], "val_acc_l1": [29.526116574884384, 31.93370088943839, 31.658837700147618, 33.239170510267655, 33.55829498816564, 33.92511450160629, 33.680774917177864, 33.82947797446696, 33.70754612067845, 33.96060304753659, 34.06543602968048, 34.325901292823815, 33.15542327724587, 34.127924340972044, 34.35119067963962, 34.02278496355848, 35.35574015517118, 34.80064461680808, 35.135560116675656, 35.053901531646105, 34.90016746557875, 34.984015353120085, 34.962512839572554, 35.26640973661679, 34.83561601565383, 34.85892936865935, 34.820875743972024, 35.21138047972277, 34.94974631751566, 34.74064444515233, 35.50077665578246, 34.780285520684515, 35.12295908111369, 35.40189399604853, 35.466943885975795, 34.83287070204872, 35.51898886378788, 35.11029839656949, 35.53071205692829, 34.964485871669645, 35.16602215713928, 35.380491315055494, 35.27336940347013, 34.86541478408797, 34.823777183306305, 34.69525243438498, 34.98885138674301, 34.919629624208355, 34.96924597593012, 34.800062194053844], "val_loss_l2": [2.2891629457473757, 2.2132702350616458, 2.1441806077957155, 2.1317022562026975, 2.1078569412231447, 2.100449228286743, 2.0767217874526978, 2.067724823951721, 2.055808281898498, 2.0415497422218323, 2.0501631021499636, 2.046221673488617, 2.0367085814476016, 2.038250505924225, 2.0375941514968874, 2.021419715881348, 2.0383121252059935, 2.037094497680664, 2.029776668548584, 2.04067440032959, 2.036855471134186, 2.0363505363464354, 2.032772183418274, 2.0389670848846437, 2.0321495294570924, 2.0454904794692994, 2.052501237392425, 2.0380092263221736, 2.058637094497681, 2.047551023960114, 2.0688941240310665, 2.0667724609374996, 2.07345620393753, 2.0674580931663513, 2.074109899997711, 2.076759707927703, 2.085217571258545, 2.081954205036163, 2.094788372516632, 2.095313477516174, 2.1091506958007815, 2.115599906444549, 2.10847977399826, 2.1231645822525027, 2.1295941829681397, 2.1287485241889956, 2.1461126089096068, 2.139121246337891, 2.1514764547348015, 2.151337361335754], "val_acc_l2": [25.395426352278346, 28.403000864295446, 29.327097411169333, 29.759360002103616, 30.517673455868337, 31.231046788554735, 31.536485089944975, 32.04986100320558, 32.22314839557514, 32.652445644548756, 32.37736631945818, 32.61297575122451, 33.14542513896325, 33.18227107355223, 33.571438060734664, 32.8326611218243, 33.38681868437324, 33.85648770494361, 34.213101342009125, 33.41565825444058, 33.96747911449067, 34.0956984174406, 34.166113427861376, 34.092232023247625, 34.133613910199486, 34.79612238229713, 34.22006394361687, 34.12404536072919, 34.386282965049574, 34.31391668145832, 34.196740026906426, 33.76685581186311, 34.25734495977874, 34.449207728481, 34.214168592277545, 34.544609413185015, 34.547495094877405, 34.528552115203425, 34.36027038859619, 34.703444872617766, 34.86757728364547, 34.361536204123, 34.78626827332213, 34.873957487932806, 34.82025849335947, 34.48279170299992, 33.60618164239463, 34.27042627987122, 34.131498410073576, 35.127116896987395], "LDT_score": [58.357245337159256, 62.92785406845665, 65.19778643164584, 67.53945480631278, 68.63599098175855, 70.59335929493749, 71.858987497438, 73.07337569174011, 74.07255585160894, 75.22033203525312, 76.45009223201475, 77.01885632301702, 77.5415044066407, 78.012912482066, 79.00696864111498, 79.37077269932364, 80.05226480836237, 80.5287968846075, 81.11805697888911, 81.63045706087313, 82.0864931338389, 82.36318917811026, 82.77823324451732, 83.04980528796885, 83.51096536175446, 83.69030539044886, 83.94138143062104, 83.85939741750359, 84.13609346177495, 84.65874154539866, 84.8432055749129, 84.74072555851609, 85.0737856118057, 85.0481656077065, 85.47345767575322, 85.64254970280795, 85.673293707727, 86.1600737856118, 86.2881738061078, 86.1344537815126, 85.96536175445789, 86.22668579626973, 86.24205779872925, 86.55974584955933, 86.69809387169501, 86.64685386349662, 86.89792990366878, 86.79032588645215, 86.99528591924575, 87.02602992416479], "test_loss_l1": 2.1169116735458373, "test_acc_l1": 35.10189792789096, "test_loss_l2": 2.1503888845443724, "test_acc_l2": 34.65841805033115}