{"epoch_idx": 50, "model_save_file": "models/ESEU_60-40/ESEU_60-40_0.pt", "best_joint_acc": 35.56328842277424, "best_joint_loss": 2.006322079896927, "best_epoch_idx_loss": 15, "best_epoch_idx_acc": 43, "run_time": "793s", "train_loss": [2.4520407619826274, 2.2045066455088618, 2.131077139749441, 2.08610895576827, 2.0534557995446248, 2.027124933693388, 2.0028820497180324, 1.9820943901298242, 1.9625134200131134, 1.9437436352082351, 1.9255024708739117, 1.909328437726431, 1.8930104763136009, 1.8772023724853448, 1.8629686936325975, 1.8485192235456696, 1.8348049384738334, 1.8223440346367865, 1.8093719378523878, 1.7969037644360042, 1.7857144917916807, 1.775415971191651, 1.7641815685350954, 1.7547195406135074, 1.7445005008933743, 1.7354572114594484, 1.7265429994381887, 1.717437935531687, 1.7096269130706778, 1.701645746690418, 1.6938107494914203, 1.6864263612195987, 1.6787215208788544, 1.6720802455867105, 1.6653642534115989, 1.658331271705277, 1.6524328348833484, 1.6467618652439988, 1.6404593176797986, 1.634578735456554, 1.6293446241168796, 1.6241111235881076, 1.619056228103988, 1.6138474569408179, 1.6088180706041673, 1.60423842974759, 1.6000706662825486, 1.59535731142814, 1.5918303383599726, 1.5871559600217628], "train_acc": [24.358632165875107, 28.399700887368954, 30.428334442299494, 31.436626271710203, 32.37496370881276, 33.01646894098247, 33.78643991624038, 34.40734149159281, 35.13108915326037, 35.77899337300796, 36.41823977809955, 36.85436173074928, 37.4479866959993, 37.991125049376954, 38.36629388198734, 39.009181983000325, 39.39170025695459, 39.89427925646114, 40.28471056440776, 40.700733361578905, 41.11102799968782, 41.42113601711376, 41.787688734377355, 42.030292892618704, 42.343929539235326, 42.745099404639305, 42.97687413773742, 43.39618367813103, 43.59127520426202, 43.91360286860182, 44.106317365897915, 44.30773112212057, 44.5574398108937, 44.79397607672557, 45.03173585260285, 45.36237403151189, 45.47597130071509, 45.66577970514035, 45.775957011125705, 46.00565239889239, 46.17568998066874, 46.233034161165854, 46.491307275489575, 46.59599235797327, 46.800626634559116, 47.066155983767615, 47.087358942213356, 47.23929396433529, 47.47713207624822, 47.43325954038398], "val_loss_l1": [2.2430759906768802, 2.150367283821106, 2.0860822200775146, 2.0732010126113893, 2.0405529618263243, 2.01814661026001, 2.009273815155029, 2.0086307764053344, 1.9886136054992676, 1.9936166167259217, 1.990655779838562, 1.995580208301544, 1.990109622478485, 1.9839869499206546, 1.9856420397758483, 1.9850853443145753, 1.9893962025642395, 1.986737060546875, 1.983433222770691, 1.988304901123047, 1.992447316646576, 1.9957680821418764, 2.000036334991455, 2.011181855201721, 2.008495593070984, 2.0179798722267153, 2.013745653629303, 2.024391293525696, 2.026644563674927, 2.0274389624595646, 2.0391844511032104, 2.0388942837715143, 2.0441965341567996, 2.058402991294861, 2.0595867156982424, 2.0726294994354246, 2.0635165691375734, 2.0685824871063234, 2.086077344417572, 2.083397901058197, 2.0885169506073, 2.093790316581726, 2.0902817010879513, 2.094932210445404, 2.1104249000549316, 2.1061371803283695, 2.1135299921035764, 2.12471296787262, 2.135463333129883, 2.1347798585891726], "val_acc_l1": [27.57272365628395, 30.893515050463453, 32.75234403823201, 33.15377157024471, 33.794055024614025, 34.021698524521646, 33.78813482998085, 34.70766623473368, 34.76898999285916, 34.77042111399687, 34.60853442082686, 34.77601657698644, 34.96846933544078, 35.23999801838578, 34.87988550730366, 35.212450981268965, 35.408548455284695, 34.949105704941196, 35.664321989338305, 35.33786239868488, 35.526386813065656, 35.56742174126403, 35.42458635954944, 35.54818833268973, 35.79596375948533, 35.30638139846262, 35.712964441438345, 34.87509363365446, 35.726738539312265, 35.24374302395534, 35.7832668472344, 35.67395893980657, 35.602161364940294, 35.20705240392194, 35.50354273230176, 35.303810292026945, 35.36365400867587, 35.89443484796475, 35.565683457344136, 35.12998278435506, 34.71397665239523, 35.30487554808222, 35.90295958758597, 35.84818455733597, 35.32334502054784, 35.08828568464979, 35.16642967586192, 35.049581546599484, 34.96929176264726, 35.14144565656158], "val_loss_l2": [2.29674015045166, 2.214279532432556, 2.1752198934555054, 2.1323963880538943, 2.120409607887268, 2.1102712869644162, 2.0968310117721556, 2.0719005823135377, 2.0746277570724487, 2.047155261039734, 2.0450876712799073, 2.038485515117645, 2.0318126678466797, 2.0343538045883176, 2.0270021200180053, 2.0418561339378356, 2.028186750411987, 2.026790595054626, 2.037747025489807, 2.0422247409820558, 2.0357234477996826, 2.031482124328613, 2.0335434913635253, 2.0304385066032413, 2.050824737548828, 2.0358295917510985, 2.0519298672676083, 2.0433310866355896, 2.0544914722442624, 2.0604681253433226, 2.064188599586487, 2.0698863148689264, 2.0825883507728573, 2.077510893344879, 2.075484311580658, 2.0757291078567506, 2.0951884984970093, 2.093830060958862, 2.0945413827896115, 2.105664098262787, 2.1136477947235104, 2.1141086816787724, 2.114694690704346, 2.123736667633057, 2.1294437646865845, 2.1360071420669553, 2.139888608455658, 2.1415602445602415, 2.1250895261764526, 2.1411187887191767], "val_acc_l2": [26.267483659651305, 27.846717290736347, 28.795496253884362, 29.6849194539791, 30.254605323894324, 30.552841483341226, 31.722135347509983, 31.80097395607698, 31.926070955091276, 32.37563336783796, 32.98526856537565, 32.84745004020089, 33.70545817029735, 33.63521358939359, 33.77308856595177, 33.466534339647446, 34.391159109534755, 33.72644353495038, 34.04879039629862, 34.14333488279968, 34.64665830663476, 34.79083287464088, 34.95386469038341, 35.05050598993332, 34.47187503569916, 35.07197278020964, 34.7771278914852, 34.406587461145584, 34.629922078857845, 35.28437085971545, 34.65397301780523, 35.02582652358797, 35.10067060940829, 34.98572847394486, 35.36269601795664, 35.09444736529843, 34.72854326534767, 34.993932610295396, 35.085326213564635, 34.747929039776956, 34.36931298250888, 34.89089233489622, 35.223617257962516, 34.90991513667471, 34.855319969938606, 34.87277061367708, 34.922861038344315, 34.91720340298919, 35.003220976442904, 35.16572515602397], "LDT_score": [58.10104529616724, 62.09776593564255, 65.19778643164584, 66.86821069891371, 68.8204550112728, 70.4293912687026, 71.36708341873334, 72.9555236728838, 73.61651977864317, 75.1024800163968, 75.96331215412995, 76.93687230989957, 78.3203525312564, 78.67903258864521, 79.06845665095307, 79.68333674933388, 80.63640090182415, 80.7593769215003, 81.39987702398032, 81.80979708956754, 82.39905718384915, 82.4707931953269, 82.95757327321172, 83.11129329780694, 83.47509735601558, 83.9260094281615, 84.423037507686, 84.25906948145112, 84.46915351506456, 84.83295757327322, 85.1506456241033, 85.02254560360728, 85.4427136708342, 85.35048165607706, 85.68866571018651, 85.85775773724123, 85.84238573478171, 85.92436974789915, 86.02172576347613, 86.14982578397212, 86.61098585775774, 86.56999385119902, 86.51875384300062, 86.38040582086494, 86.74933387989341, 86.8620618979299, 86.89280590284895, 86.91330190612831, 87.1541299446608, 87.20024595203935], "test_loss_l1": 2.115493369102478, "test_acc_l1": 35.175774171078345, "test_loss_l2": 2.1271491289138793, "test_acc_l2": 35.78351441409337}