{"epoch_idx": 100, "model_save_file": "models/ESEU_60-40/ESEU_60-40_4.pt", "best_joint_acc": 36.037119378551495, "best_joint_loss": 1.9931076109409331, "best_epoch_idx_loss": 18, "best_epoch_idx_acc": 46, "run_time": "1381s", "train_loss": [2.430669005857696, 2.194097139419765, 2.127875437430285, 2.0845341655092504, 2.052993739963671, 2.0271418860199235, 2.004133087232572, 1.9843809385912141, 1.9652810681850543, 1.947964823027269, 1.931645188309731, 1.9152282274097483, 1.8997104763984674, 1.885809677456497, 1.8711962399132749, 1.8577388978879388, 1.8445103693445881, 1.8321089542240183, 1.8196570271745738, 1.807786270019111, 1.796856678407126, 1.7859564696976888, 1.7763271599734598, 1.7652566493104362, 1.7560244175272253, 1.7464693779245426, 1.7382078772291127, 1.7291281857621776, 1.7216478777587962, 1.7136063357011997, 1.7054678442281321, 1.6986623154867682, 1.6913017991485948, 1.6837475748237125, 1.6777584826180691, 1.6709891300682622, 1.6649920688856643, 1.6575035272388279, 1.6531324545177852, 1.6470161785773179, 1.64175463652392, 1.6361976752587428, 1.6303063242807296, 1.6258230898358403, 1.621108975432335, 1.6158451591062983, 1.6112033987264007, 1.6075579157663042, 1.603112349816419, 1.5992741311362029, 1.593995554184694, 1.591923926948407, 1.5875764035303657, 1.5824042285254254, 1.579546118548157, 1.5769672984376963, 1.5730422860985505, 1.569832936886253, 1.5665645610301864, 1.5638057146597348, 1.5606439441715896, 1.557088483911041, 1.553877399602067, 1.5508253290018905, 1.548625854177212, 1.5452418589810717, 1.5428251842839993, 1.5404939985056536, 1.5379443354562876, 1.5353622163107634, 1.5332299782595504, 1.5317974150727647, 1.5294109927404906, 1.5262541371747986, 1.523447023619205, 1.522675135266891, 1.5207942341445793, 1.5189513602388016, 1.5156283542650548, 1.5144111027411369, 1.5124031748246711, 1.5108289718627932, 1.5075811032855182, 1.5064033565171266, 1.506507947357422, 1.5030842817157772, 1.5026730402893975, 1.4998334777464561, 1.498580596315752, 1.4986242099639473, 1.4954353095194617, 1.4940456676920624, 1.4932396947790731, 1.491718198181292, 1.4888141570834943, 1.4889308859448924, 1.4866539994511039, 1.4857213890880616, 1.4846458888928826, 1.4834618781684734], "train_acc": [24.658160278494268, 28.54833979433351, 30.301298690586197, 31.450999452811377, 32.38667525933442, 32.993933151029836, 33.65596946871269, 34.33775437370581, 34.991940371338785, 35.534648499237946, 36.15626015557455, 36.69265075030941, 37.15913645879475, 37.675242624422964, 38.169330651486725, 38.53345182146796, 39.03194999435901, 39.456058369307364, 39.934941377204275, 40.356452500490526, 40.759829190790015, 41.086673305002336, 41.414545016960034, 41.765024681953335, 42.05072164551657, 42.33572595807848, 42.649938575567596, 42.99752068809658, 43.22046990114883, 43.39749786756642, 43.68483034088003, 44.00258275082371, 44.23725722880035, 44.35858895516463, 44.650777189738456, 44.841089654336905, 45.029862708821, 45.37096316110311, 45.3423988538064, 45.58533805699785, 45.769096967062374, 45.99323581735477, 46.26218588358102, 46.37127116550814, 46.571987467603165, 46.565005073968265, 46.76120984760021, 46.807149821347615, 47.0663796387037, 47.13969814034739, 47.30487475414001, 47.39462990132514, 47.43471353759648, 47.63369298529344, 47.74366505085247, 47.854012479425656, 47.85806945263871, 48.07588565664931, 48.08902885353116, 48.24811169629658, 48.346036494368306, 48.36801890000045, 48.42660721728455, 48.535469236028725, 48.63682114619977, 48.81932945513457, 48.957939414521846, 48.94357770717098, 48.93901936049698, 49.0354920168301, 49.13504814776137, 49.141136553217144, 49.19285413812967, 49.276271139902114, 49.372239717085016, 49.347596459165935, 49.50992037303141, 49.504088161688344, 49.68713426320722, 49.63044155796898, 49.675361269651184, 49.70086144789562, 49.76384225738726, 49.9192210889914, 49.83025686220448, 49.89120475689336, 49.95665734647701, 49.9674803890323, 50.04184046724051, 50.04017813007082, 50.0723325821007, 50.08006628605781, 50.200162383389745, 50.31802056374902, 50.29888929032641, 50.255822144170146, 50.44128772481987, 50.50438993093099, 50.45989863708487, 50.49753352570021], "val_loss_l1": [2.228262782096863, 2.125951552391052, 2.0834769010543823, 2.0578059911727906, 2.0358975768089294, 2.0240269780158995, 2.0098525285720825, 1.997957682609558, 1.9887691974639892, 1.992194414138794, 1.9910299181938171, 1.992165172100067, 1.9777331113815306, 1.9759847044944763, 1.9689175963401793, 1.9734538674354554, 1.972297501564026, 1.9707796692848205, 1.9761765003204346, 1.9724543571472166, 1.97856867313385, 1.981313669681549, 1.975781571865082, 1.9861120104789736, 1.9846136212348937, 1.9968670248985292, 1.988461410999298, 1.997330927848816, 1.9946662068367005, 2.0088910460472107, 2.007952332496643, 2.006532537937164, 2.0160969614982607, 2.010680270195007, 2.03301944732666, 2.0274394869804384, 2.033036696910858, 2.031646347045898, 2.03836635351181, 2.048140597343445, 2.0504826545715336, 2.0529204964637757, 2.0537885785102845, 2.061753582954407, 2.067719602584839, 2.0772588610649105, 2.08239324092865, 2.0811404824256896, 2.0853461623191833, 2.096350908279419, 2.0986647605895996, 2.1017440795898437, 2.1039774775505067, 2.1130620598793035, 2.12654333114624, 2.125543808937073, 2.1271201848983767, 2.1285701274871824, 2.139245057106018, 2.148913431167603, 2.1490664005279543, 2.153092575073242, 2.1618140935897827, 2.1628599405288695, 2.163560914993286, 2.1650516033172607, 2.172733688354492, 2.1803434610366823, 2.1802347183227537, 2.1842016220092773, 2.1936693668365477, 2.1853155851364137, 2.1934520721435544, 2.2053304433822634, 2.196927046775818, 2.210358738899231, 2.211524319648743, 2.2153480052948, 2.221263384819031, 2.230303168296814, 2.2254783630371096, 2.22612407207489, 2.231193423271179, 2.2390382528305053, 2.2330507040023804, 2.249802136421204, 2.240799403190613, 2.256844282150268, 2.254611468315124, 2.252340364456177, 2.2528608083724975, 2.2644007205963135, 2.261563730239868, 2.2726772308349608, 2.2739916086196903, 2.2623068571090696, 2.274770212173462, 2.2714439868927, 2.2806249618530274, 2.2865500450134277],