{"epoch_idx": 100, "model_save_file": "models/ESEU_60-40/ESEU_60-40_9.pt", "best_joint_acc": 35.945149511150774, "best_joint_loss": 1.9931013345718382, "best_epoch_idx_loss": 19, "best_epoch_idx_acc": 48, "run_time": "1381s", "train_loss": [2.4605469255272414, 2.210843149675143, 2.137798254643012, 2.092636887086641, 2.061266114405537, 2.0335999781932297, 2.0116698621609874, 1.9898988003030833, 1.970658906009219, 1.9528243465161108, 1.9354966632816775, 1.9183557367106097, 1.902076938283553, 1.8882855991704746, 1.8738017421249946, 1.858879326680385, 1.8457847532876044, 1.8336113942872496, 1.8210071910411947, 1.8095231553830142, 1.7982807143018886, 1.786575281838758, 1.7765912894808926, 1.7665145337034807, 1.756085221373707, 1.746648250369851, 1.7384958824980148, 1.7294935436423764, 1.7203540380941615, 1.7126698936891116, 1.704662822802133, 1.6968618713387642, 1.6895942502065533, 1.6823148929744687, 1.6750102190796385, 1.6686953092933787, 1.6618951291119282, 1.6558029777413112, 1.6506963071473153, 1.6449164545864141, 1.6384948459240274, 1.6335908327627624, 1.6280452625467143, 1.6234665923162332, 1.6190662176237196, 1.6133914507857163, 1.6093889436590572, 1.6047704870547723, 1.6007757208762912, 1.596194355312837, 1.5929878151744872, 1.5885719924891766, 1.5839620440378088, 1.58163571357727, 1.578021526336671, 1.5738309107789206, 1.5705082903214556, 1.567161097985888, 1.564828843698589, 1.5608914964789642, 1.558164086363731, 1.5565277523950696, 1.5522702298033126, 1.5499111665498226, 1.5478961620855773, 1.544402859079728, 1.54246633971503, 1.5394523471867263, 1.5376494494053208, 1.5350029156842364, 1.5319990701631678, 1.5294854619087421, 1.527428402266372, 1.5266485864963006, 1.523534336221327, 1.5214083041619826, 1.520259650475389, 1.5174278288806258, 1.5144559943347902, 1.5125448725639128, 1.5121015512615166, 1.510068207158955, 1.508693873335463, 1.5064680811462052, 1.504782580454416, 1.5021401594538208, 1.5011365730828101, 1.4984851304544227, 1.498254110506915, 1.4970509710661861, 1.494383236683837, 1.4935943894430037, 1.4920348475832466, 1.4903180703110646, 1.488938823752447, 1.486808173700211, 1.4857096201782927, 1.48421133330109, 1.4828766403941933, 1.480893587300537], "train_acc": [23.96336070972405, 28.69471262262926, 30.21284212799381, 31.191032183540997, 32.03596918922023, 32.72943138556234, 33.46646895806742, 34.117519896810606, 34.939556438661036, 35.45539515486938, 36.099946978806024, 36.70442948711971, 37.22140932114681, 37.59572359620219, 38.17963461583167, 38.656827752001746, 39.11213993254969, 39.48291803324911, 39.94661777330055, 40.42116131165347, 40.75561877859561, 41.077935183138884, 41.39867563602404, 41.83933668996141, 42.214428645834765, 42.46514501613597, 42.6766161019808, 43.12851287056401, 43.335637960541426, 43.640249825570855, 43.812090312463155, 44.14169197486194, 44.34207088247045, 44.55302151032882, 44.80220786969478, 45.072351020242635, 45.14498578734788, 45.34447382606719, 45.531731648808204, 45.75608481260339, 45.94153333839746, 46.14005743892313, 46.257995261597735, 46.446817889752744, 46.5592025837701, 46.738737896234205, 46.82110084917336, 46.96764505646719, 47.06518460990442, 47.25161242469026, 47.343848230618576, 47.489207163772356, 47.70479622660492, 47.74645147923171, 47.81515720984927, 47.97636742315894, 48.01719060937873, 48.220338110309775, 48.210468577857554, 48.27510002323355, 48.40084359760768, 48.430859556824466, 48.636389474532194, 48.59361846962773, 48.6746753796037, 48.85797750140654, 48.854253430353424, 48.99520972588401, 48.99769746256662, 48.98785668522945, 49.117390714250845, 49.280338386703235, 49.295274924672796, 49.26323526593703, 49.42818901049504, 49.58705706573741, 49.45476467948684, 49.56943736381456, 49.74086294760635, 49.70410992223644, 49.62720891898087, 49.731142442166586, 49.822052319004555, 49.85091885522323, 49.83012002924852, 49.93746505939355, 50.01682184108392, 50.08234976578919, 50.07529108934844, 50.1188174126021, 50.260018731653076, 50.217055852574724, 50.31112296322152, 50.30924153872237, 50.310476176500664, 50.43158147145298, 50.32898949106572, 50.47483508124316, 50.65282538156604, 50.63765696498485], "val_loss_l1": [2.241530752182007, 2.1432935953140255, 2.1018200397491458, 2.061758351325989, 2.0434955954551692, 2.0243357062339786, 2.015359795093536, 2.0060445904731754, 1.9908917427062987, 1.987195074558258, 1.9829842686653139, 1.9910588979721067, 1.9853333830833437, 1.983575963973999, 1.9778460144996644, 1.9800700545310976, 1.9804426670074464, 1.9780557751655579, 1.9915881752967834, 1.9832635045051576, 1.9896876215934753, 1.9893412351608277, 1.9875332117080688, 1.9905652403831482, 2.000590991973877, 2.0013909339904785, 1.9981105208396914, 2.0108502030372617, 2.00731874704361, 2.021700751781464, 2.024593031406403, 2.0217418670654297, 2.023452270030975, 2.0256963968276978, 2.043065500259399, 2.040149056911468, 2.0442405462265016, 2.056553840637207, 2.0504348278045654, 2.056957459449768, 2.0621145486831667, 2.0691964626312256, 2.0769980788230895, 2.081365728378296, 2.0841023206710814, 2.089770698547363, 2.0831063032150263, 2.095794916152954, 2.1015959501266477, 2.112696218490601, 2.1080558419227597, 2.1139469146728516, 2.1114378213882445, 2.1249851465225222, 2.121026873588562, 2.1236071348190304, 2.128021717071533, 2.137113523483276, 2.141924667358398, 2.146117627620697, 2.149868750572205, 2.150867223739624, 2.1659639596939084, 2.1614065170288086, 2.1684213876724243, 2.1696330070495606, 2.171541023254395, 2.1739441633224486, 2.1828865289688113, 2.1800254583358765, 2.188700294494629, 2.19170937538147, 2.183338069915772, 2.188200545310974, 2.2020628213882443, 2.2119023323059084, 2.2156416416168216, 2.213607144355774, 2.219802141189575, 2.2172820806503295, 2.2237043619155883, 2.219699358940124, 2.234301805496216, 2.23881995677948, 2.2409228086471558, 2.244740629196167, 2.2435039997100827, 2.241674542427063, 2.2492696285247806, 2.2595646142959596, 2.253105068206787, 2.2598629951477047, 2.2689105510711673, 2.2695885658264165, 2.2684022903442385, 2.267604565620423, 2.2773146629333496, 2.278898572921753, 2.280232381820679, 2.2886109590530395],