{"epoch_idx": 100, "model_save_file": "models/ESEU_60-40/ESEU_60-40_5.pt", "best_joint_acc": 36.149981973802404, "best_joint_loss": 1.992129385471344, "best_epoch_idx_loss": 17, "best_epoch_idx_acc": 46, "run_time": "1380s", "train_loss": [2.4505021845528834, 2.202261158085745, 2.12991089995848, 2.083721291034594, 2.0506854352601094, 2.0251533700785496, 2.0009848256723592, 1.9811637882792617, 1.9611643766044484, 1.94282728433609, 1.9265379265907707, 1.9099426488263875, 1.8940821475938918, 1.8796001093103254, 1.865607517028074, 1.8516068075775007, 1.8386696812209735, 1.826414201784572, 1.8144518815049338, 1.8030758379796228, 1.7913723276295799, 1.7813155612814313, 1.7713181967035345, 1.7614089256032888, 1.7519175618066702, 1.7433869532488904, 1.7344204657668372, 1.7266119860727855, 1.7179022021249897, 1.7098710881460695, 1.7029496896157565, 1.69513917188032, 1.687576608920316, 1.6819843316296919, 1.6747529807440726, 1.6682652125664803, 1.6623227459575056, 1.6568428452955464, 1.6501369148219405, 1.6454268125219085, 1.6400619717912932, 1.634277680598268, 1.629390207452512, 1.624362410208501, 1.6193172702001875, 1.6147916491972194, 1.6100370457413002, 1.6065003724273192, 1.6019792961418085, 1.5977852273424828, 1.594670318682259, 1.5909975089064423, 1.5865672400238313, 1.5828742007596777, 1.579744117522458, 1.5765388225196697, 1.5729760582293941, 1.5686866859777258, 1.5665316756712182, 1.5625468678430678, 1.5613656093221193, 1.5578844645701426, 1.5547281235729886, 1.552425654109465, 1.5499483199294548, 1.5472776468740692, 1.5448058548323607, 1.5411127444800983, 1.540164401224995, 1.5372061636469772, 1.534907825496219, 1.5332356532779314, 1.5301011543755139, 1.5279185914118358, 1.5259169148742602, 1.52337045243027, 1.522266269276995, 1.519247919594476, 1.5184994192298393, 1.5167999404286017, 1.5138844410213859, 1.512305954727558, 1.5111762575053298, 1.5093760178723463, 1.506417229088075, 1.5064554826928929, 1.5045193636089291, 1.5025237279200778, 1.5006610341028332, 1.4986674173162629, 1.4984820846023905, 1.4957025242508015, 1.4948646059823687, 1.4935738892730217, 1.491953365846511, 1.4902949502708724, 1.488406324058497, 1.4874457181046854, 1.487990372771516, 1.4852881852639923], "train_acc": [24.31851316893692, 28.830713073656337, 30.55015748867736, 31.66997456836622, 32.51384330172179, 33.22715888613438, 33.95948045751875, 34.643087444853364, 35.150084317383005, 35.84379469962417, 36.379698666961225, 36.98976462037022, 37.443696344707305, 37.96481048176734, 38.36574106130164, 38.921367434686495, 39.2979589254573, 39.60358467412234, 40.17946870371126, 40.53788651764537, 40.88876266922755, 41.291146280124806, 41.60465777604621, 41.968041877554576, 42.275986432267835, 42.52389272577132, 42.790396631443784, 43.07674866718593, 43.34741093794992, 43.61045328183611, 43.88704926090046, 44.03885193144198, 44.41301764448879, 44.483083391901616, 44.77453353875807, 44.85863759311502, 45.158528273371225, 45.33487456421211, 45.52396015599202, 45.67146418870071, 45.84355395554256, 46.06437655747102, 46.25315786607334, 46.43251582507809, 46.51693361169948, 46.74595911008447, 46.83288775478284, 46.92790848557238, 47.12146233699801, 47.20857570958608, 47.308071397262275, 47.409458440504444, 47.565061789385204, 47.7194820735044, 47.67425205482698, 47.77588041707139, 47.88504570826096, 48.196152801164416, 48.067327521408444, 48.33571015798968, 48.34566135700559, 48.438992081867546, 48.42290175044977, 48.59071731580619, 48.538651815949365, 48.63934551080875, 48.8172506483227, 48.90008181534989, 48.89955635282786, 49.011984268893364, 49.00408048426551, 49.105720552551475, 49.1304129327712, 49.22253640519848, 49.22354202404764, 49.451183777133515, 49.36538041739257, 49.50375045013485, 49.47218009368862, 49.527619501922175, 49.61545425473354, 49.76468793779944, 49.69509402216573, 49.76675881819481, 49.858883905817365, 49.93432055826127, 49.81829193711055, 50.06097926267118, 50.06401506341056, 50.107557859647606, 50.07160901434684, 50.171505581259716, 50.31356984685269, 50.21813243512074, 50.28680239954301, 50.285148721329044, 50.34588134448407, 50.32169905082676, 50.32904257881554, 50.34645952248753], "val_loss_l1": [2.2228252172470095, 2.1287331581115723, 2.086743402481079, 2.055737328529358, 2.0340276241302493, 2.0129700660705567, 2.0096601366996762, 1.99491457939148, 1.9939573287963865, 1.9900068163871767, 1.9766745448112488, 1.9784106135368347, 1.973653757572174, 1.9729984760284422, 1.9726401209831237, 1.9756392359733583, 1.9731758594512938, 1.9735127091407776, 1.9732015132904053, 1.9683988451957701, 1.9726882457733155, 1.984021294116974, 1.9851800441741945, 1.988482129573822, 1.9846253156661986, 1.9948370218276978, 2.002238583564758, 1.9978564262390137, 2.0125825285911563, 2.01055109500885, 2.0094101786613465, 2.020287299156189, 2.0270271539688114, 2.023572111129761, 2.0337769985198975, 2.0394927620887753, 2.034912919998169, 2.0432870388031006, 2.0437204718589785, 2.0565359592437744, 2.0632318019866944, 2.0563331127166746, 2.058618879318238, 2.0793290376663207, 2.0773745656013487, 2.0816421389579767, 2.0806027173995973, 2.0923619985580446, 2.08813955783844, 2.1021677970886232, 2.107833182811737, 2.1050804853439327, 2.1098603248596195, 2.1200324773788455, 2.114803159236908, 2.127328228950501, 2.1408967733383175, 2.139294147491455, 2.142812633514404, 2.1455212473869323, 2.1440006256103517, 2.1593180656433106, 2.159668278694153, 2.165930652618408, 2.1614710092544556, 2.172501802444458, 2.1689518690109253, 2.176446032524109, 2.1779896378517156, 2.187448239326477, 2.189140820503235, 2.1915203332901, 2.204970955848694, 2.2030041217803955, 2.2010202646255497, 2.205887794494629, 2.203007435798645, 2.219692897796631, 2.2165276527404787, 2.2240218639373777, 2.221180486679077, 2.2297176361083983, 2.2327155590057375, 2.24747462272644, 2.247475028038025, 2.2481070518493653, 2.256660890579224, 2.2508737325668333, 2.257107162475586, 2.255667448043823, 2.257411980628967, 2.2633617639541628, 2.264174175262451, 2.273892045021057, 2.280263662338257, 2.2789027452468877, 2.279570603370667, 2.285948133468628, 2.2895458221435545, 2.2843602180480955],