{"epoch_idx": 100, "model_save_file": "models/ESEU_60-40/ESEU_60-40_7.pt", "best_joint_acc": 35.67258840664719, "best_joint_loss": 1.9975432336330412, "best_epoch_idx_loss": 18, "best_epoch_idx_acc": 31, "run_time": "1383s", "train_loss": [2.4583817545427094, 2.197733724882844, 2.1276637250130315, 2.0840547117618247, 2.0529942091451883, 2.0278033236844792, 2.0054583746358885, 1.9864421218907071, 1.9677227833949105, 1.9499251733132454, 1.933963815006642, 1.917625570515974, 1.9025354111960178, 1.88832193831785, 1.874757053655223, 1.8610474100900356, 1.84865427728093, 1.8372094385120852, 1.8244700590404899, 1.8131075359265745, 1.8025410404992757, 1.791943136158339, 1.7824060326322506, 1.7726765061737195, 1.763005014953263, 1.7536238524891918, 1.7455415211686305, 1.7376474273314166, 1.7279264073853098, 1.7202987829479601, 1.7132907865244313, 1.7047604240408734, 1.698479268529, 1.6907034942863186, 1.6839247149064995, 1.6773893783945562, 1.6717311750858193, 1.6659169563459695, 1.6596882769820893, 1.653705640123525, 1.6483277481630303, 1.6427860079555343, 1.6374153910426925, 1.6336033617684602, 1.6284384027533576, 1.6243329786379408, 1.6184611522823298, 1.614223423354123, 1.6096941888879202, 1.605629640981691, 1.601854203491036, 1.5976899173281611, 1.5937573073107165, 1.5913122591622382, 1.5871060435925055, 1.5825685470476065, 1.580350791642426, 1.5761596483921785, 1.5740453989133927, 1.5693042086898732, 1.5671273770682306, 1.5638363448851695, 1.5604887183653104, 1.5585132656841105, 1.555914339122422, 1.5528807514304415, 1.5500208691719473, 1.5476771560283973, 1.5444286985134863, 1.5419329896979383, 1.5394569498683337, 1.5380255158888088, 1.5348875320285835, 1.532965345667043, 1.5310000913952473, 1.5290031077664925, 1.5250728923246408, 1.524817613286709, 1.5226175172613305, 1.5207724057206322, 1.5189420723040163, 1.5176524645691616, 1.515342132760844, 1.513944191123366, 1.5125774976310378, 1.5098038168128476, 1.5077826588525685, 1.506426425701981, 1.5048279209968147, 1.503241820072909, 1.5017122243522516, 1.4994427003991708, 1.4981226565641008, 1.4967892153547446, 1.4963787449609254, 1.4941419909853457, 1.4919212930793064, 1.4909079687311018, 1.4900514549071624, 1.4891237605602365], "train_acc": [24.201934949856874, 28.817553819092364, 30.407126345553646, 31.389043639224674, 32.321790403521746, 33.151532734286114, 33.804566031412, 34.47864897415682, 35.18464408947879, 35.735534146451336, 36.15600423958372, 36.766825262854546, 37.37258679200222, 37.83152344705315, 38.26650146332883, 38.726509739338354, 39.20241615716177, 39.393736401888006, 39.911239706802874, 40.27524888380817, 40.65730031828613, 40.99831136383048, 41.29359278654382, 41.59823236388205, 41.94902473560508, 42.13484144423879, 42.542205738875744, 42.796211195798875, 43.151885507542346, 43.28019316927451, 43.6764389937428, 43.9358918441813, 44.07224640939967, 44.355104476649615, 44.61052429464968, 44.81858417112198, 44.941012696851125, 45.13061470825974, 45.41012270372823, 45.56632983241971, 45.69043625652916, 45.933009374440594, 46.12435151377035, 46.38687069838068, 46.3948587406102, 46.64765388298292, 46.74631353150788, 46.818151095462454, 47.02497643850654, 47.1702209562345, 47.33124515568492, 47.40931876007393, 47.461857435696835, 47.516749700829386, 47.77649029503946, 47.77636362427261, 47.84518106358534, 48.061510476800464, 48.065565456237415, 48.22285059370497, 48.27654839810592, 48.46585780092557, 48.53976603578863, 48.60944502999576, 48.57403468587938, 48.759376693332534, 48.74476277046075, 48.78932646655929, 48.90501731874482, 48.98967797446245, 49.11575528881248, 49.08034704963785, 49.211682797451026, 49.30555303436677, 49.328339198988225, 49.345679919758076, 49.51941535314123, 49.397264960051885, 49.486735464333584, 49.59988493462564, 49.690416158061765, 49.64209670501767, 49.78426790252344, 49.761705738398845, 49.743747465317746, 49.96587629749317, 49.98194921332525, 50.03861785396204, 50.00723640048789, 50.11506057025735, 50.17499310205742, 50.21171008441875, 50.19973536080789, 50.1844300520448, 50.267342341410796, 50.34648865595144, 50.4579201083394, 50.48082645805787, 50.33770523627254, 50.45008699567851], "val_loss_l1": [2.223308777809143, 2.1267454862594604, 2.0886804103851317, 2.05378520488739, 2.0364923238754273, 2.0229637026786804, 2.012104022502899, 2.001180458068848, 2.006329905986786, 1.9918331503868103, 1.9931770801544189, 1.989041543006897, 1.9811646699905394, 1.9865007996559143, 1.9974205970764163, 1.9869804978370667, 1.9882490396499635, 1.9933060526847837, 1.985946583747864, 1.9947555899620055, 1.985395073890686, 1.995102059841156, 1.9987712860107423, 1.9984195709228514, 2.0012723922729494, 2.0046346902847287, 2.0079087734222414, 2.0168094992637635, 2.018249583244324, 2.0139071822166446, 2.0226122140884404, 2.0220632672309877, 2.031643950939179, 2.037085461616516, 2.0408203244209293, 2.047879195213318, 2.0504349708557132, 2.0635363817214962, 2.050050222873688, 2.0639912366867064, 2.0722794890403744, 2.0813552141189575, 2.083844196796418, 2.08586483001709, 2.085729718208313, 2.0930703997612, 2.101542520523071, 2.110457849502563, 2.1131819248199464, 2.1083524227142334, 2.123060154914856, 2.126103401184082, 2.1230593442916867, 2.1263242721557614, 2.1417973279953006, 2.144597625732422, 2.153111791610718, 2.1495097160339354, 2.150191807746887, 2.1515103101730344, 2.1613899946212767, 2.161543273925781, 2.160427188873291, 2.169718885421753, 2.180673837661743, 2.1842612266540526, 2.1903180122375487, 2.188731455802918, 2.193555474281311, 2.198529863357544, 2.20145525932312, 2.2087732553482056, 2.2076595306396487, 2.2150313377380373, 2.2190435409545897, 2.224068212509155, 2.2259573698043824, 2.2292516469955443, 2.2307363986968998, 2.2362964391708373, 2.2410973787307737, 2.2453227281570434, 2.2439505100250243, 2.260842633247375, 2.2634428977966308, 2.2579699516296388, 2.262237858772278, 2.265969729423523, 2.282190465927124, 2.2790113449096676, 2.2700225830078122, 2.2859329223632816, 2.2858389616012573, 2.289742684364319, 2.2941526889801027, 2.2837088346481322, 2.298582291603088, 2.3067793130874636, 2.304149293899536, 2.3016390800476074],