{"epoch_idx": 50, "model_save_file": "models/ESEU_60-40/ESEU_60-40_0.pt", "best_joint_acc": 35.499965019689895, "best_joint_loss": 2.0008693814277647, "best_epoch_idx_loss": 16, "best_epoch_idx_acc": 27, "run_time": "747s", "train_loss": [2.4428768956333133, 2.2005874213822394, 2.128547917812241, 2.0852313380722616, 2.054697097441471, 2.0292780289956194, 2.0067335257836425, 1.9866095234494678, 1.9674223344260406, 1.9490406556960644, 1.9323042740515606, 1.9163965735960442, 1.9008568968247934, 1.8864697491357099, 1.8720070107267537, 1.857439305804191, 1.8448354563581837, 1.8328144812802665, 1.820494576878505, 1.8091154935163092, 1.7976348673531768, 1.7869101576848863, 1.77751979915374, 1.7668915806560348, 1.7585126560762392, 1.7482877133089463, 1.741163520091171, 1.732412935943778, 1.7242308176985572, 1.7159954561006043, 1.709081448546244, 1.701686756326517, 1.6953543971437937, 1.6873016346485246, 1.6814119028388905, 1.6756750930339925, 1.6691261065115628, 1.6618131295256657, 1.656582757967328, 1.6510200653601133, 1.6467591453036037, 1.64180432164341, 1.6361662767349048, 1.6318571747989827, 1.6261163835131798, 1.6217469135555656, 1.6169552135905, 1.6137453142656102, 1.609076888736235, 1.6031389449714526], "train_acc": [24.448444368962626, 28.542917584767636, 30.490443351432294, 31.573261931640868, 32.32181884570446, 33.15579529254439, 33.836667405933426, 34.362200562665016, 35.10062122055232, 35.78625331163156, 36.33129328378738, 36.78549401084963, 37.33665558164378, 37.78893193073613, 38.33315613431242, 38.87919125623329, 39.31644471518314, 39.629390686584536, 40.11969265388137, 40.445083533910875, 40.81304566282045, 41.27960948063967, 41.487146784357776, 41.906315045347945, 42.20060004109908, 42.45167208602382, 42.6829043561022, 43.0136836460272, 43.33763793420192, 43.55621616009952, 43.73941468138443, 44.008401959810904, 44.25653401662999, 44.52699447957413, 44.64383276476542, 44.848344450344406, 45.108437136234066, 45.35910389517804, 45.482224317238014, 45.67183221152838, 45.68687661697187, 45.88730822830881, 46.15468483734787, 46.162412632893755, 46.454654571787586, 46.62385226098493, 46.623671936219765, 46.767667731561225, 47.00471824020337, 47.17203659355736], "val_loss_l1": [2.220656156539917, 2.1240771532058718, 2.0765402555465697, 2.05392107963562, 2.045352351665497, 2.0276816964149473, 2.019121241569519, 2.020025932788849, 1.999288368225098, 2.0030454635620116, 1.997106695175171, 1.9942969083786009, 1.9860928773880007, 1.9786705136299134, 1.9831937074661254, 1.9815587759017943, 1.9974832296371459, 1.9858345627784728, 1.995763337612152, 1.9957375884056092, 1.99792537689209, 1.9955291509628297, 1.9969487309455871, 2.0057281494140624, 2.007637822628021, 2.0101364612579347, 2.0054790139198304, 2.016012454032898, 2.015212094783783, 2.023436963558197, 2.0299174666404722, 2.025013816356659, 2.0332268834114076, 2.0486318349838255, 2.0417340278625487, 2.0507377505302435, 2.0549143075942995, 2.0645595431327823, 2.0635186791419984, 2.0708460807800297, 2.073867344856262, 2.0815348386764527, 2.085381674766541, 2.077609848976136, 2.1014324903488157, 2.0964128375053406, 2.092839312553406, 2.103680682182312, 2.107388687133789, 2.124448823928833], "val_acc_l1": [27.50527284775071, 30.591917477029444, 32.2319173195404, 32.90774051153604, 33.02067592832512, 33.86847201989629, 33.86753869302106, 33.814203195867385, 34.52058690526998, 34.90914293453967, 34.13063670295369, 34.88858883102812, 35.08074596052763, 34.97299983436324, 35.310721350224725, 35.183597553833216, 34.53309930471581, 35.310918292710525, 35.70553965085776, 35.074732283957765, 35.06332045822651, 35.14164522170326, 35.13297899298363, 35.33012031048318, 35.44799199075848, 35.0963671311641, 35.88301175771229, 35.240586911650865, 35.58396864628847, 35.448170952739176, 35.01325423315261, 35.64883650464669, 35.20826005224683, 34.81645565869975, 35.15434691987969, 35.244919940600035, 34.938176292994626, 34.795675466810685, 34.88991214581539, 34.91253352834663, 34.98598650438859, 34.99276561167447, 34.90765464756522, 34.980524090715484, 35.02027378758593, 35.22713633864471, 34.93781077765358, 35.01103148263721, 35.268696480403825, 34.69971176799044], "val_loss_l2": [2.287544322013855, 2.224449133872986, 2.1735695123672487, 2.128469252586365, 2.099605417251587, 2.0839558124542235, 2.0699623823165894, 2.051083207130432, 2.072565340995789, 2.037565374374389, 2.0309079527854923, 2.0326820492744444, 2.031061315536499, 2.0428603410720823, 2.0347734928131107, 2.020179986953735, 2.0172953009605408, 2.021034300327301, 2.0254374623298648, 2.024036252498627, 2.02114599943161, 2.0226449489593503, 2.0279001235961913, 2.034110593795776, 2.039917230606079, 2.0409346938133237, 2.0431491255760195, 2.041819310188293, 2.0585298895835877, 2.0453253746032716, 2.0464372992515565, 2.0698240995407104, 2.0674408197402956, 2.0749699115753173, 2.07556244134903, 2.070923686027527, 2.0791687726974484, 2.097998344898224, 2.0923171401023866, 2.0992320775985718, 2.101769256591797, 2.1054512739181517, 2.1052080154418946, 2.124387192726135, 2.106556904315948, 2.1201417446136475, 2.1372985363006594, 2.1319265842437747, 2.1327266693115234, 2.1426145553588865], "val_acc_l2": [27.577705660616274, 27.283663638872767, 29.451407701170226, 30.698806364138136, 31.020257510624866, 31.205094253400688, 31.204668143708336, 32.01777000767486, 31.82541906446172, 33.22457038006789, 33.17116832472314, 33.12405677334416, 33.653773290542894, 34.3173836372044, 34.254977736222216, 34.47666627723525, 34.51915944261482, 34.61784229896898, 34.76985438459387, 34.6683194743492, 35.26659976294037, 35.390911085726096, 35.322259819360674, 35.464976428808846, 35.48041413518118, 35.120098759682726, 35.1169182816675, 35.46536444742049, 35.05877594325113, 35.168663023654084, 35.325825893500834, 35.14143872810699, 35.458263412479724, 35.152384706792816, 35.41304374420314, 35.44356792310508, 35.0807003240562, 34.842163364803575, 34.819614079745946, 34.83894996149356, 35.40413556653607, 34.61295423030484, 35.24860696224709, 34.508595075753355, 35.148166976895766, 34.98907593304862, 34.72665999329787, 34.84291265504618, 34.64483770366318, 34.632437254304776], "LDT_train_score": [59.50995748489595, 64.52785858133811, 66.96128887894383, 68.72342805996867, 70.3792794808682, 72.25330051465653, 73.60147684045648, 74.7202953680913, 75.90064891474603, 76.5551577534124, 77.99283956142314, 78.41799060192437, 79.4473036473484, 79.56477959275006, 80.58849854553591, 81.5394942940255, 81.76325799955248, 82.37860818975162, 82.8373237860819, 83.55336764376818, 84.11277690758558, 84.3029760572835, 84.31416424255985, 84.72253300514656, 84.87357350637727, 85.47773551130007, 85.51130006712911, 85.82456925486686, 85.98120384873573, 86.24412620272992, 86.39516670396061, 86.47907809353322, 86.59655403893488, 86.80912955918551, 87.00492280152159, 87.04967554262699, 87.1951219512195, 87.49720295368091, 87.20631013649586, 87.59789662116805, 87.58670843589171, 87.74334302976057, 87.78809577086597, 87.90557171626762, 88.05101812486015, 88.24681136719624, 88.12374132915642, 88.2132468113672, 88.17968225553815, 88.45379279480868],