{"epoch_idx": 50, "model_save_file": "models/ESEU_60-40/ESEU_60-40_3.pt", "best_joint_acc": 35.059320814099664, "best_joint_loss": 2.009166729450226, "best_epoch_idx_loss": 19, "best_epoch_idx_acc": 27, "run_time": "750s", "train_loss": [2.4565058027932394, 2.200103776170572, 2.127844813766829, 2.085021382624948, 2.054021840248633, 2.02794783651282, 2.0048301351179747, 1.9841012402411993, 1.9648128146425308, 1.9458226419370108, 1.9298565721293108, 1.9134916039781829, 1.8976078809948147, 1.884114046709252, 1.8694975337850928, 1.8563133303178552, 1.842381576332478, 1.8306243796961026, 1.8184100493378594, 1.806756634231007, 1.7959009157408268, 1.7844601929734605, 1.7753790190460483, 1.76473213117057, 1.7551277711850781, 1.74714507094217, 1.737264851911352, 1.7296920615598697, 1.721408082257718, 1.7133528338659796, 1.7054573406866922, 1.6980849334953028, 1.69105544057461, 1.683849210586022, 1.6771381480978163, 1.671433797670067, 1.6655890454939741, 1.659226473318328, 1.6527412003333413, 1.646753066176669, 1.641898517214923, 1.6372350689468038, 1.6319961241625858, 1.6269838678727448, 1.6218990596062541, 1.616996020898907, 1.6126970517525974, 1.6080029273251881, 1.603948035371413, 1.6004554733223868], "train_acc": [24.12851275880701, 28.77894481170486, 30.530993252211374, 31.709190411543698, 32.4157716540175, 33.288256025398994, 33.89236117989763, 34.60999704115942, 35.27576812118812, 35.877809188974844, 36.3827495381351, 36.96878137536499, 37.403309052020965, 37.84439917928243, 38.3812170498606, 38.88658619613779, 39.328432151044915, 39.65593803497086, 40.07565058873843, 40.41696266220946, 40.79675042073723, 41.29540025131255, 41.51908260837879, 41.922382581043784, 42.17522122092972, 42.48457304612696, 42.85094701164446, 42.98616783410533, 43.30612410714028, 43.45124855185589, 43.750432062973175, 44.03865469483503, 44.39000021572785, 44.53582906715604, 44.699098079744836, 44.89699501352337, 45.07635297604864, 45.34563917351431, 45.51474834391521, 45.7177047585655, 45.87933290966632, 45.99358954789763, 46.12548348555571, 46.30196201907444, 46.52789636149754, 46.68687557033968, 46.79197799671451, 46.94813691547566, 47.016368622034534, 47.21082529057374], "val_loss_l1": [2.2396740198135374, 2.13842453956604, 2.102249264717102, 2.0614182233810427, 2.0470149278640752, 2.03289178609848, 2.012845313549042, 2.008875048160553, 2.0181612730026246, 2.0066995143890383, 2.001270020008087, 1.9990471959114073, 2.0021008968353273, 1.9897783756256102, 1.9916104197502134, 2.006439435482025, 1.9863183736801149, 1.9889415383338929, 1.9964209198951721, 1.997589087486267, 1.9926604270935058, 2.0053463220596317, 2.0055689334869387, 2.007366192340851, 2.004238259792328, 2.012122130393982, 2.0085848569869995, 2.0163871526718147, 2.0224821686744687, 2.0227010011672975, 2.0266014099121095, 2.031712985038757, 2.0420983433723454, 2.0465258121490484, 2.04831326007843, 2.0470797777175904, 2.052737295627594, 2.047288966178894, 2.0567458868026733, 2.0553898453712462, 2.072505331039429, 2.07830502986908, 2.0873537302017215, 2.0843796730041504, 2.0866619348526, 2.0887598633766173, 2.0890528082847597, 2.0914754986763002, 2.0998077988624577, 2.097699820995331], "val_acc_l1": [28.04265021036671, 31.32578725821334, 31.805154178977144, 32.67959410669734, 33.278842579330394, 33.26830372509416, 33.64507135536362, 33.92939400915661, 33.82145983508242, 34.35646830280941, 34.653674395348695, 34.5807452518017, 34.69375377579799, 34.982382782543425, 35.10531668745348, 35.51232686057992, 35.17892326356112, 35.665433571899165, 35.4702091594982, 35.22112153556834, 35.49373421437443, 35.020877337145286, 35.57902494607968, 35.52421448163202, 35.69648717139708, 35.05293094996065, 35.640750521188174, 35.60676630342474, 35.328573460222316, 35.46611460460404, 35.25720116576812, 35.31654353615628, 35.12117587590351, 35.06249093671196, 34.874962138026675, 35.0863490979672, 34.90673470467736, 34.91135717531593, 35.172389774487826, 35.331433785227674, 34.4804395329062, 34.654124530390796, 34.83509155680019, 34.81750480696207, 35.12586976663947, 34.89527716149833, 34.9362093181168, 34.98276664025433, 34.75031014644279, 34.969854633038175], "val_loss_l2": [2.2992196321487426, 2.2227387666702274, 2.1546511888504027, 2.139495849609375, 2.113209557533264, 2.0955875873565675, 2.1016808271408083, 2.0754213333129883, 2.0526415348052978, 2.0523275613784793, 2.0504479050636295, 2.046201431751251, 2.038162887096405, 2.043859326839447, 2.0335116147994996, 2.033363461494446, 2.049968862533569, 2.033959650993347, 2.0219125390052795, 2.030613791942596, 2.035407209396362, 2.0392571687698364, 2.0440987944602966, 2.033864760398865, 2.049909472465515, 2.040250813961029, 2.046592044830322, 2.0541064500808712, 2.0463570237159727, 2.0694554567337033, 2.058472013473511, 2.0657579064369203, 2.070391082763672, 2.0697824835777285, 2.067464768886566, 2.0756598949432377, 2.080746364593506, 2.0875293493270872, 2.081032228469849, 2.089166736602783, 2.1067638039588927, 2.096103501319885, 2.1045255064964294, 2.105053699016571, 2.1158249258995054, 2.1070012331008914, 2.1181553959846497, 2.129495811462402, 2.1300853490829468, 2.1466344118118283], "val_acc_l2": [25.484993215606792, 27.52494567848462, 28.67952740825041, 29.55831166547738, 30.544025407171052, 30.639274556835442, 30.66543548128694, 31.538614231043976, 32.33958805786824, 32.11985569143038, 32.12720810953998, 32.80620209415908, 32.799446412392015, 33.00363866264457, 32.69611329897419, 33.28937606978015, 33.2303084253662, 33.52154737350351, 33.917258373735024, 33.87793779635087, 33.34269867788866, 33.898308084588216, 33.47965510811762, 34.155943786248386, 33.76897811523393, 34.41071324407902, 34.47789110701116, 33.51050310228845, 34.145597780647066, 33.574652823444765, 34.421568663001636, 33.69665766809177, 34.271927759201496, 34.22071566936363, 34.411521929221166, 34.35047969662728, 34.09706433556238, 34.50393567889081, 34.87622223881244, 34.530146380655886, 34.36576373045762, 34.670353800209014, 34.31792552723924, 34.18619380744573, 34.08808984893569, 34.66999954094309, 34.08723125529432, 34.86140475403462, 33.906690223081114, 34.633222641654044], "LDT_score": [58.50584136093462, 62.02090592334495, 65.01332240213158, 67.34986677597868, 68.91781102684976, 70.5062512810002, 71.59766345562615, 72.76081164172986, 73.94445583111293, 75.69686411149826, 76.43472022955524, 77.26480836236934, 77.67985242877639, 78.42795654847305, 79.06333265013322, 79.79606476737037, 80.031768805083, 80.59028489444559, 81.23078499692559, 81.53822504611601, 81.59458905513425, 82.2402131584341, 82.56302521008404, 83.1984013117442, 83.30600532896085, 83.34187333469973, 83.75691740110679, 83.96187743390038, 84.52039352326295, 84.38204550112728, 84.72535355605658, 84.93543758967002, 85.10965361754458, 85.18651362984218, 85.52982168477146, 85.61180569788891, 85.68866571018651, 85.89874974379997, 85.92436974789915, 86.01147776183645, 86.14470178315229, 86.44189383070301, 86.313793810207, 86.52387784382046, 86.53924984627997, 86.67759786841566, 86.77495388399262, 87.03627792580447, 86.67247386759583, 86.94916991186719], "test_loss_l1": 2.1019418239593506, "test_acc_l1": 34.96513913283232, "test_loss_l2": 2.119378101825714, "test_acc_l2": 35.357308423737486}