{"epoch_idx": 100, "model_save_file": "models/ESEU_60-40/ESEU_60-40_8.pt", "best_joint_acc": 35.85977669408746, "best_joint_loss": 1.9942730069160461, "best_epoch_idx_loss": 17, "best_epoch_idx_acc": 31, "run_time": "1384s", "train_loss": [2.4367426087003223, 2.1950596953750767, 2.1244760915773733, 2.082279394526001, 2.0512317763556025, 2.0258615180986763, 2.003022250232346, 1.9836739290744878, 1.9647237095264116, 1.9489931289209141, 1.933369556151398, 1.9165019026590042, 1.902577246547839, 1.8879957199096682, 1.873854642067481, 1.8604421883548066, 1.847306527129008, 1.835490407746866, 1.8238490705096388, 1.8127694851761567, 1.8016638345674623, 1.7906033713883223, 1.780807013358545, 1.7707337009797397, 1.761386494570916, 1.7522770505432683, 1.7432443723766093, 1.7340968415277829, 1.7263490328001327, 1.718951646341097, 1.7108025518032388, 1.702352914241476, 1.6956081182584843, 1.6889427096471876, 1.6819164386583039, 1.676232878768116, 1.6694216236062014, 1.6627307107689187, 1.657315597074841, 1.6517013360600954, 1.6460348898117694, 1.6412718613213357, 1.6360488555846966, 1.6304982135055262, 1.6257771116877917, 1.6212598216643015, 1.6173544340177417, 1.6128283695343437, 1.6085547438455279, 1.6038107598593478, 1.5992349074521195, 1.5958724519528378, 1.5921450913499262, 1.5875697939767746, 1.583929910025466, 1.580664080217343, 1.5783428927080352, 1.5746071513639677, 1.5708614544037278, 1.567912217127074, 1.5644933800084875, 1.5617805517047914, 1.5586804649151784, 1.557593920908936, 1.5540646571631827, 1.5508818128787052, 1.5481969025156916, 1.5461802039671382, 1.5423482897084793, 1.5414033504801057, 1.53810970772297, 1.5363408660669937, 1.5338737915415268, 1.531587404395462, 1.529796400201431, 1.5277850349015047, 1.5262275835789676, 1.5228523234708595, 1.5222566018410777, 1.5203627435439229, 1.5167646665091907, 1.5148525801273658, 1.5138956002139163, 1.5128104522687582, 1.510933444040631, 1.5097396302660668, 1.5073873575674286, 1.505733475772613, 1.5032262238887477, 1.502127048072465, 1.500942940558861, 1.498944878031355, 1.4975404154270076, 1.4971004713565923, 1.4944561960500309, 1.4939811032846424, 1.4906612891669657, 1.4905208338291274, 1.49016054398423, 1.488396808094935], "train_acc": [24.248506315729337, 28.507021450045293, 30.309370627836067, 31.383659667781036, 32.41974380249568, 33.12617785769197, 33.982145002733354, 34.511873798250484, 35.112928593936736, 35.69805693515231, 36.16469035632851, 36.772116110767584, 37.21578516024498, 37.78928769983067, 38.15869214624569, 38.63343417925055, 39.07901586121554, 39.49952077176107, 39.8396662903383, 40.307883253999805, 40.624681209652195, 40.94174852962326, 41.278175851484384, 41.63223517214756, 42.07144982252457, 42.13118329865126, 42.52733845587383, 42.80445966745362, 43.039526288182046, 43.30047228410135, 43.571640286967934, 43.924722277844644, 44.02193911204102, 44.252469471553816, 44.48550012204378, 44.74063790643171, 44.948629636477534, 45.094412146675666, 45.32711198051666, 45.435130581937734, 45.651489923599314, 45.774202811971044, 45.937886272197645, 46.12331208257146, 46.30128069882707, 46.445780787857785, 46.6020909556327, 46.7817403830494, 46.80767453758706, 46.92162993876066, 47.15150042868383, 47.27577365956756, 47.41414368892692, 47.38302540051414, 47.59758070797247, 47.676286746668154, 47.74936409326006, 47.8261891933394, 48.045750909796915, 48.1167125856347, 48.21666788308286, 48.135430769997306, 48.43861740754725, 48.3728316534067, 48.5095310060492, 48.59545780104029, 48.690347282774766, 48.71689297359693, 48.93979777564605, 48.843063426655675, 48.855160108288175, 48.946409277573814, 49.05973063096316, 49.206486824605335, 49.23803877027964, 49.200131163864114, 49.31377351771556, 49.38222624109408, 49.48869504096706, 49.43230507819182, 49.582722612687434, 49.607881397799986, 49.56566226806015, 49.620200631966036, 49.75344563975321, 49.79090511282978, 49.87986573268421, 49.90379544653718, 50.01210199340489, 49.94517354862139, 49.96325817089784, 50.02213696329383, 50.09755044868374, 50.100450599618235, 50.23389448990948, 50.090686195548074, 50.307253422471994, 50.247774608629655, 50.24629970825165, 50.42769372357349], "val_loss_l1": [2.227502942085266, 2.134520435333252, 2.0964414596557615, 2.063889122009277, 2.0341242790222167, 2.022475802898407, 2.008684587478638, 2.007933735847473, 1.9880813360214233, 1.9935916185379028, 1.9899658203125, 1.9849861502647401, 1.980242192745209, 1.9891706585884092, 1.9722688317298889, 1.977082335948944, 1.9720467329025269, 1.976329004764557, 1.978808379173279, 1.9888809323310852, 1.990558648109436, 1.9824339151382446, 1.989287281036377, 1.9895006179809571, 1.9920764684677124, 1.9977135658264162, 2.003317201137543, 1.9991152644157408, 2.0124104142189023, 2.0179958581924438, 2.0177030086517336, 2.0170781016349792, 2.021372056007385, 2.0285605072975157, 2.025984942913055, 2.0422202825546263, 2.031492459774017, 2.043018567562103, 2.042709183692932, 2.050586128234863, 2.071847701072693, 2.058059120178223, 2.0636619329452515, 2.0661371588706974, 2.075687086582184, 2.0924088597297668, 2.0881947755813597, 2.0859479904174805, 2.0832632064819334, 2.0943899631500247, 2.110548675060272, 2.115169548988342, 2.11167619228363, 2.1109829187393188, 2.12400621175766, 2.1366230964660646, 2.128279650211334, 2.134663391113281, 2.1368378162384034, 2.146151542663574, 2.140768790245056, 2.1624029159545897, 2.1586364030838014, 2.1614406824111936, 2.1683861494064334, 2.181403636932373, 2.1718201875686645, 2.181176590919495, 2.1762906551361088, 2.1980334281921388, 2.1907494783401487, 2.207669496536255, 2.2000386714935303, 2.2058857679367065, 2.203706169128418, 2.214705753326416, 2.228717255592346, 2.215391564369202, 2.228519463539124, 2.220852637290955, 2.235955405235291, 2.2314442157745358, 2.243032097816467, 2.2380294799804688, 2.2560282230377195, 2.2430038928985594, 2.2528706550598145, 2.2504783868789673, 2.248777055740356, 2.2582455396652223, 2.2607874393463137, 2.270175194740295, 2.2741786956787107, 2.2641749382019043, 2.2710382223129275, 2.2953063249588013, 2.2827144384384157, 2.2833685636520387, 2.290684628486633, 2.2993584632873536],