{"epoch_idx": 50, "model_save_file": "models/LSTM/128/ESEU_60-40/ESEU_60-40_2.pt", "best_joint_acc": 34.0114055691018, "best_joint_loss": 2.000044548511505, "best_epoch_idx_loss": 48, "best_epoch_idx_acc": 48, "run_time": "216s", "train_loss": [2.655332639361874, 2.339907642566797, 2.2787875533103947, 2.236964998823225, 2.207339225393354, 2.1857552745125517, 2.1681416901675137, 2.1531447659839276, 2.1398892727765166, 2.1305153514399664, 2.1210294167200736, 2.1095788262107162, 2.1035482558337115, 2.0961343736359574, 2.0892247503454042, 2.082617738030174, 2.0768540917020855, 2.0694447015271042, 2.063692203976891, 2.056068497173713, 2.052409228953448, 2.0469328905596886, 2.041478039640369, 2.0375152600534023, 2.0314666908798795, 2.027040776881306, 2.0251376809495865, 2.0207490595904267, 2.0146448097445746, 2.0121180839610826, 2.0047164812232507, 2.002100005294337, 1.9992994584820492, 1.9964272181193032, 1.9917416003617365, 1.9881879497658128, 1.9842497742537297, 1.980900593779304, 1.9782735488631507, 1.972073808763967, 1.9694992330941279, 1.96788448366252, 1.9658603884957044, 1.9617362844221518, 1.9579580805518404, 1.9552046475988452, 1.952142046256499, 1.9496606958634926, 1.9442693229877588, 1.9455171417106285], "train_acc": [21.217111688374473, 25.517708989210334, 26.69994788691365, 27.529099848128737, 28.27218238492639, 28.90046681878611, 29.285889994581083, 29.65138113697448, 29.959518552727705, 30.258310842545043, 30.582446680918082, 30.865319307639503, 31.06481236714518, 31.266952374291805, 31.382261476802597, 31.69385712478426, 31.721761104244546, 31.950899760350673, 32.166808915229026, 32.47487082140985, 32.50684800626692, 32.56483275416492, 32.88927770120816, 32.971882267201785, 33.30258606234994, 33.20677233772061, 33.391812013882685, 33.70613184361759, 33.7858820015718, 33.800902947948344, 33.96350287948921, 34.11806901198023, 34.24861116578297, 34.33834963365765, 34.63537140892727, 34.66695910086427, 34.61288234125113, 34.925760942054126, 34.88506692312371, 35.23687421858795, 35.11050395813933, 35.28260157788253, 35.32762950275198, 35.53050979930005, 35.7457867887839, 35.85391539718883, 35.87129569756136, 35.82160785727164, 36.018977264299, 36.002855139182415], "val_loss_l1": [2.3292893409729007, 2.2363720655441286, 2.18359751701355, 2.1450409173965457, 2.120963478088379, 2.1000782966613767, 2.0870521545410154, 2.0758306980133057, 2.055702781677246, 2.0562973260879516, 2.0430455923080446, 2.038023841381073, 2.036594676971436, 2.0312230587005615, 2.022294795513153, 2.017078733444214, 2.0129201769828797, 2.0110565423965454, 2.0151473164558413, 2.0000834584236142, 2.0052332043647767, 1.9958415031433103, 1.995939350128174, 2.000388240814209, 1.9892027854919434, 1.9926689028739928, 1.9901422262191772, 1.9851225018501282, 1.9910556435585023, 1.9848366260528565, 1.9856794357299805, 1.9792960643768311, 1.9766170382499695, 1.9831222414970398, 1.9825543999671935, 1.9724785327911378, 1.9760771870613099, 1.9814483880996705, 1.972219753265381, 1.9725207448005677, 1.975483226776123, 1.968626630306244, 1.9753013849258423, 1.9723408460617065, 1.9742178082466126, 1.973043966293335, 1.9710261940956115, 1.9722989439964294, 1.971943140029907, 1.9736603140830995], "val_acc_l1": [26.63259063708381, 28.50471086740087, 29.381002089087566, 30.435198118366497, 31.375890808597735, 31.790346866520842, 32.32143370780146, 32.33193247199645, 32.648359165476606, 32.56442288375882, 32.87884377507504, 32.90553570326414, 33.141868575485866, 33.125658855487046, 33.622008473941634, 33.470674101210015, 33.71954173431268, 33.76831346715984, 33.506517059766, 34.00982758389706, 34.02487359723344, 33.97832608416749, 34.0614677462688, 34.05548931186328, 34.13882461725618, 34.25492268975131, 34.330470987111674, 34.14634649207831, 33.89037707271103, 34.605917576322504, 34.411654979056664, 34.30709789139654, 34.50690250754618, 34.511196221271796, 34.659302290028926, 34.581065796638434, 34.47805761197095, 34.417260234084786, 34.5607961270347, 34.85998982985306, 34.66548595961726, 34.452377462002076, 34.640863986049595, 34.802041006035935, 34.53316672590616, 34.779943234285604, 34.86153192446006, 34.87431836136018, 34.85052831130322, 34.935551429214065], "val_loss_l2": [2.401045751571656, 2.306162500381469, 2.2577312946319577, 2.225191926956177, 2.1986559152603147, 2.177427554130554, 2.1661753177642824, 2.1471621751785275, 2.159777879714966, 2.1261293411254885, 2.1303147792816164, 2.122733855247498, 2.1021909713745113, 2.1008723974227905, 2.1007341861724846, 2.093134546279907, 2.097440242767334, 2.084337520599365, 2.07276656627655, 2.0830702066421507, 2.066402935981751, 2.0708501577377323, 2.0707291603088382, 2.059188580513001, 2.0699424505233766, 2.0553709030151364, 2.0566987276077273, 2.05696222782135, 2.048572731018066, 2.0513527870178225, 2.0468082547187807, 2.051980352401733, 2.0568968296051025, 2.0463255882263183, 2.0406732082366945, 2.0537222146987912, 2.04274628162384, 2.0472763061523436, 2.0494222402572633, 2.0460126399993896, 2.037297320365906, 2.0464834690093996, 2.033083832263947, 2.0514777541160583, 2.0393150687217707, 2.041867160797119, 2.039662480354309, 2.0277901530265807, 2.0334692001342773, 2.0315857529640198], "val_acc_l2": [25.51009282387743, 26.318973243380125, 27.181159701211453, 28.332046852652738, 28.157602886775777, 29.09527722429712, 28.955319889179762, 29.405352175746263, 29.54627732518461, 29.76719402017794, 29.99686865507807, 30.25448446770749, 30.641270373888503, 30.69106729715721, 30.67243037609714, 30.53907987955182, 30.998860913407476, 30.847997291370465, 31.010978569197, 30.814848296556853, 31.460150250396588, 31.40282789315156, 31.298479306669215, 31.223606023286784, 31.708385261637165, 31.976410264444922, 32.009903795691415, 32.268339519526904, 32.11779866076762, 32.17926287928707, 32.2361799206014, 31.92624556927082, 32.0235579536498, 32.380151551692045, 32.24883438426331, 32.255157144053456, 32.362569665684205, 32.29359693350469, 32.45218830250415, 32.02361488689098, 32.72968450238559, 32.26362564124234, 32.8122455711503, 32.758586893876604, 32.81187374223127, 32.80770932417095, 32.94016979593063, 33.148492776843405, 33.012482982565125, 32.840298715417376], "test_loss_l1": 1.9868529200553895, "test_acc_l1": 35.19626429539591, "test_loss_l2": 2.0285919547080993, "test_acc_l2": 34.03371107643627}