{"epoch_idx": 50, "model_save_file": "models/ESEU_60-40/ESEU_60-40_1.pt", "best_joint_acc": 34.915270859938325, "best_joint_loss": 2.0139171361923216, "best_epoch_idx_loss": 15, "best_epoch_idx_acc": 50, "run_time": "757s", "train_loss": [2.453320269190936, 2.204138195842778, 2.1354726290484107, 2.091877719677914, 2.0594795050971, 2.0332508951152137, 2.01056988578324, 1.9910797454895237, 1.972733349428265, 1.9547292464370032, 1.9387005994079307, 1.9222678399960933, 1.9078887411213807, 1.8933816951349238, 1.878489971160889, 1.865746760587079, 1.8519145961201524, 1.8390492157104914, 1.827207264550235, 1.8153263986657522, 1.8032660123405109, 1.7927514877888033, 1.7819556473591998, 1.7714974524777956, 1.7609438830559412, 1.7528796627980856, 1.7438851069966586, 1.7347079482647256, 1.7258706317035433, 1.7181024195951056, 1.7107813522356372, 1.7026547964559784, 1.6962337821995452, 1.6878317364858924, 1.681327491178425, 1.67530802193038, 1.6681864474891532, 1.6627495097457814, 1.6575025593468908, 1.6505225683571014, 1.6452668013922662, 1.6393546467527333, 1.6349518583455211, 1.6301571573686156, 1.6241838314117627, 1.619506428001124, 1.6151326796330452, 1.6114616787761726, 1.606155443082162, 1.6017286679066656], "train_acc": [24.38678208923799, 28.570626467253707, 30.437019277906966, 31.375263233771697, 32.21462273690623, 33.05370929479969, 33.75626766266973, 34.375068538381086, 35.03762384814397, 35.45662320091645, 36.02672811119898, 36.591564079798594, 37.11554007331318, 37.569542693715036, 38.02826549735066, 38.528594071549655, 38.949799930219186, 39.38589218747639, 39.83165271067894, 40.17787076285029, 40.65543224863523, 40.97610042752737, 41.317737367484, 41.64609969152092, 41.94880467822918, 42.28656993224403, 42.576679543889334, 42.91022643929526, 43.2882628787728, 43.40816868835114, 43.616698488947236, 43.935032032244074, 44.15686032262438, 44.40812959129094, 44.618604235022296, 44.89696398665461, 44.974094068326174, 45.10028505316911, 45.39829689479386, 45.657514656014456, 45.84057464035542, 45.95661377012289, 46.11777458378601, 46.309250359162874, 46.37127112648539, 46.57034268194276, 46.63114312625581, 46.91876018217303, 47.003029158581874, 47.1207634263357], "val_loss_l1": [2.250477170944214, 2.1408945083618165, 2.105161190032959, 2.083076238632202, 2.0592875719070434, 2.045050024986267, 2.023937547206879, 2.0248267769813535, 2.0130494594573975, 1.9988484621047977, 2.019127881526947, 2.0102944374084473, 2.002854955196381, 2.0051009297370905, 2.0004592061042787, 2.0025328397750854, 2.0086352467536925, 2.0002412438392643, 2.0118260383605957, 2.0153440117835997, 2.019645428657532, 2.0186072468757636, 2.0158259868621826, 2.016227495670319, 2.0224844455718993, 2.025227236747742, 2.0296519875526426, 2.0358153581619263, 2.038236308097839, 2.047782564163208, 2.0486902594566345, 2.059793257713318, 2.0586966633796693, 2.0623771429061883, 2.0755404829978943, 2.078499937057495, 2.0770868420600896, 2.0802507281303404, 2.0887500047683716, 2.092195761203766, 2.0944450378417967, 2.104848575592041, 2.113842415809631, 2.116633939743042, 2.1175321817398074, 2.123098087310791, 2.1285269975662233, 2.138169860839844, 2.137416362762451, 2.1457187652587892], "val_acc_l1": [27.793396012563733, 30.943335363154876, 31.795415079465407, 31.993489915598865, 32.35542570260428, 33.22741331783291, 33.77485472962664, 34.05357587836622, 34.46889784134093, 34.61007622938181, 34.10617973397035, 34.284621098245104, 34.76918442543883, 34.273977302521445, 34.75739258913454, 34.4558981260783, 34.531783108041616, 34.86683633628827, 34.52272386654762, 34.7174984858914, 34.53810477009025, 34.676668485000235, 34.78338752459326, 34.76241173503214, 34.338606718860945, 34.636835424723046, 34.47069054536268, 34.428656273704156, 34.571748221716234, 34.27426043991311, 34.32333232060892, 34.25482435692282, 34.282435929302544, 34.39492715450118, 34.43234436833505, 34.20607657494155, 34.28123900177731, 34.48391577684154, 34.82172809783305, 34.20156009984164, 34.51914775940102, 34.46125154967456, 33.812256397131776, 34.67737309677495, 34.33413398092322, 34.59824619461705, 34.45277455693666, 34.12672115304322, 34.50071585360212, 34.95937785011971], "val_loss_l2": [2.294012308120727, 2.2295772314071653, 2.170567679405213, 2.128471422195435, 2.1191639423370363, 2.0909348249435427, 2.0953248739242554, 2.0744935512542724, 2.069734525680542, 2.0766875028610228, 2.0437048435211183, 2.0418842792510987, 2.0380926728248596, 2.034697687625885, 2.027375066280365, 2.0379719495773316, 2.025559329986572, 2.034594416618347, 2.029551768302918, 2.0249944686889645, 2.021688258647919, 2.0296220064163206, 2.0351092100143435, 2.0351600646972656, 2.0370714306831355, 2.042053258419037, 2.0340166568756106, 2.0427482128143315, 2.0344207167625425, 2.051436650753021, 2.0470757722854613, 2.05770480632782, 2.068342673778534, 2.0586874723434447, 2.0593181848526, 2.058763754367828, 2.0742181539535522, 2.080858254432678, 2.0818149089813236, 2.0781620264053347, 2.0969735503196714, 2.087811183929444, 2.0859970569610593, 2.1102840662002564, 2.1099966526031495, 2.105144655704498, 2.114900755882263, 2.115744400024414, 2.118824338912964, 2.1193490743637082], "val_acc_l2": [26.153775598346396, 27.554794433895857, 28.903013407635836, 29.20023083981473, 30.461075330856147, 30.70087632909267, 30.688023503097515, 30.912504687037732, 31.742631526903285, 31.63392029910963, 31.576619090083305, 32.54240385000631, 32.646614827322054, 32.89100768439749, 33.10748449583829, 33.206446716053314, 33.19938300110296, 33.80857670995425, 33.51813325943494, 33.799583984755714, 34.039586158733016, 33.730637031008385, 33.85495605499079, 33.99772723608772, 34.471809438387375, 34.51952665077197, 34.3783007106465, 34.77869302157744, 34.80854967775332, 34.74513618109422, 34.84164212366214, 34.69680571731362, 34.01542287960008, 34.69784844380684, 34.92598111804825, 34.90267818359703, 34.66568403058304, 35.0348543518895, 34.21828973548928, 35.17177967715253, 35.26539774476565, 35.15135657389146, 34.59011483874054, 34.49850956494186, 35.1196690345146, 34.72977170103438, 35.15432941228444, 34.9070385650769, 34.862960551299544, 34.87116386975694], "LDT_score": [57.921705267472845, 62.082393933183035, 64.77761836441894, 66.54539864726378, 68.43103094896496, 69.76839516294324, 71.3107194097151, 72.35089157614266, 73.73437179749949, 74.68231194916991, 75.7788481246157, 76.5320762451322, 76.60381225660996, 77.83357245337159, 78.66366058618569, 79.15044066407052, 79.4168887067022, 80.16499282639884, 80.90284894445583, 81.13855298216848, 81.42549702807953, 81.80467308874769, 82.40930518548883, 82.73211723713875, 83.20352531256405, 83.36236933797909, 83.9874974379996, 84.28981348637016, 84.00286944045912, 84.22832547653208, 84.65874154539866, 84.679237548678, 84.93031358885017, 85.03791760606681, 85.24800163968025, 85.49395367903259, 85.4324656691945, 85.62205369952859, 85.7245337159254, 85.86288173806108, 86.02684976429596, 86.04222176675547, 86.24718179954908, 85.98585775773724, 86.16519778643165, 86.32404181184668, 86.44189383070301, 86.44701783152286, 86.62123385939742, 86.86718589874974], "test_loss_l1": 2.100499653816223, "test_acc_l1": 35.33334328746545, "test_loss_l2": 2.1250704526901245, "test_acc_l2": 35.62456757648634}