{"epoch_idx": 100, "model_save_file": "models/ESEU_60-40/ESEU_60-40_6.pt", "best_joint_acc": 35.37406388073023, "best_joint_loss": 2.0011136531829834, "best_epoch_idx_loss": 18, "best_epoch_idx_acc": 55, "run_time": "1386s", "train_loss": [2.444946384211199, 2.195355391283647, 2.128839537638043, 2.0872119172997436, 2.0556298549022136, 2.0295631005129686, 2.006461057094261, 1.9863430852190067, 1.9674911006874998, 1.9492307469385484, 1.9328341440323293, 1.9160016326729308, 1.900791978070495, 1.8860596134028307, 1.871203915241661, 1.8579784270820277, 1.844685147661682, 1.8326799257085948, 1.8207023838244452, 1.8091670734073046, 1.7990901371754635, 1.7882579455681888, 1.7782084504398736, 1.7679177637493941, 1.7584757219760787, 1.7491655065379008, 1.7405627615954893, 1.7319788282070683, 1.7235078527293077, 1.7160863679483405, 1.7079222328072299, 1.7011670475706049, 1.6932888402851345, 1.6876066004464385, 1.6800236127792147, 1.6728603785191112, 1.6674146269439558, 1.6603912957217715, 1.6555264269540073, 1.6496893823693644, 1.6440020810573477, 1.6395703805695976, 1.6342635745302243, 1.6290136652255272, 1.624641457828907, 1.6196837293992357, 1.6147893032896408, 1.610698303498259, 1.6058034721864463, 1.6022475848504167, 1.597794083280301, 1.5929024350752525, 1.5906737069471155, 1.5863226608398857, 1.5833070699228053, 1.5791545663404898, 1.5766404763274244, 1.5722240094744826, 1.568617831676379, 1.566666143749831, 1.5634602521537635, 1.55954560774182, 1.5572124342305955, 1.5548039762251968, 1.5518256666463448, 1.5489747431300103, 1.5463965666403465, 1.5431397251032903, 1.5421487683549944, 1.5393175482749943, 1.5365641959216616, 1.5347792314826898, 1.5337521329932255, 1.5304753020269055, 1.526782607813494, 1.5253350669090904, 1.5236150026321404, 1.5225928496876986, 1.5198941044851177, 1.5173212453859661, 1.5158248899179863, 1.5131472710075733, 1.51187293573257, 1.5107086727378563, 1.5094891781107005, 1.5063474353300328, 1.5046600688488099, 1.5026716343853452, 1.501732426499008, 1.5008225304271112, 1.4976522627226807, 1.4975597891238845, 1.4953995046265627, 1.4954456807276528, 1.49344849313071, 1.4920500604384532, 1.4891828309505357, 1.4888590186014095, 1.487436995046947, 1.4873172602522264], "train_acc": [24.43330109269214, 28.8396164836554, 30.408316230452286, 31.472821947016456, 32.25876498654341, 32.98708195036047, 33.79623749311653, 34.28762032575574, 34.96999810949901, 35.6346016566934, 36.17976490438989, 36.66847228054967, 37.232064390331665, 37.66710904423506, 38.23754285680551, 38.73394209912937, 39.20662011843474, 39.567111958043874, 39.83707093555329, 40.218296815307774, 40.656218158832324, 41.025943670241524, 41.247686765131604, 41.72367043605045, 42.01491348150396, 42.20778602854966, 42.626990162356215, 42.92580865005108, 43.024111151697475, 43.32185531280072, 43.606306583306996, 43.837034866921854, 44.067614830874405, 44.29741794931332, 44.53759416939092, 44.82212679222065, 45.01428399203971, 45.17232447365563, 45.31837533307944, 45.487604325592585, 45.66735848535089, 45.722274439821504, 45.98516587697409, 46.19348138486544, 46.400851435497685, 46.525254859160434, 46.64457444164805, 46.78809563350218, 46.95810909718689, 47.049023141230265, 47.14709018940994, 47.331238926421534, 47.403386516442936, 47.572629333460426, 47.58940957116267, 47.77018207604829, 47.83760107966326, 48.07024690749047, 47.93473663817252, 48.10550269400453, 48.271292688399086, 48.361563186529445, 48.45404828037603, 48.546406205987466, 48.577854698529194, 48.62670024691211, 48.82263783370611, 48.798878916901025, 48.83328111297623, 48.83390075263454, 49.005651240799175, 49.032325435442694, 49.0699921767868, 49.2083632314012, 49.306557956198205, 49.31050909293064, 49.38931440906201, 49.482358238792415, 49.49279526071828, 49.5856789393905, 49.48359239850063, 49.691386463228696, 49.68036577283607, 49.690177219215926, 49.75293877521107, 49.84761398190692, 49.955952118362646, 49.980181410357645, 49.92230718850882, 49.9890494555012, 50.054403259403436, 50.03498169135495, 50.17558885210273, 50.066870984468885, 50.221327004253, 50.19718739810131, 50.33005794118504, 50.344788464359, 50.33755642792809, 50.335475108865275], "val_loss_l1": [2.23446204662323, 2.1370913505554197, 2.0924656629562377, 2.073545527458191, 2.053230547904968, 2.044498360157013, 2.011068284511566, 2.0026957869529722, 2.0073359847068786, 1.9993757724761962, 1.9898623347282411, 1.9829899311065673, 1.989141821861267, 1.9805437207221985, 1.9755993604660036, 1.9836248278617858, 1.9759486079216002, 1.9780155539512634, 1.9845081567764282, 1.9831020116806028, 1.9809376239776608, 1.9841219902038574, 1.9814072132110596, 1.9857671856880186, 1.991522991657257, 1.9945409655570983, 1.9960796117782593, 2.0015892744064328, 2.0111400604248044, 2.0083860874176027, 2.0098696470260617, 2.0182652592659, 2.023529076576233, 2.0333017706871033, 2.037231945991516, 2.037780749797821, 2.039483058452606, 2.0498167395591733, 2.047755181789398, 2.049161124229431, 2.0569199919700623, 2.0543670773506166, 2.059455895423889, 2.0746924519538883, 2.0784265637397765, 2.0841437220573424, 2.084591972827911, 2.0890172839164736, 2.1008259534835814, 2.09651358127594, 2.1068856477737428, 2.1062749147415163, 2.114128279685974, 2.127217197418213, 2.119488167762756, 2.1247184991836545, 2.133613979816437, 2.141238737106323, 2.1476441621780396, 2.1486031293869017, 2.147127151489258, 2.151599168777466, 2.160701298713684, 2.161852788925171, 2.1593432664871215, 2.1608362078666685, 2.1771128892898557, 2.1730512619018554, 2.185164189338684, 2.187321996688843, 2.1960758686065676, 2.1878223419189453, 2.1931718587875366, 2.2018642902374266, 2.196630620956421, 2.2071242094039913, 2.223879170417786, 2.213527655601501, 2.218943214416504, 2.2352419614791867, 2.2315716981887816, 2.228506636619568, 2.2355948209762575, 2.237987613677978, 2.2501455307006837, 2.2450518846511835, 2.2538944244384767, 2.2529523372650146, 2.2586814641952517, 2.255843663215637, 2.2553956270217896, 2.2651368379592896, 2.267394495010376, 2.27615921497345, 2.2813541412353517, 2.2867866039276126, 2.2792730569839477, 2.282024765014649, 2.289775347709656, 2.2941009998321533],