{"epoch_idx": 50, "model_save_file": "models/LSTM/128/ESEU_60-40/ESEU_60-40_7.pt", "best_joint_acc": 34.08252556790781, "best_joint_loss": 2.0012912333011625, "best_epoch_idx_loss": 48, "best_epoch_idx_acc": 49, "run_time": "219s", "train_loss": [2.6416833400726314, 2.335330293034062, 2.2725752736582883, 2.236013746622836, 2.2088791312593394, 2.18553398775332, 2.1662902795907217, 2.151244633125537, 2.1403296192487073, 2.126551918911211, 2.118421444387146, 2.109351120211861, 2.1007705186352594, 2.0935070081190617, 2.0879969362056614, 2.079783562457921, 2.074613722887906, 2.0680837640256597, 2.062953234621972, 2.0575784742832206, 2.0506632084196275, 2.044483303120643, 2.042209284775186, 2.0349706989346132, 2.0296711542389607, 2.0257736588969366, 2.02101162888787, 2.0166621515245144, 2.011265421455556, 2.0065658742731256, 2.0035465684804037, 2.0002676329829474, 1.9985874755816027, 1.992627287452871, 1.9883884588877354, 1.9842871752652262, 1.981815749948675, 1.976634333531062, 1.974750203616691, 1.971138620918447, 1.9672544923695656, 1.9643666933883321, 1.9610890944798791, 1.958446937076973, 1.9539727108045053, 1.9484997193018596, 1.948630307659958, 1.9461371591596892, 1.9407328611070462, 1.9381132983800138], "train_acc": [21.841904869935266, 25.608831141630713, 26.832681836022783, 27.605280240648018, 28.344013325630353, 28.828326188806248, 29.27629751485275, 29.649751585171106, 29.880289695940956, 30.32905998179836, 30.46610677518487, 30.63727095633845, 30.91742589716005, 31.239094952029973, 31.424365860074133, 31.51851558490263, 31.79468503306572, 31.8021971649622, 32.077226004951896, 32.32601986851681, 32.50800256186954, 32.652679612204444, 32.81400166025462, 32.872998311912596, 33.122834695077486, 33.23671974895973, 33.29355202757495, 33.405383206507935, 33.69567712518172, 33.7873200691817, 33.90870451550127, 34.09873767107052, 34.15155601120904, 34.29116495711218, 34.45349289178732, 34.53623471838379, 34.56415325057605, 34.78003136441056, 34.84376733600763, 35.01265105102947, 35.136509670477245, 35.155243868400376, 35.3252625956033, 35.30067244378953, 35.455933332484825, 35.863333920386566, 35.71733276165521, 35.77683685761114, 36.07410547019197, 36.10908392149811], "val_loss_l1": [2.3291484117507935, 2.2384076833724973, 2.186629033088684, 2.151777982711792, 2.1144538640975954, 2.0939716815948484, 2.0832163095474243, 2.079372453689575, 2.0702463865280145, 2.05556263923645, 2.0423242807388307, 2.035012924671173, 2.031268787384033, 2.0387320995330813, 2.0254769086837765, 2.0162295460700985, 2.010312581062317, 2.0189158439636232, 2.0107641100883487, 2.0028064846992493, 2.005333113670349, 1.9981735229492188, 1.9966840386390687, 1.9844012260437012, 1.99159871339798, 1.9849778771400453, 1.9885739088058472, 1.997403120994568, 1.985303056240082, 1.984287440776825, 1.9821199536323548, 1.9909772753715513, 1.977455425262451, 1.975505590438843, 1.9828305363655092, 1.977396547794342, 1.9776043653488158, 1.9734470009803773, 1.9804689168930054, 1.982207679748535, 1.9760369777679443, 1.973695433139801, 1.974194848537445, 1.972705113887787, 1.9690531134605407, 1.9722841501235961, 1.9736254811286926, 1.9832554221153258, 1.9714166879653932, 1.9742041468620302], "val_acc_l1": [26.557900963956786, 28.234780490249047, 29.970817285764422, 30.43465842430764, 31.41142120414792, 31.89451347449003, 31.8880434981051, 31.876221154293965, 32.45136486919759, 32.69253417157812, 33.06155992171577, 33.0548522135483, 33.43547564954204, 33.074009029721694, 33.46590704451249, 33.600415425551546, 33.65074046021122, 33.89566353368524, 34.01160152634971, 34.165060207178534, 33.915902996152255, 34.030371398422, 34.1267733027942, 34.54103373800257, 34.05538334418614, 34.51836752362097, 34.38497816269471, 34.0112911166548, 34.53222754156333, 34.354201567024134, 34.7255358835204, 34.57691540392996, 34.5169609267214, 34.89338797384828, 34.512241408507634, 34.86059247383807, 34.54736127557875, 34.87210736299117, 34.50269977796078, 34.59265342787506, 34.57323752491876, 34.51539613046244, 34.610007943146485, 34.6481162208809, 34.9804782657925, 34.75110026631719, 34.607481561667306, 34.39474824317753, 34.965696526219574, 34.70097750628549], "val_loss_l2": [2.4148812294006348, 2.2981395006179812, 2.2510862827301024, 2.2183999300003054, 2.2065502643585204, 2.1909027099609375, 2.168484163284302, 2.1432304859161375, 2.1289822578430178, 2.127512764930725, 2.12623827457428, 2.1206552267074588, 2.107616281509399, 2.087134981155396, 2.091529750823975, 2.0885534524917606, 2.091520404815674, 2.069667410850525, 2.075152730941772, 2.0735992193222046, 2.073471808433533, 2.065406155586243, 2.067886137962341, 2.078632402420044, 2.0636033773422238, 2.0645346641540527, 2.0540285587310794, 2.0398756980895993, 2.0522740840911866, 2.051226949691772, 2.054840421676636, 2.032340741157532, 2.0420368194580076, 2.0530471801757812, 2.0338938593864437, 2.0395056724548337, 2.0428826808929443, 2.04377406835556, 2.0277742743492126, 2.0333072423934935, 2.0286693811416625, 2.0374225139617916, 2.029826056957245, 2.0364064931869508, 2.0388543009757996, 2.038313090801239, 2.0305455565452575, 2.0193270444869995, 2.039349317550659, 2.0311371445655824], "val_acc_l2": [25.91491380905217, 26.56414596478845, 27.180580962600217, 28.018007154652008, 28.250793054101173, 28.681744200522335, 29.27595451484285, 29.654124038593654, 29.89497148135943, 30.446010971832553, 30.23969583370601, 30.292895005476602, 30.939103140652545, 31.137811974148228, 31.375172666249846, 31.480450191183117, 31.501202629316975, 31.845998271948865, 32.11367797210625, 32.35239584259073, 31.618896667815854, 32.23351932901067, 31.84082862441024, 31.82304803286457, 32.65396194128547, 32.56225340457517, 32.441096997331435, 32.92958717156264, 32.63572006693837, 32.60253943268796, 32.50851911269378, 33.30009919973764, 32.91650708789621, 32.994056363702335, 33.22101965797296, 33.185798585479624, 32.99850808430984, 32.80366692033113, 33.112530273188895, 33.00795132004675, 32.906644647383004, 33.44660192884826, 33.37823095026298, 32.92153416574095, 33.120891617199334, 33.13942093818508, 33.29538595353841, 33.59006763204485, 33.199354609596035, 33.38960503864442], "test_loss_l1": 1.9845813870429994, "test_acc_l1": 34.96903777890283, "test_loss_l2": 2.039444696903229, "test_acc_l2": 33.84418533175372}