{"epoch_idx": 50, "model_save_file": "models/LSTM/128/ESEN_100-00/ESEN_100-00_0.pt", "best_joint_acc": 28.868491886682634, "best_joint_loss": 2.473057192564011, "best_epoch_idx_loss": 15, "best_epoch_idx_acc": 49, "run_time": "213s", "train_loss": [2.587216942599325, 2.2132706678274885, 2.1397216320037833, 2.1008188020099294, 2.0728802066860785, 2.0526591738065068, 2.037959673187949, 2.02450403842059, 2.0120010655937794, 2.0015681385993966, 1.993609627087911, 1.9829592515121803, 1.9774702110073792, 1.9692122322140313, 1.962663245923591, 1.9537025094032285, 1.9477233227455257, 1.9433024579828437, 1.9380387067794804, 1.9319533615401292, 1.9269279250592894, 1.9196405203053457, 1.9164063984697521, 1.9119746883710222, 1.9065081332669116, 1.90170773412242, 1.8976624996373148, 1.8917622367540996, 1.8885947231090428, 1.8844044669107958, 1.8788629327759594, 1.8753136902144467, 1.8713000019391375, 1.8677620309771916, 1.8653982444242996, 1.8614725786628143, 1.8559565381570293, 1.8526814227754418, 1.848887774980429, 1.8454525181741432, 1.8427988462375875, 1.840699857834614, 1.8363571157961183, 1.8350858525796372, 1.8311559052178352, 1.8288583448438935, 1.8236516027739553, 1.823007409319733, 1.8210181846763145, 1.8163856565952297], "train_acc": [21.857787354187476, 27.420174486689092, 29.283362466720586, 30.30437681436869, 31.10103487511058, 31.720401369170965, 32.15905695759038, 32.53753261998685, 32.91446375460336, 33.21242760417356, 33.58767011401014, 33.77572311143048, 34.01153007076904, 34.26798004924439, 34.4470141152493, 34.71209739445035, 34.967721150146424, 35.25989518677207, 35.267590805598346, 35.225078590540306, 35.59715554754707, 35.788260086145414, 35.88140317332556, 36.10112349919658, 36.10677313672593, 36.30590987109064, 36.49879980418985, 36.75466068786982, 36.745119289841234, 36.89208105888409, 37.1368129253506, 37.21503216318412, 37.28888300453429, 37.50654312394213, 37.58668526669416, 37.72300896673972, 37.77228927964631, 37.943405305847165, 37.993074395301676, 38.21388021898294, 38.301043770685695, 38.36790361467871, 38.505040387176756, 38.64282259682126, 38.552525993755964, 38.74425027447332, 38.97516411328562, 39.01265132084642, 39.13965076979004, 39.12183320695398], "val_loss_l1": [2.2327017068862913, 2.1227102994918825, 2.073490524291992, 2.0405943751335145, 2.015797793865204, 2.0034132480621336, 1.9865214824676514, 1.9755641818046572, 1.9648202419281005, 1.9584648847579957, 1.950072956085205, 1.9422261238098144, 1.935804569721222, 1.9310187816619873, 1.9249782919883727, 1.9213325858116153, 1.9172025680541993, 1.9127375841140748, 1.9092876434326171, 1.9033328533172607, 1.8999321937561036, 1.8985485315322876, 1.8970645546913147, 1.896588921546936, 1.8915106892585756, 1.8870677828788758, 1.887779712677002, 1.8869153022766114, 1.8825126528739928, 1.8803561449050903, 1.8819378495216372, 1.877869760990143, 1.8769195199012756, 1.8750905871391297, 1.8738651514053344, 1.8713885664939882, 1.8732787132263184, 1.871961557865143, 1.8689366579055786, 1.8703715682029725, 1.8703991532325743, 1.8697951436042786, 1.8647809147834777, 1.8669988751411442, 1.8666131496429443, 1.866787827014923, 1.8646557211875914, 1.8669106602668761, 1.865880584716797, 1.8648417353630065], "val_acc_l1": [27.869755370410054, 30.12111207696538, 31.72451655889732, 32.66633903760222, 33.205475762511604, 33.33044163314281, 33.89740441174042, 34.308181942677734, 34.67463717194516, 34.78671407958665, 34.9454680784749, 35.09942778582275, 34.87164907678662, 35.52011072065821, 35.67197916717373, 35.66650401522797, 35.657066538998365, 35.74862586631529, 36.23263700113674, 36.13936996978154, 36.51361611739337, 36.513482945812676, 36.311446279008436, 36.237688446732086, 36.20159467579611, 36.553964763267544, 36.72055605057741, 36.580265830592815, 36.64787055402067, 36.90260974633745, 36.74489479611041, 36.76062580095581, 37.0111142435534, 37.08377940580778, 37.22967181359606, 36.958506260749445, 37.18951785191929, 37.028522413380436, 37.05832334882025, 36.93463559716721, 37.3164043098589, 37.147372069986076, 37.04298529033578, 37.46197600024045, 37.290632471019315, 37.2301356858785, 37.223456177220505, 37.22730703678558, 37.28005587703478, 37.27369057035689], "val_loss_l2": [2.8604313373565677, 2.910555601119995, 2.9772660970687865, 3.010415053367615, 3.0023973703384397, 3.0079084157943727, 3.017765736579895, 3.0096574544906614, 3.0236818313598635, 3.0091728210449213, 3.0275056838989256, 3.038203430175782, 3.0435501098632813, 3.028423738479614, 3.0211360931396487, 3.053976893424988, 3.045717549324036, 3.099505877494812, 3.068125057220459, 3.0619596719741824, 3.075508141517639, 3.083591628074646, 3.086562538146972, 3.0805552482604983, 3.0837002038955688, 3.0899068355560306, 3.0823401927948, 3.099388337135315, 3.108448100090027, 3.1097450494766234, 3.130722546577453, 3.126902103424072, 3.1232513189315796, 3.1309588670730593, 3.1326160669326786, 3.1350972175598146, 3.1243577957153317, 3.154633259773254, 3.1794693946838377, 3.155465054512024, 3.157698059082031, 3.161861300468445, 3.1466861009597777, 3.1768320560455323, 3.15673303604126, 3.1903103590011597, 3.181474614143372, 3.1914564609527587, 3.1728335857391357, 3.200761103630066], "val_acc_l2": [16.095048891085646, 15.640900363332126, 15.634398508589335, 15.92981292493605, 16.35552157521879, 16.384496841246612, 16.4512952176282, 16.912021334807214, 16.82822145468585, 17.375487230480008, 17.51701494038665, 17.465893243388887, 17.28708207132423, 17.712352427440923, 17.768007616409903, 17.75162879224295, 17.708764843141726, 17.690603114634207, 18.16315416050594, 18.463342869484187, 18.17702419893052, 18.32685317863909, 18.511452574557712, 18.942335844820157, 18.518757610656795, 18.375362847811143, 19.131643636433022, 18.85577545762721, 18.72964968244156, 19.268765804999404, 18.939682439310285, 19.268254262301685, 18.80497813642889, 19.409248404395267, 19.397144870229404, 19.518274617868876, 19.381489770703975, 19.492838553282493, 19.29882267617657, 19.325596087078697, 19.608700808235508, 19.816722291548544, 20.209473081744818, 19.4579942234477, 19.956860835922264, 20.0804299473584, 20.002960365705206, 20.01293353256672, 20.456927896330484, 19.95403637301905], "test_loss_l1": 1.8797495245933533, "test_acc_l1": 37.65745425561363, "test_loss_l2": 3.251587080955505, "test_acc_l2": 20.66126624418616}