{"epoch_idx": 100, "model_save_file": "models/LSTM/128/ESEN_100-00/ESEN_100-00_2.pt", "best_joint_acc": 29.345698670996555, "best_joint_loss": 2.490144175291061, "best_epoch_idx_loss": 8, "best_epoch_idx_acc": 86, "run_time": "477s", "train_loss": [2.5612678347211904, 2.2127794045390514, 2.140829631776522, 2.0996098897673865, 2.072994938402466, 2.050867472634172, 2.036738869818773, 2.022198481090142, 2.009654335903399, 1.999349239197644, 1.9909006050138762, 1.9820061118313763, 1.975330769112616, 1.9666127968918194, 1.959081637136864, 1.9547900169184713, 1.9469895751187298, 1.9417558583346284, 1.935332148364096, 1.9298049437277252, 1.9251257840431095, 1.9193764130274455, 1.9153479382847298, 1.9113736143617923, 1.904918411464402, 1.9006961015137755, 1.8973002795017124, 1.892552078673334, 1.887583997213479, 1.8832506374879319, 1.8820057475205627, 1.877985274249857, 1.871710243550214, 1.8668585762833108, 1.8655125453616632, 1.8605831274480533, 1.8569947779178615, 1.8549048403898873, 1.8518630464871724, 1.8468912343184156, 1.8439974387486773, 1.8421140430551581, 1.8386953382781055, 1.8358110650019221, 1.8322031272180148, 1.8300452214298824, 1.825669887391004, 1.8222959204153582, 1.8210120697816214, 1.8174362679322564, 1.8152118885155881, 1.812566640702161, 1.8119989091699773, 1.8083281020323434, 1.8033222240028965, 1.8035821797269758, 1.8001216469389019, 1.7965421676635744, 1.7944869417132754, 1.7915626502398294, 1.7924871968500553, 1.7882467725060196, 1.7857167874321789, 1.785535898172494, 1.7827551220402569, 1.7811298560012472, 1.780303231694482, 1.7779315935842919, 1.7732323859677166, 1.7707713806267944, 1.7702029428698802, 1.768996682130929, 1.7674147522810735, 1.7652539728265824, 1.7616839535308606, 1.762331907496307, 1.7594520837971659, 1.7570839262369906, 1.7575606586355148, 1.7538742287592453, 1.7527930456580536, 1.7512272668607307, 1.749602699821646, 1.7479534808433412, 1.7471490222396273, 1.7440847628044356, 1.743258642427849, 1.7409737642967338, 1.7405835940982357, 1.741305114644947, 1.7378224315065325, 1.7365835390307687, 1.733533824032003, 1.7326450104063202, 1.7304842806223661, 1.7294597336740203, 1.7317868931726972, 1.7285833151051493, 1.7272539536158253, 1.723885704170574], "train_acc": [22.39193568797605, 27.65766451090243, 29.379256313072755, 30.40206592598975, 31.111400752331182, 31.74297040012728, 32.08367512667977, 32.543142858206714, 33.010174643502545, 33.12570783088618, 33.50930198104457, 33.78353347430085, 33.88589088936248, 34.291448728784125, 34.46998134594097, 34.72108212949063, 34.90143122863777, 35.073368521768884, 35.20580805715589, 35.438760328941186, 35.575303844955414, 35.86940649898319, 35.89839357606661, 35.95130593138259, 36.175229248977075, 36.34755643724496, 36.46310743486701, 36.59893162832267, 36.749824027642426, 36.95046601148194, 37.07138541992087, 37.09220045409505, 37.264853553562425, 37.565970792813395, 37.52306944029364, 37.51382134742805, 37.708622434742566, 37.914602845654535, 37.95164829109123, 38.13062815334646, 38.160958301901616, 38.37377026785071, 38.4651667556708, 38.6735128763948, 38.662709924699676, 38.710902737491345, 38.85071868345294, 38.95491005260012, 39.172559703570045, 39.084907056437466, 39.098700605919966, 39.283982105456055, 39.27933477061918, 39.2969642430968, 39.646063796086274, 39.69839001164373, 39.666319831197065, 39.801001566490434, 40.02700968400149, 39.975057103920086, 39.83567061116797, 40.126349760892694, 40.1747981095419, 40.13548873445315, 40.18043493814686, 40.247136985575686, 40.38027668402719, 40.54411392579836, 40.5561478757404, 40.70344013655358, 40.785315852844356, 40.81675490128535, 40.911412480910144, 40.82331283330417, 40.930655607971254, 40.86426959693044, 40.95498247517289, 41.1154807687373, 41.157335596035395, 41.13845928148469, 41.15644251528062, 41.327850519525384, 41.2521517073408, 41.37465797979627, 41.39575266883945, 41.53630388993297, 41.659695757041746, 41.586212760885445, 41.67742725122969, 41.66202641748994, 41.74998759381733, 41.7068377978817, 41.77085627420096, 41.89178822728387, 41.904711486954675, 41.90995608364372, 41.9431416566037, 42.00047374414274, 42.11668029154691, 42.053929606240594], "val_loss_l1": [2.227538704872132, 2.121394491195679, 2.0700720787048343, 2.038670814037323, 2.019105875492096, 2.0024842023849487, 1.9851885318756102, 1.9773446679115294, 1.9653369545936583, 1.9554224610328674, 1.9486808657646182, 1.9412055373191834, 1.933985161781311, 1.932220482826233, 1.9249547481536866, 1.9193505525588987, 1.9172077536582948, 1.9118988990783692, 1.9085277080535887, 1.90368218421936, 1.9043128967285157, 1.901605248451233, 1.8986441969871521, 1.8943081498146057, 1.8924479484558105, 1.889092218875885, 1.8888460516929626, 1.8847395062446595, 1.8827632784843444, 1.8832956910133363, 1.8779783844947815, 1.878247511386871, 1.8773104906082154, 1.877670633792877, 1.8790097236633303, 1.8732140421867371, 1.8740734457969666, 1.8753691911697388, 1.8741798400878908, 1.8715769171714782, 1.8722393035888671, 1.8723943114280703, 1.8695700526237489, 1.8699716806411746, 1.871270751953125, 1.8684185028076172, 1.870213294029236, 1.866783082485199, 1.867812132835388, 1.8704900503158566, 1.8689584851264953, 1.8737908005714417, 1.8667263507843017, 1.8662577271461487, 1.8692975997924803, 1.8662286877632144, 1.86834477186203, 1.8688688158988953, 1.8708625793457034, 1.8667399168014525, 1.8691169977188111, 1.870134496688843, 1.8691706418991088, 1.867727816104889, 1.8710815429687502, 1.8741795897483824, 1.8742212295532228, 1.8742720246315006, 1.8746122241020204, 1.8805400371551513, 1.8729023456573486, 1.875402319431305, 1.877138912677765, 1.8760773897171021, 1.8778940796852115, 1.8807710766792296, 1.878789734840393, 1.8788136839866638, 1.8818191289901736, 1.8796609044075014, 1.8822472810745239, 1.8795090198516846, 1.8796849250793457, 1.8818675637245177, 1.8899365425109864, 1.8807712554931642, 1.8849485993385315, 1.8811886668205262, 1.885569715499878, 1.8872438192367555, 1.8884294271469118, 1.8871639251708985, 1.8859578371047974, 1.89247043132782, 1.8900782108306884, 1.8872353434562683, 1.887782597541809, 1.888139009475708, 1.8933510065078736, 1.8922158241271974],