{"epoch_idx": 50, "model_save_file": "models/LSTM/128/ESEN_100-00/ESEN_100-00_9.pt", "best_joint_acc": 28.857183951146396, "best_joint_loss": 2.489999145269394, "best_epoch_idx_loss": 23, "best_epoch_idx_acc": 48, "run_time": "213s", "train_loss": [2.57592702995647, 2.2026605118404747, 2.134299027197288, 2.094311696110351, 2.0703584795648418, 2.049305421836449, 2.034770119370835, 2.023549619949225, 2.010109658494139, 1.999546081730813, 1.9916514447241123, 1.9820355348514789, 1.9750588951688826, 1.9679540775038975, 1.960466520352797, 1.95361796653632, 1.94952396551768, 1.943554507060485, 1.9378436821879763, 1.9314849494081554, 1.9268501635753743, 1.9203271450418418, 1.9175571121952757, 1.911296178897222, 1.9048629502455394, 1.9011575399023117, 1.8966818524129465, 1.8945927637996096, 1.890186652089611, 1.8857568764325348, 1.8820911718137336, 1.8761026985717544, 1.8730848612207351, 1.868118291551416, 1.864890968257731, 1.8586568516312216, 1.8572494360533622, 1.854005418943636, 1.8486192127068832, 1.8454853106628766, 1.842461261785392, 1.8410220751256652, 1.8369351164861163, 1.8348199842554147, 1.8296880767200938, 1.8264143475980474, 1.8254879974957667, 1.8199077465317468, 1.816961340831989, 1.8164450905539773], "train_acc": [22.101777683933907, 27.827238553794917, 29.4083212957596, 30.43680732667137, 31.212181309748427, 31.70583765557884, 32.12721776242774, 32.56856874147608, 32.97223034160685, 33.24956295099297, 33.54087872040954, 33.642519504313725, 34.144448457132384, 34.229416376139866, 34.58233812468019, 34.69815366144696, 34.78092375345733, 35.05276158967688, 35.129715149229284, 35.38265441035737, 35.67813827182533, 35.86079650010121, 35.82221335927377, 35.98530958059361, 36.30820414229058, 36.34719765640582, 36.53076778739336, 36.62761020492752, 36.823828137428684, 36.988871456990395, 37.167789586905165, 37.278118420423255, 37.20555532868437, 37.54824298044712, 37.44343429211463, 37.72826123152381, 37.70528517310244, 37.866709089696805, 38.001998143537485, 38.11285449319248, 38.29288722977756, 38.17379718305205, 38.45736390811956, 38.61463006898647, 38.6868234123173, 38.79528413659173, 38.96600906456937, 38.99418560571922, 39.19713481510998, 39.12255074254547], "val_loss_l1": [2.2140014886856085, 2.1153651714324955, 2.06310727596283, 2.037100350856781, 2.015951347351074, 1.9984973788261413, 1.9901031017303465, 1.9826457977294922, 1.9686535835266115, 1.9594844222068786, 1.9536547899246215, 1.949615502357483, 1.9411384582519533, 1.9375499725341796, 1.9324640989303588, 1.9268500804901123, 1.924090576171875, 1.9190213680267334, 1.9146112084388733, 1.912774682044983, 1.9099567294120787, 1.9051971197128297, 1.9012672305107117, 1.8999466776847838, 1.8977681756019593, 1.8932875275611876, 1.8935819506645202, 1.8914775252342224, 1.8898598313331603, 1.8865064740180968, 1.8864869832992555, 1.8854742407798766, 1.884743940830231, 1.88276709318161, 1.8803147077560425, 1.8800892233848572, 1.8800694584846498, 1.8762515306472778, 1.8787361264228821, 1.8777547717094423, 1.8775433659553529, 1.8735035538673401, 1.8738795638084411, 1.8764004945755004, 1.8720418810844421, 1.8763038396835328, 1.8769422054290772, 1.8747857809066772, 1.874719524383545, 1.8728882551193236], "val_acc_l1": [29.124626172046394, 30.54913454282167, 32.19411115824027, 32.525931854320895, 32.9995144440824, 33.2483359741133, 33.57308351432938, 34.08963598779687, 34.37519257814793, 34.77299937569037, 35.02396010486476, 35.10803808065471, 35.483844913712375, 35.66358856896283, 35.5922011123252, 35.83841341305055, 35.93206688642446, 35.67966307149357, 35.90279391083451, 36.355300598294725, 36.32813276897136, 36.16125724389515, 36.51710369665464, 36.58193721013889, 36.30257639118883, 36.72423202265439, 36.63176960892904, 36.608695150982896, 36.87888535544752, 36.68761553667739, 36.775259028157386, 36.926089547867015, 37.0010597571231, 37.07647165558641, 37.082543402280706, 37.23362898714947, 37.42325825883823, 37.550876084485544, 37.52558516583262, 37.54022508067247, 37.459097597159804, 37.57994205167077, 37.538557004908, 37.51269445079157, 37.68457990295749, 37.721431693417884, 37.476439771707064, 37.83758475827512, 37.83457692952009, 37.66260283933135], "val_loss_l2": [2.8944329261779784, 2.902249240875244, 2.9465828895568844, 2.998495626449585, 2.9720074415206907, 3.011454105377197, 3.039627814292908, 3.016540455818176, 3.0340415239334106, 3.0614829540252684, 3.0379138231277465, 3.077009534835815, 3.0446664571762088, 3.0873602390289303, 3.095977807044983, 3.081951999664306, 3.0756417036056516, 3.084429740905762, 3.099775075912476, 3.074248147010803, 3.1160446882247923, 3.0888621330261232, 3.0787310600280757, 3.0801419973373414, 3.1335944890975953, 3.0983847141265866, 3.0997857332229612, 3.115059661865234, 3.1029538393020633, 3.1093263626098633, 3.1320315837860107, 3.1185950756073, 3.1354823350906376, 3.124436450004578, 3.147953701019287, 3.136008310317993, 3.16420955657959, 3.178172492980957, 3.1907068014144895, 3.18967559337616, 3.2033461093902584, 3.171152305603027, 3.192610788345337, 3.203663444519043, 3.169998860359192, 3.1937541007995605, 3.2080501317977905, 3.213019680976868, 3.2263792037963865, 3.215267848968506], "val_acc_l2": [15.576908325310344, 15.91103715677793, 16.18867098195147, 16.515366788331278, 16.537196605523746, 16.449052246397873, 16.546007731345096, 16.69835725745647, 17.451543391132866, 17.113109805945903, 17.318434415293574, 17.521126807068494, 17.70611795854473, 17.65245182257983, 17.85642265648301, 17.466711602686974, 18.12527970883932, 18.263127098968326, 18.07228284921883, 18.207138940372086, 18.439743545026282, 18.536379174176037, 18.8033408499501, 18.577863284457138, 18.370530503199653, 18.636934908473524, 18.914161099348046, 19.221191918305244, 19.210709885346517, 19.16535681968985, 18.963083235153587, 19.4791710188433, 19.360403432375033, 19.286452868193233, 18.86645177494702, 19.16572694613507, 19.514599078937085, 19.470609619377473, 19.53849189527021, 19.4168691628821, 18.87738489895939, 19.65762161796855, 19.791414248633554, 19.63217487727995, 19.995767896656563, 19.839012350895054, 19.684951809549002, 19.87678314401767, 19.696519407856535, 19.719699674184344], "test_loss_l1": 1.882233214378357, "test_acc_l1": 37.43361859625519, "test_loss_l2": 3.2641586303710937, "test_acc_l2": 20.25864103249024}