{"epoch_idx": 100, "model_save_file": "models/LSTM/128/ESEN_100-00/ESEN_100-00_4.pt", "best_joint_acc": 29.70068582283976, "best_joint_loss": 2.4696514010429382, "best_epoch_idx_loss": 28, "best_epoch_idx_acc": 99, "run_time": "473s", "train_loss": [2.5822306311491765, 2.2100497881571446, 2.1378099123636876, 2.0972448713851692, 2.070371402935548, 2.049561097766414, 2.0327103156031967, 2.0218782849384085, 2.009377320607501, 1.9993170996507017, 1.990985963380698, 1.9820494073809996, 1.9739049916917628, 1.9665112576701433, 1.960205975807075, 1.9518774576259383, 1.9486683516791377, 1.9403371187773624, 1.9345210754510127, 1.9298023283481602, 1.9265019279537785, 1.921058581634001, 1.9135746558507287, 1.9085404096227703, 1.9048412920850692, 1.9015408086054253, 1.8965761824087666, 1.8916182743780536, 1.8860264528881423, 1.8835414422280856, 1.8787881713924988, 1.8766332494490081, 1.8720427001967577, 1.8684314435178584, 1.8638689256075651, 1.8614352182908491, 1.857460746259401, 1.8542998225399945, 1.8520912094549693, 1.8480158285661177, 1.8429980594100368, 1.8425250839103349, 1.8366486836563458, 1.835771864110773, 1.8322292286338229, 1.8301321809942073, 1.8281884012800282, 1.8236698860471894, 1.8205503992962115, 1.8171863691373298, 1.8123307426770534, 1.8127199447516245, 1.810153397646818, 1.8082954702955303, 1.8066849509874978, 1.8019420287825851, 1.7993649659734778, 1.796145922306812, 1.7953748874592057, 1.792824059724808, 1.7885238708871778, 1.7871544632044707, 1.784085480552731, 1.7837324828812562, 1.7806918828776381, 1.7776721291469804, 1.7749931098836835, 1.7749249691312963, 1.772342289939071, 1.7700909340020379, 1.7697610864133546, 1.7687639973380345, 1.7654572355024742, 1.7642028620748813, 1.7595863459688241, 1.7620808301549975, 1.7579045404087412, 1.7555741071701043, 1.7565056699695003, 1.7512411402933523, 1.7500779673908693, 1.7511103667996155, 1.74719444549445, 1.7444568899544808, 1.7453630015705563, 1.74325414408337, 1.740311591011104, 1.740339250275583, 1.739979434193987, 1.7399069657831479, 1.737244932037412, 1.7340370407610224, 1.7320454012263902, 1.7312563901597808, 1.7298014615521284, 1.7294975139878013, 1.7288227839903396, 1.7250859078132752, 1.7257017737085167, 1.7235294273405364], "train_acc": [22.100531519675876, 27.646617385514002, 29.235593180639718, 30.574591706909377, 31.04333722753409, 31.855852176036702, 32.222166496655646, 32.53939327794453, 32.96985190282675, 33.29305173696923, 33.52554296418088, 33.67735373242377, 34.02050433142742, 34.165408990027444, 34.46045880817131, 34.719256566056636, 34.90028191704667, 34.963206422469646, 35.335679153906376, 35.43313645534328, 35.60014866820467, 35.7744756062251, 35.865552482664675, 36.0756368424508, 36.227178274428844, 36.33293277798998, 36.49938010407182, 36.66663972032548, 36.75768479306315, 36.80718634718244, 36.91542578300065, 37.043848039369436, 37.131347657807325, 37.32802923119021, 37.42071744782987, 37.523679372328466, 37.719667654230555, 37.701870014304134, 37.909496231249726, 38.0866088652458, 38.13425844647755, 38.215005918353235, 38.45781274167503, 38.368998658638986, 38.546347211364605, 38.53780060171713, 38.69411520089366, 38.97556624955584, 38.978467032674516, 39.01816425141735, 39.20618051093596, 39.204562537739115, 39.31972889074403, 39.27620691558377, 39.26119817432147, 39.47724677865324, 39.59296562074365, 39.72957644648012, 39.750497940276865, 39.85015923319656, 39.876636670896765, 40.022273664167244, 40.11609830647325, 40.01574136221933, 40.28353674579187, 40.26284236263245, 40.43354253002522, 40.31983468912929, 40.5790559989631, 40.62145009328677, 40.41432370834541, 40.50581374326399, 40.83167586936219, 40.72106011106098, 40.87573422614484, 40.852676202786306, 40.86838000636417, 41.15990087056859, 41.071414601652585, 41.08038516894708, 41.26750681371842, 41.06678846462013, 41.36675196488748, 41.382641178209056, 41.40452870662394, 41.523455382527544, 41.628706681660795, 41.44926064419903, 41.631361920297834, 41.643063130000925, 41.554278100246776, 41.67223221074323, 41.79921322035486, 41.94905556830278, 42.005238007164955, 41.87584611610343, 41.916331312181086, 42.117019062566406, 41.99398159575208, 41.999950341430576], "val_loss_l1": [2.232253623008728, 2.1172919273376465, 2.0674181938171383, 2.033651661872864, 2.0106527090072635, 1.9949115872383116, 1.9818880438804627, 1.9718328833580017, 1.9663096427917481, 1.9561866641044618, 1.9461067676544188, 1.9386733174324036, 1.933275008201599, 1.9274122714996338, 1.9227155804634095, 1.9180139541625976, 1.9115912556648256, 1.907850134372711, 1.903265631198883, 1.9012395143508913, 1.8970195651054382, 1.89333074092865, 1.890327286720276, 1.8900247931480407, 1.8857810497283936, 1.8861452341079712, 1.8819390654563903, 1.8784363269805908, 1.8768319845199586, 1.8731374621391295, 1.873261523246765, 1.871587014198303, 1.8728590488433838, 1.8684931874275208, 1.8662093281745913, 1.8667234182357788, 1.8673492074012756, 1.863599169254303, 1.8674855470657348, 1.8627939581871034, 1.8628571987152098, 1.8624559998512267, 1.8621204972267151, 1.8594244837760927, 1.858268070220947, 1.857910656929016, 1.8567451477050778, 1.8573219656944278, 1.8565801501274108, 1.8582415223121644, 1.8574995279312134, 1.8614810109138489, 1.8570794701576232, 1.8561429619789125, 1.8556337118148805, 1.8559491991996766, 1.8595245480537415, 1.8569522857666017, 1.8563769817352294, 1.8565916180610655, 1.8571430563926699, 1.855623233318329, 1.8533768057823183, 1.8583448290824889, 1.8564222931861876, 1.8605160236358642, 1.8634185910224914, 1.8658780336380003, 1.8641722440719601, 1.8642081379890443, 1.863656461238861, 1.8626944780349732, 1.8599986076354982, 1.8615571022033692, 1.8697590351104736, 1.8651583313941955, 1.8643852353096009, 1.863943636417389, 1.8597451806068421, 1.8655156493186953, 1.8635310053825378, 1.863550841808319, 1.868786656856537, 1.8674273252487184, 1.8637848138809203, 1.8657183051109314, 1.867374849319458, 1.8642092227935794, 1.865506684780121, 1.869363033771515, 1.868256974220276, 1.8673964023590088, 1.871494960784912, 1.868138039112091, 1.8719639778137207, 1.8683817982673645, 1.873659372329712, 1.8737245202064514, 1.878622019290924, 1.873738670349121],