{"epoch_idx": 100, "model_save_file": "models/LSTM/128/ESEN_100-00/ESEN_100-00_0.pt", "best_joint_acc": 29.377533777857238, "best_joint_loss": 2.477496522665024, "best_epoch_idx_loss": 22, "best_epoch_idx_acc": 88, "run_time": "461s", "train_loss": [2.6036093108581766, 2.216064380876946, 2.142361079201555, 2.099715501973123, 2.0720992323124046, 2.051887836420175, 2.03519496231368, 2.0248016552491612, 2.011466315298369, 2.0010992297620476, 1.9923963194543666, 1.9842445353666935, 1.973889643495733, 1.969318757454554, 1.9622966963233373, 1.9546681895400537, 1.9475733041763308, 1.9432619575298191, 1.9370378806735533, 1.9292446772257492, 1.9238255520661673, 1.9201574199127425, 1.912429838469534, 1.909310283986005, 1.905970904863242, 1.8986130284540577, 1.8963953112110945, 1.8907713429494337, 1.8844366461941693, 1.8824781919970652, 1.8782053445324753, 1.8746258788036576, 1.8705941258054788, 1.8653820283485183, 1.864059521393342, 1.8608034578236676, 1.856984507856947, 1.8511717960690008, 1.848554139787501, 1.845245122909546, 1.8422734918016375, 1.8404956378720019, 1.8352940678596497, 1.833353290052125, 1.8311435688625677, 1.829406269571998, 1.8237760401133338, 1.8209830937963543, 1.8190746370590103, 1.8159867723782852, 1.8104854993747943, 1.810300469398498, 1.8078354804804821, 1.8069767635880094, 1.8023843151150327, 1.8012547095616658, 1.7978738239317227, 1.795332795742786, 1.7932434226527356, 1.7901781607757912, 1.7868452921058198, 1.7856439054012305, 1.7837558397741027, 1.779898612788229, 1.7787099001985611, 1.7758566710081967, 1.774883194403214, 1.771972952467022, 1.771166190053478, 1.766776981678876, 1.7675777158953923, 1.7661874790986376, 1.7627189376137473, 1.7597243018222568, 1.75863954334548, 1.7567367878827185, 1.755844414234162, 1.753538118167357, 1.7521128365487768, 1.7489343890638063, 1.7480468704844963, 1.7459086902213827, 1.7451333864168688, 1.7442377119353327, 1.741145476247325, 1.7401647486469962, 1.7405268893097383, 1.7367613180117172, 1.733957299680421, 1.7349789639314013, 1.7339691519737237, 1.7324842106212275, 1.729446104078582, 1.7286796759475365, 1.7269119105555801, 1.7251802962837797, 1.724305965683677, 1.7209389462615508, 1.7213120632099381, 1.719517850514614], "train_acc": [21.768752771255865, 27.662737440416375, 29.238073838688415, 30.336807117728654, 31.082160882521908, 31.53918955513372, 32.12976103943793, 32.31763718455791, 32.92367329713864, 33.09777917015712, 33.375265444456986, 33.68023350743826, 33.9265208613311, 34.07816044104377, 34.36707476989989, 34.596983128977904, 34.65974930205607, 34.87650707589755, 35.227950783550575, 35.34980710010255, 35.59027769640568, 35.694375894414286, 35.93234965797986, 36.110959261894514, 36.23822649199863, 36.4561515670858, 36.509242369396276, 36.67540337401196, 36.80746896997319, 36.91646466580906, 37.03390365965988, 37.23237778251639, 37.33944181721848, 37.62737479703444, 37.53863337656886, 37.68650858900604, 37.680809880833806, 37.84749712780139, 38.02375157250209, 38.15147714577986, 38.28833110848107, 38.38384858477064, 38.474309845666475, 38.50353928220327, 38.50955932348326, 38.58842644442998, 38.771329444456356, 38.954776586899634, 38.93754529711614, 39.01428460618141, 39.35467958656456, 39.18504060014666, 39.41008841573386, 39.37589663263476, 39.56868860996333, 39.526724602196204, 39.48122992529902, 39.819595863904766, 39.88032333772955, 39.845234522634485, 40.07062642849445, 39.922201206475776, 40.146052118388965, 40.2350085782676, 40.362281396375664, 40.39706980750927, 40.32155948669673, 40.466672909093525, 40.457792133371065, 40.808287657858195, 40.637659190608254, 40.54799574436081, 40.917007298197426, 40.834013271751815, 41.02720638205293, 40.96306827793987, 40.98993302323049, 41.097422321704535, 41.19103647650729, 41.1641057224017, 41.25466858326425, 41.285722262135785, 41.31368282558182, 41.351453018557216, 41.54020020190849, 41.474365073532454, 41.46891835875782, 41.5987268271854, 41.84360670888399, 41.67882041273425, 41.77497491583455, 41.806637458750814, 41.799293201575935, 41.98132586010832, 41.9488850417395, 42.008946113787225, 42.09050499735586, 42.07582487583612, 42.046735349452064, 42.33777016706712], "val_loss_l1": [2.237609696388245, 2.1247353553771973, 2.0696466445922854, 2.0378031015396125, 2.016882002353668, 2.0000468492507935, 1.9896676301956175, 1.9763639450073243, 1.9674219489097595, 1.9619863867759704, 1.95059175491333, 1.9462831854820253, 1.9371754646301267, 1.9315207839012145, 1.9267545461654663, 1.921695053577423, 1.9147455096244812, 1.9145735383033753, 1.9094643354415894, 1.902756357192993, 1.900030291080475, 1.8964861750602724, 1.8956780672073363, 1.8919022321701051, 1.8885371208190918, 1.8853516936302186, 1.8824781417846679, 1.8805426359176636, 1.8765436530113222, 1.8800155758857726, 1.8746591448783874, 1.8769531011581417, 1.8713070392608644, 1.8719047665596007, 1.867877757549286, 1.8711397409439088, 1.8667002558708192, 1.8632339119911194, 1.8643893122673036, 1.8634912252426148, 1.8644086837768554, 1.8628936886787415, 1.8629527091979978, 1.86238032579422, 1.8612316131591795, 1.8598738551139833, 1.862498939037323, 1.8607030868530274, 1.8605863809585572, 1.857952058315277, 1.8603671789169312, 1.8610063195228574, 1.8608444809913636, 1.8641509532928469, 1.8598005771636963, 1.8619919896125796, 1.8629297852516173, 1.8627278566360475, 1.8609369277954102, 1.858971619606018, 1.8653919696807861, 1.8610081434249877, 1.8645872712135314, 1.862179720401764, 1.8617871522903444, 1.859705138206482, 1.8643694281578063, 1.861723053455353, 1.8661110043525695, 1.8674326062202453, 1.8648664712905885, 1.8641274333000184, 1.8696642160415649, 1.8633608937263486, 1.8677367210388185, 1.865032947063446, 1.8664210915565491, 1.8721885442733763, 1.8742153763771057, 1.8727002263069155, 1.8750117182731627, 1.867211401462555, 1.8710817933082577, 1.869927966594696, 1.8737199664115907, 1.8726958274841308, 1.8704746723175047, 1.8778114557266237, 1.8775873064994812, 1.8764423966407775, 1.8749780058860779, 1.8765936613082888, 1.8775133728981017, 1.8783195972442626, 1.8813828825950623, 1.8819873929023743, 1.8778978943824767, 1.881523585319519, 1.881150722503662, 1.8759020447731016],