{"epoch_idx": 50, "model_save_file": "models/LSTM/128/ESEN_100-00/ESEN_100-00_7.pt", "best_joint_acc": 29.014266614719446, "best_joint_loss": 2.477953022718429, "best_epoch_idx_loss": 20, "best_epoch_idx_acc": 48, "run_time": "212s", "train_loss": [2.588177093953798, 2.1986013452211997, 2.1311864979339377, 2.0932142481659395, 2.066639959812166, 2.0480174368078057, 2.032061538913032, 2.0204850588784087, 2.0090281078309715, 1.999421815077463, 1.9905101331797523, 1.980180594054135, 1.9729437502947726, 1.9671419497692226, 1.959208653731779, 1.95270828315706, 1.9466945077433724, 1.9422251952416973, 1.9363233663819055, 1.9290550053119657, 1.9267765292615595, 1.917868712634752, 1.913771129918821, 1.9117030167218416, 1.9051707287629445, 1.9006867553248545, 1.8957600403915755, 1.8916794404839021, 1.889466512383837, 1.8856714151122358, 1.8812853693962097, 1.8757310338092574, 1.8739620402003787, 1.8660100156610662, 1.8649020438844515, 1.8605045071153927, 1.8587240901860322, 1.8541255313338652, 1.8510359561804568, 1.8481185680085965, 1.8450073608846376, 1.841414295362704, 1.8376221096876886, 1.8375649497364501, 1.8324161776990604, 1.8291237625208765, 1.8268482116135683, 1.8227462280880324, 1.8210419895070973, 1.8194114674221382], "train_acc": [21.670200199822975, 27.748074796125856, 29.50496436936251, 30.50832705636217, 31.303743280749348, 31.838422970019362, 32.268454996100765, 32.5777798937656, 32.94041457994507, 33.244443285539354, 33.58217501115958, 33.86134722561516, 34.04907661427904, 34.167837645163246, 34.43125365590505, 34.64015788209651, 34.9936741863864, 35.029475181935545, 35.191258812832, 35.20568595799505, 35.517599303921756, 35.790010191066514, 36.0064750516316, 36.004933817185595, 36.24371014953617, 36.32194225573553, 36.48239494289447, 36.56123642702454, 36.77298658577993, 36.80150563644558, 36.948611879953205, 37.099692910937684, 37.30196414710394, 37.518196535066174, 37.55314137070097, 37.68575692176045, 37.723792846876385, 37.763627360000484, 37.92124383507809, 38.13489213499678, 38.1979430006692, 38.30878492442996, 38.381405688610926, 38.39012485783318, 38.62740735475322, 38.723867388760475, 38.908453689767136, 38.91517541364257, 38.93929293503882, 39.13854996996664], "val_loss_l1": [2.215286564826965, 2.1084325313568115, 2.0589009046554567, 2.0329950094223026, 2.0111020565032955, 2.0008400201797483, 1.984317696094513, 1.9743224382400513, 1.9652800202369687, 1.9574466705322264, 1.9511210560798644, 1.9423154354095462, 1.9365976214408875, 1.9329990029335022, 1.928762662410736, 1.9209060668945312, 1.917059314250946, 1.9146688938140868, 1.9110206723213194, 1.9081334948539732, 1.9054896593093873, 1.8993472099304196, 1.8999972820281983, 1.8951109766960144, 1.8926962614059448, 1.8936826467514039, 1.8871121048927306, 1.8859773516654967, 1.887544822692871, 1.8831647276878356, 1.879629909992218, 1.8792711496353147, 1.8766357183456421, 1.8784755587577822, 1.8778693556785584, 1.8739118337631226, 1.8732455372810364, 1.8717281579971312, 1.8691173195838928, 1.870323646068573, 1.8691394329071045, 1.8731703162193298, 1.8701908707618715, 1.8685314297676086, 1.8654325604438784, 1.8673535466194153, 1.8688764929771424, 1.8628846883773804, 1.8661859631538391, 1.8680414080619812], "val_acc_l1": [28.51599703304426, 30.62381656755427, 32.01601198698554, 32.71527775183958, 33.044129733190516, 33.263913746790664, 33.73687087310126, 34.07947945083257, 34.08338512510028, 34.58731564081508, 34.866184245894885, 34.96269890080857, 35.21776633563879, 35.328410835362504, 35.24459434195369, 35.582928394598596, 35.68540768293345, 35.92029316665938, 35.82807533658007, 35.807200711530975, 36.00146739728919, 36.19220973595566, 36.34871903565928, 36.46540617280329, 36.15005220531545, 36.42635933851013, 36.25911848210023, 36.604748588874855, 36.53750927896731, 36.9229520594543, 36.908193360122986, 36.78343182448, 36.90840068869797, 36.98574840523785, 36.85038109735319, 37.019879994475666, 37.24359179610736, 37.2141051023893, 37.69890720292775, 37.57497019377371, 37.28357454264115, 37.26379083423892, 37.585902684969696, 37.381443608154655, 37.84725256127854, 37.602010358267464, 37.63130668127984, 37.81188714394805, 37.44608921455038, 37.35847058334044], "val_loss_l2": [2.9075645685195926, 2.9149046182632445, 2.951517367362976, 2.9585411310195924, 3.0101735115051267, 3.0085741519927973, 3.011433792114258, 3.0235501289367677, 3.0185300827026365, 3.0521751165390016, 3.0220862388610845, 3.053991675376892, 3.08414626121521, 3.0684404134750367, 3.0627581119537357, 3.040558934211731, 3.0625639915466305, 3.0445242881774903, 3.051923680305481, 3.0477725505828857, 3.1152069330215455, 3.072194790840149, 3.0849107027053835, 3.1005796909332277, 3.1001972436904905, 3.0923062562942505, 3.083655309677124, 3.104426455497742, 3.117704868316651, 3.135609269142151, 3.0996970653533933, 3.123120880126953, 3.1050373792648314, 3.158301591873169, 3.166025567054749, 3.1456172227859494, 3.1699793338775635, 3.1541775941848753, 3.1481385231018066, 3.183239960670471, 3.1675901412963867, 3.180738353729248, 3.1634790420532224, 3.2083433389663694, 3.1553252935409546, 3.1873313665390017, 3.2066765546798703, 3.17676420211792, 3.2114178180694584, 3.2137484788894652], "val_acc_l2": [15.71035451222758, 16.288929666825826, 16.597326208389234, 16.995779002429895, 16.73456758162265, 17.193961602330024, 17.8009051904381, 17.736383056850503, 18.109908643499065, 18.17578872788533, 18.274500716641995, 18.183174168424443, 18.172163698833398, 18.315600961822643, 17.98066859834533, 18.44954895782073, 18.572381861175966, 19.034865805917292, 18.748373279956112, 19.10738972128106, 18.311042986479293, 19.152946654928428, 19.07213366339921, 19.167358934861582, 19.04651456702824, 19.240177581533846, 19.73287807981487, 19.442360133635592, 19.48258164812684, 19.129224065077906, 19.272318179859237, 19.366992179090637, 19.803451116525338, 18.959956241664983, 19.494794935509663, 19.91932158269812, 19.686074322532104, 19.795675545749454, 19.837751635586557, 19.695003890323605, 19.78097294593587, 19.949263047975727, 19.973515233899466, 19.847525287580197, 20.15919359642948, 20.07541716630015, 20.168405543727317, 20.21664608549084, 20.035125582214576, 20.293979847728117], "test_loss_l1": 1.8762071251869201, "test_acc_l1": 37.78022465867813, "test_loss_l2": 3.279529333114624, "test_acc_l2": 20.676157194215577}