{"epoch_idx": 50, "model_save_file": "models/LSTM/128/ESEN_100-00/ESEN_100-00_3.pt", "best_joint_acc": 28.964502326368347, "best_joint_loss": 2.477472019195557, "best_epoch_idx_loss": 15, "best_epoch_idx_acc": 46, "run_time": "213s", "train_loss": [2.5947865771524836, 2.214962654041523, 2.138625051036025, 2.0975033640861493, 2.070394252285812, 2.049574464559555, 2.0336958359588277, 2.0209551272970248, 2.010341665058427, 2.0002228581544137, 1.9903748595353323, 1.981395852385145, 1.9741313060124717, 1.967500577370326, 1.959034757180647, 1.952688278573932, 1.945921492395979, 1.9408343967163195, 1.935876154538357, 1.9297037503936079, 1.9240739968690002, 1.9189594324791064, 1.9135623429760786, 1.9107270168535637, 1.906784564256669, 1.9000478079824739, 1.896778623263041, 1.89152390035716, 1.8878047077944788, 1.882794383800391, 1.8796320855617519, 1.875515920646263, 1.8717723804892916, 1.8679956757661067, 1.8647459682190057, 1.8615518907705948, 1.8583642551393225, 1.8518092505859602, 1.8500274609435683, 1.8481740852197004, 1.8450056585398582, 1.8397433387510695, 1.837797258839462, 1.834284481677142, 1.8297016421953831, 1.8283837058327415, 1.8241261144479113, 1.8237536314762, 1.8184199667338163, 1.8164091751430973], "train_acc": [21.68102220482795, 27.32920114442521, 29.248022125435966, 30.318619708907242, 31.149629134359618, 31.765247528765947, 32.187481977891636, 32.63944186879071, 32.925584376956685, 33.240308393789995, 33.470727777817125, 33.848214132000535, 33.95124139406468, 34.202130000002136, 34.50272323771928, 34.72269314077031, 34.78948082065727, 35.045452443553245, 35.347116230557276, 35.34456707504169, 35.56031811636122, 35.66003066659442, 35.96406491412075, 35.8939213550524, 36.01938552395456, 36.182358904999994, 36.555626968135144, 36.45491906605657, 36.76730511397578, 36.76964148320717, 36.88974643823903, 37.146978441604816, 37.193074410016074, 37.35021736455513, 37.3623280106957, 37.70059496992365, 37.598422306976516, 37.868596749525935, 37.796830459922866, 37.97051065174994, 38.05174011623018, 38.23271610860301, 38.466432568452255, 38.42188229321366, 38.599427498484204, 38.56935993228668, 38.83205259223534, 38.877745487501834, 38.824518001333374, 38.96514503959134], "val_loss_l1": [2.2323681116104126, 2.1184662580490112, 2.067141032218933, 2.0353639483451844, 2.015874135494232, 2.0019336223602293, 1.9857930541038513, 1.9755069732666015, 1.966824746131897, 1.955267643928528, 1.9511145472526552, 1.9434059619903565, 1.9356207847595215, 1.9320466876029967, 1.9245775222778323, 1.9227858662605286, 1.9157680153846741, 1.911655533313751, 1.9099847197532653, 1.9067753672599794, 1.9046335577964784, 1.899066412448883, 1.8961278200149536, 1.8946648955345153, 1.8909345269203186, 1.8910985112190248, 1.8864864706993103, 1.8856846690177917, 1.8818589806556703, 1.8827294230461122, 1.886168432235718, 1.879765772819519, 1.8773131608963012, 1.8763928055763244, 1.876178514957428, 1.8741268277168275, 1.8729977130889892, 1.8751032948493958, 1.8718611598014832, 1.8724767804145812, 1.8726907968521118, 1.8707605242729188, 1.8739530324935911, 1.8712483048439026, 1.8696088552474976, 1.8661306500434875, 1.8680854320526123, 1.866176950931549, 1.8675705432891845, 1.8679176807403564], "val_acc_l1": [28.293852356331616, 29.743861028444712, 31.940344389912646, 32.67184849509248, 33.16016940365664, 33.12851769825798, 33.26974308282865, 33.948715590100974, 34.13954942414078, 34.715411153004226, 34.987064097308924, 35.183068347947874, 35.217226401135484, 35.44125290066501, 35.24901535029694, 35.70232200069209, 35.793174148117465, 36.04796758501879, 35.74961549048832, 36.10143190071125, 35.84846450922953, 36.2966233680841, 36.280435685068205, 36.511994547467296, 36.36293047744878, 36.33664183285413, 36.57390561198544, 36.654622857838405, 36.98987254416052, 36.91068851965771, 36.842835977893685, 36.6641810942464, 37.34280545030508, 37.318781335463605, 37.06889486338149, 37.17627467880036, 36.795747332822586, 36.86819783342351, 37.209391260554426, 37.01526031866336, 37.13658135801573, 37.15933801824694, 36.860106022939334, 37.42989797618297, 37.27406308215327, 37.3308332433838, 37.31078231811189, 37.61786087067764, 37.458949051015296, 37.54379041612705], "val_loss_l2": [2.877360701560974, 2.8950642824172976, 2.950514054298401, 2.9723614215850827, 2.9812979459762574, 3.01112813949585, 3.0031740188598635, 2.9888853549957277, 3.0176095724105836, 3.0267790794372558, 3.049234795570374, 3.025163269042969, 3.03936231136322, 3.045809745788574, 3.030366516113281, 3.0393869638442994, 3.0446518898010253, 3.048239278793335, 3.084417462348938, 3.0857347965240476, 3.0728095054626463, 3.0885674953460693, 3.0798266887664796, 3.089133167266846, 3.0972871303558347, 3.1121408700942994, 3.1137627363204956, 3.113033795356751, 3.1146939516067507, 3.1513731241226197, 3.163654518127441, 3.1086241722106935, 3.1052947759628293, 3.129544043540955, 3.154529666900635, 3.140686559677124, 3.1503396272659305, 3.191822457313538, 3.1438573598861694, 3.1689985513687136, 3.2063119411468506, 3.192414379119873, 3.1803858280181885, 3.1876030683517453, 3.2024169921875, 3.184185099601746, 3.217279291152954, 3.2086764097213742, 3.2314978837966923, 3.2290411710739133], "val_acc_l2": [15.6163197192332, 15.454781605592414, 15.862206359980727, 16.456693521372237, 16.922356010810145, 16.8321035419481, 16.766688000699972, 17.29612120029485, 17.22642421691784, 17.244144609091432, 17.254602369126623, 17.884736279284486, 17.46726635590443, 18.162507291869453, 18.65232738413073, 18.110067789188072, 18.466559247646323, 18.58412582837629, 18.337767352765873, 18.16303297632824, 18.914168952336475, 18.749381756760187, 19.16678554646795, 18.910610896421947, 19.016001197341065, 18.588104533858772, 18.745569798159362, 19.497495420034586, 19.091260400471125, 18.910061483002796, 18.932739968885794, 19.901160236706943, 20.03186486086241, 19.54452067105789, 19.37232814722145, 19.35385656042877, 19.608078540999504, 19.35665123982929, 19.97575361379023, 20.03565590783474, 20.0501393012054, 20.01068981089162, 20.11340784706246, 20.07517575314412, 20.32085516316497, 20.59817140935289, 20.315067297910012, 20.11767742033358, 20.14004307691044, 20.30175389227057], "test_loss_l1": 1.8799171447753906, "test_acc_l1": 37.47300213250248, "test_loss_l2": 3.2877289772033693, "test_acc_l2": 20.736322513834395}