{"epoch_idx": 100, "model_save_file": "models/LSTM/128/ESEN_100-00/ESEN_100-00_3.pt", "best_joint_acc": 29.601973402371442, "best_joint_loss": 2.489251035451889, "best_epoch_idx_loss": 14, "best_epoch_idx_acc": 94, "run_time": "480s", "train_loss": [2.5567115852327063, 2.203367650508881, 2.13896378965089, 2.0992055047642086, 2.0719778041044865, 2.0521703389557917, 2.0360200305779776, 2.022641907135644, 2.0110484099749364, 2.0016281595735843, 1.9927243093649554, 1.9844296610716612, 1.97593080997467, 1.9668857545563667, 1.9603393448121627, 1.953185865373322, 1.9492200820735008, 1.9421071906884506, 1.937661489754012, 1.9298857902035573, 1.9231943099787738, 1.920516863916859, 1.913390507300695, 1.9091204025528647, 1.9032264713085054, 1.8993706956054228, 1.8958034984993213, 1.8910925334150144, 1.8860503859592208, 1.8811168788057389, 1.879801963314865, 1.8735036091371011, 1.8716887362075572, 1.867870769717477, 1.8631184128197755, 1.8614005590930127, 1.8552400253035812, 1.85198109258305, 1.8505494124961626, 1.8473099379828477, 1.8402422684611697, 1.8396432426842781, 1.835608595248424, 1.8317498691154244, 1.8290381341269528, 1.827530563780755, 1.8236843546231594, 1.82177402756431, 1.818007297588117, 1.8171137417807723, 1.8121204349127684, 1.809253117351821, 1.8078218346292323, 1.8052186965942383, 1.8019577562808988, 1.7993851999441781, 1.7991665917815585, 1.7940851160974212, 1.7927348315715783, 1.7904918564088412, 1.7853525497696618, 1.784592977075866, 1.7838977430806011, 1.779226540616064, 1.7773144498015898, 1.777434334610448, 1.772698360862154, 1.7722934981187188, 1.770206328594323, 1.7680636084440977, 1.7672048599431003, 1.7641851694294906, 1.76080699039228, 1.7617102337606025, 1.7582269843780634, 1.757828344901403, 1.7567886032841422, 1.752603959856611, 1.7526732484499616, 1.7511868332371572, 1.7488623803312129, 1.7470272905898816, 1.7451657508358813, 1.7421988257856076, 1.7406554041486804, 1.7399749286247026, 1.739168679172342, 1.7379877702756361, 1.7368553018931185, 1.7339439355965816, 1.7345262531078218, 1.7303672794139748, 1.729600820577506, 1.7289344280055066, 1.7274652150544254, 1.7268581995458308, 1.7235721593553373, 1.723980818734025, 1.7222124825824405, 1.7211729351318252], "train_acc": [22.465548505654105, 27.827962075464487, 29.47753183105054, 30.519745772631566, 31.289390576111174, 31.77220267516718, 32.074305047684135, 32.70963440166243, 32.88832734510648, 33.22993606219831, 33.46268619751473, 33.63554807751602, 34.00128103391839, 34.19453938668724, 34.29033397445582, 34.630625002651065, 34.74002684624654, 35.061103299220505, 35.215497101493305, 35.331962287668375, 35.55870543656589, 35.58157669960601, 35.73329445636951, 36.09910963010434, 36.18211583999515, 36.26626135138333, 36.60401363936897, 36.671066640093514, 36.83083876844671, 36.871211333509414, 37.060314441159896, 37.17390825155969, 37.37664626998743, 37.37399927553199, 37.53657070081487, 37.61830564853084, 37.744234282562765, 37.8463113048227, 38.065648077587596, 38.0461724721164, 38.25251639129947, 38.24914939132201, 38.37645697661765, 38.700425919522786, 38.67361902458029, 38.78265828629155, 38.86349807877268, 38.87583347079594, 39.16521608061227, 38.896937629874, 39.12666070904402, 39.31612180384933, 39.26079251291556, 39.42096662560602, 39.6519257456502, 39.5493880928401, 39.475982725623915, 39.91643258829208, 39.8711890207521, 39.81470546589702, 39.99379193336051, 39.93987904921758, 40.16816462236412, 40.29598296094725, 40.324421383894624, 40.3289295914908, 40.5069115154615, 40.45699758745151, 40.551177773344605, 40.67811697622831, 40.554521943974684, 40.65860571064582, 40.77187533014272, 40.69308174814207, 40.91838812650037, 41.01331032131448, 40.93830203304361, 41.08277582729847, 41.0653291929513, 41.24949601669747, 41.12874790012735, 41.196637692111544, 41.322867462598, 41.35290414900488, 41.49724557276063, 41.39971991170814, 41.49522038555728, 41.609143975451914, 41.64765809731012, 41.66066868432762, 41.57328118953936, 41.756743690048005, 41.82571950206622, 41.8632182220049, 41.87222651259374, 41.91494544818449, 42.01684174700993, 41.88601234430941, 42.02810948968991, 42.25624659977858], "val_loss_l1": [2.213982725143433, 2.1142141580581666, 2.069888114929199, 2.0369277715682985, 2.014259159564972, 2.0037557959556582, 1.9835045337677002, 1.9740410089492797, 1.9647604823112486, 1.9560334801673889, 1.951250469684601, 1.94321448802948, 1.9371063590049746, 1.929623305797577, 1.9261453390121461, 1.920467460155487, 1.9142300724983217, 1.9125645756721497, 1.9059159040451048, 1.9023864269256592, 1.9012777328491213, 1.8969250440597534, 1.8940296053886416, 1.8942311525344848, 1.8866143703460692, 1.8889915108680726, 1.884554934501648, 1.8813095450401307, 1.8809545636177063, 1.881769061088562, 1.8749410271644593, 1.8786673903465274, 1.8716803550720216, 1.8700324892997742, 1.869705295562744, 1.8708319783210754, 1.8657373070716858, 1.8715257763862612, 1.8678475260734557, 1.8661935448646547, 1.8634423255920411, 1.8612847328186035, 1.8609480738639832, 1.8614501476287841, 1.8587984800338746, 1.860292434692383, 1.857443308830261, 1.860354244709015, 1.8601374268531798, 1.856898260116577, 1.856451952457428, 1.8579325318336486, 1.8555496692657472, 1.8584169507026673, 1.8593424439430237, 1.8560088753700257, 1.860434353351593, 1.8568180918693542, 1.855734622478485, 1.859858214855194, 1.8610045671463014, 1.857907199859619, 1.8573732018470765, 1.8569947123527528, 1.8592705607414246, 1.8574381709098815, 1.8570857882499694, 1.8570404529571531, 1.8619426012039184, 1.8596319794654845, 1.8578348636627198, 1.8603149652481081, 1.8607527375221253, 1.8631142616271974, 1.8599975824356079, 1.8612198233604431, 1.8637887358665466, 1.8624169349670407, 1.8658783674240111, 1.86083322763443, 1.8630602002143861, 1.8647372841835022, 1.867084217071533, 1.8646681666374205, 1.8635165929794313, 1.8682662367820742, 1.8665786147117616, 1.8641534447669983, 1.865974485874176, 1.867397129535675, 1.8661644220352174, 1.8668565034866333, 1.8664971709251403, 1.8696388840675353, 1.868952178955078, 1.8716732859611511, 1.8776103138923645, 1.8768059968948363, 1.870983386039734, 1.8776171922683715],