{"epoch_idx": 50, "model_save_file": "models/LSTM/128/ESEN_100-00/ESEN_100-00_8.pt", "best_joint_acc": 28.8343635024805, "best_joint_loss": 2.4788273572921753, "best_epoch_idx_loss": 16, "best_epoch_idx_acc": 48, "run_time": "213s", "train_loss": [2.573935770627225, 2.210527271935433, 2.1342516848535245, 2.0940657727646106, 2.0654945554155293, 2.045819936376629, 2.029836590542937, 2.018693644892086, 2.0070740101915425, 1.9950609794168754, 1.986015199711829, 1.9793909119837207, 1.9710159672029095, 1.9657413896286124, 1.9575625865748427, 1.9513490082639628, 1.94704209132628, 1.9387864750443087, 1.9332423174020008, 1.9298590638420807, 1.923997017470273, 1.9180940994710631, 1.9134323587923343, 1.909847712878025, 1.9056733909881476, 1.9001310783805268, 1.8955226152232205, 1.891308254364765, 1.8875174106973591, 1.8836008183883899, 1.8800649895812522, 1.8760341541333643, 1.8739267867622953, 1.8672025104363759, 1.862876997752623, 1.8591876391208537, 1.8585094610850024, 1.853152471058296, 1.8484802173845694, 1.8464165456367256, 1.8454103677561795, 1.84034433148124, 1.8377960477814528, 1.8350394187551562, 1.8302752122734536, 1.8295889099438989, 1.8261920845869817, 1.8238636959682808, 1.81852148699038, 1.8147364349076236], "train_acc": [21.660633235342523, 27.671488483014596, 29.557286645962776, 30.603576587241136, 31.49415745639661, 32.0061449550769, 32.56926893192031, 32.79380291914101, 33.0921140023436, 33.419367887318856, 33.70543375134439, 33.83980444567644, 34.089647844952005, 34.15667477327949, 34.62777832210747, 34.61655217241481, 34.78724070096883, 35.26812474148638, 35.295887490522965, 35.358212298875, 35.578371598342585, 35.73595049488714, 36.08174962443557, 36.04764991211506, 36.11185273061601, 36.452889674093996, 36.45380942951425, 36.64867448177221, 36.73066726055716, 37.0752914124449, 37.195026668546184, 37.121229232660056, 37.295072375286665, 37.45539013630566, 37.56491217271438, 37.54909145462691, 37.71874409248913, 37.87188387605628, 37.9744947280069, 38.12914636484039, 38.135987014997475, 38.25593931098541, 38.43239985671736, 38.59498888306757, 38.60509908601385, 38.629695000608386, 38.761085626188894, 38.87817197098275, 39.12903840398517, 39.226308529028174], "val_loss_l1": [2.233409786224365, 2.1177412271499634, 2.0652767658233637, 2.033872365951538, 2.011715626716614, 1.9950908184051512, 1.9836522579193117, 1.9724663615226745, 1.9627151131629945, 1.9598797440528868, 1.946788811683655, 1.941891586780548, 1.9357659220695496, 1.9313172698020935, 1.9257379889488222, 1.9204025030136107, 1.915796971321106, 1.9156596183776855, 1.9106143593788147, 1.9073932409286498, 1.9038312673568725, 1.9042177677154541, 1.9013659715652464, 1.8981996655464173, 1.8923947572708129, 1.898714470863342, 1.8883777976036071, 1.8863324165344237, 1.8831591486930848, 1.8845789551734924, 1.8818982481956483, 1.8782833099365235, 1.8792702913284305, 1.8776047587394715, 1.8818490862846375, 1.875617492198944, 1.8751776814460754, 1.8752008795738222, 1.8718578696250914, 1.8683184146881102, 1.867303192615509, 1.8708366274833679, 1.871785366535187, 1.8688432693481445, 1.8739863395690919, 1.8674302697181702, 1.8672961473464966, 1.868390965461731, 1.8652230381965638, 1.868366801738739], "val_acc_l1": [28.004891994035823, 30.70517842843428, 32.0379176143645, 32.540511117061975, 33.00161094960727, 33.344731104351844, 33.52276322986052, 34.00579843986638, 34.4121451351503, 34.32877932455409, 34.79539663363754, 34.845627067949735, 35.16776714432041, 35.16162842490586, 35.19667523181303, 35.348060393928264, 35.458672165086064, 35.812791075168036, 35.60404725823226, 36.18805517272162, 35.81264580067972, 35.83470225100615, 36.06782722810865, 36.21390804910443, 36.530215058605876, 36.48588871873993, 36.47754148524719, 36.53700801971103, 36.537423136767046, 36.92564356337539, 36.65643123218322, 36.800653291904204, 36.874154054405544, 36.9707823552318, 37.0286397185281, 36.89606553330525, 37.456740856213784, 37.2661023498281, 37.382086997686315, 37.39092312063574, 37.31064172634992, 37.123601652693466, 37.28288945350799, 37.361601970082084, 37.40990225238625, 37.45278978532015, 37.265575819599725, 37.4963506018203, 37.703226219989986, 37.39016925639464], "val_loss_l2": [2.8894047975540165, 2.9052906036376953, 2.951465940475464, 3.0019326686859134, 2.989376854896545, 2.9808171272277835, 2.982169246673584, 3.0060540437698364, 3.002742886543274, 3.027550554275513, 3.0273545026779174, 3.0280712604522706, 3.0765910625457766, 3.0430132389068607, 3.044871830940247, 3.0372522115707397, 3.0741290092468265, 3.0591447830200194, 3.0796459197998045, 3.050532341003418, 3.0732213735580447, 3.0569212675094604, 3.0975115299224854, 3.1190903902053835, 3.0822859287261966, 3.141692519187927, 3.0795795917510986, 3.083036756515503, 3.09340295791626, 3.1060618400573734, 3.1027200937271115, 3.1024901390075685, 3.104752564430237, 3.101505541801453, 3.14000198841095, 3.1377019643783566, 3.1478614091873167, 3.1277029514312744, 3.150126147270203, 3.1368588685989383, 3.166159248352051, 3.1697780609130857, 3.186449217796326, 3.191177535057068, 3.201759958267212, 3.18811936378479, 3.1975489616394044, 3.184875679016114, 3.1827277183532714, 3.2054090976715086], "val_acc_l2": [15.888059123518808, 16.469467230720273, 17.028115677918173, 16.831665534343266, 17.332160235230198, 17.77599905143181, 17.846876976391872, 18.012060710624684, 17.76136686365749, 18.218767688357744, 17.912468822314253, 17.944849483545152, 17.75835541753087, 17.82233063772344, 18.37011529307117, 18.42384874232372, 18.197056620118946, 18.64407186993995, 18.296940572154465, 18.40594767850354, 18.631698240450557, 18.735973742896004, 18.975958247164254, 18.57669613409275, 19.068074408174837, 18.49953706648852, 18.814678754207534, 19.045756411173812, 19.277340345184268, 18.85980135818381, 19.34292408352925, 19.45523379087077, 19.19389178733284, 19.761962546282543, 19.400733830798483, 19.417505153513385, 19.290061418376837, 19.347027533781368, 19.640347097165254, 20.091171480561705, 19.566462518305645, 19.64594502387641, 19.86887359627503, 19.420961309838276, 19.8883279389933, 19.77921295845591, 19.856463593274995, 20.172376403140692, 19.919684168786176, 20.0471032993691], "test_loss_l1": 1.8870117664337158, "test_acc_l1": 37.66806200980604, "test_loss_l2": 3.2637713909149166, "test_acc_l2": 20.506774067175122}