{"epoch_idx": 50, "model_save_file": "architectures/ESEN_100-00_32/ESEN_100-00_32_2.pt", "best_joint_acc": 0, "best_joint_loss": 1000000000.0, "best_epoch_idx_loss": 0, "best_epoch_idx_acc": 0, "run_time": "206s", "train_loss": [2.843266980214551, 2.4009980288418857, 2.298954149087269, 2.256669822967412, 2.230697378967747, 2.212066650390625, 2.1972072250915318, 2.1851970300529944, 2.174951416073424, 2.167761705138468, 2.1594403277743957, 2.151557192657933, 2.144410872098172, 2.138995255484726, 2.13660965905045, 2.1312275438597705, 2.1275492003469756, 2.1218933932708977, 2.117993306029927, 2.1148487383669057, 2.111657092065522, 2.108042727817188, 2.108219063643254, 2.104603418798157, 2.100872939283198, 2.100397816210082, 2.09658741047888, 2.095403300993372, 2.094117128487788, 2.089718262354533, 2.089987427899333, 2.0864597179672923, 2.0854625575470203, 2.084688237219147, 2.081055287158851, 2.0803754708983675, 2.0784948179216105, 2.0779470638795337, 2.075594331278945, 2.076690971851349, 2.073820168321784, 2.0727463165918976, 2.0711396065625265, 2.070840494199234, 2.070226526621617, 2.0684288288607746, 2.067900522188707, 2.0647191025994034, 2.064441009001298, 2.065164893865586], "train_acc": [19.668135793067023, 25.14828167199291, 26.31041349595233, 27.069592876341723, 27.51949215021383, 27.93210283300964, 28.303871194829547, 28.440156796972403, 28.790388722845794, 28.973256571920093, 29.323447892362932, 29.25115379109422, 29.53064684899693, 29.665794339514914, 29.732763747948088, 29.913724973157038, 29.961981682250624, 30.10223422608566, 30.269007508531658, 30.332031196145667, 30.350643308959242, 30.432355871426658, 30.392581628301816, 30.594900103482164, 30.556808966437963, 30.62233798505085, 30.875087994845078, 30.768614493663566, 30.752778705180884, 30.957137228250104, 30.822378882450973, 30.900148847288477, 30.957447169501634, 31.050714673845956, 31.059826384785893, 31.113848094088596, 31.103183649937165, 31.144384955651873, 31.131142533278073, 31.27538022801613, 31.160098370835687, 31.245721611587438, 31.42034844514154, 31.312830644305592, 31.358179582925136, 31.47341471555878, 31.50641017813809, 31.480765961088043, 31.600293464684096, 31.542657626272028], "val_loss_l1": [2.4517592191696167, 2.256002354621887, 2.195051336288452, 2.161405849456787, 2.1379190921783446, 2.121040558815002, 2.108193302154541, 2.0966040611267087, 2.087277722358704, 2.0808295011520386, 2.0746408939361567, 2.067665529251099, 2.062210750579834, 2.0565128564834594, 2.0528083801269537, 2.049202966690063, 2.0454697847366337, 2.040921354293823, 2.0407849073410036, 2.036737322807312, 2.0344312429428104, 2.0297158002853393, 2.028045082092285, 2.026273000240326, 2.023775410652161, 2.022824609279633, 2.020981502532959, 2.0185762763023374, 2.0173431992530824, 2.0166103363037107, 2.0164249300956727, 2.0125541448593145, 2.011033499240875, 2.011033594608307, 2.0113840222358705, 2.006860673427582, 2.008538770675659, 2.0059696197509767, 2.0058911919593814, 2.004703235626221, 2.004109454154968, 2.002743411064148, 2.002510631084442, 2.002050995826721, 2.0005183696746824, 1.9993322610855102, 1.9983200669288634, 1.9974254012107848, 1.995609164237976, 1.9949600696563718], "val_acc_l1": [26.02934973584779, 28.586806703832256, 29.630605648387665, 29.8243945494528, 30.21638631657266, 30.549130309664392, 31.269286544797772, 31.278163623940983, 31.753577666464363, 31.861524532888712, 31.95257481488921, 32.31828233460969, 32.211794491705355, 32.27728120421868, 32.532176579399064, 32.14491717706245, 32.3763010456825, 32.44053447150749, 32.25753522913332, 32.59428046671852, 32.72756813648716, 32.51152350214007, 32.544347124255125, 32.4102283188713, 32.451319099369826, 32.48898807695487, 32.58595381758952, 32.82011149274629, 32.83741456789578, 32.81437189806602, 32.86696704483551, 32.636670373514704, 32.96273366149626, 33.02512672903889, 32.89027713205724, 32.894731651165586, 33.17107160862291, 32.98049362072392, 33.127032784137896, 33.052531370498485, 33.14718053110919, 33.05935953428223, 33.24492421114144, 33.1156206567625, 33.19637318377987, 33.26021539838806, 33.246631639743214, 33.212772490889975, 33.227187186134366, 33.2341009853182], "val_loss_l2": [0, 0, 0, 0, 0, 0, 0, 0, 0, 0, 0, 0, 0, 0, 0, 0, 0, 0, 0, 0, 0, 0, 0, 0, 0, 0, 0, 0, 0, 0, 0, 0, 0, 0, 0, 0, 0, 0, 0, 0, 0, 0, 0, 0, 0, 0, 0, 0, 0, 0], "val_acc_l2": [0, 0, 0, 0, 0, 0, 0, 0, 0, 0, 0, 0, 0, 0, 0, 0, 0, 0, 0, 0, 0, 0, 0, 0, 0, 0, 0, 0, 0, 0, 0, 0, 0, 0, 0, 0, 0, 0, 0, 0, 0, 0, 0, 0, 0, 0, 0, 0, 0, 0], "test_loss_l1": 2.0055388808250427, "test_acc_l1": 33.05346446896402, "test_loss_l2": 0, "test_acc_l2": 0}