{"epoch_idx": 50, "model_save_file": "architectures/ESEN_100-00_32/ESEN_100-00_32_1.pt", "best_joint_acc": 0, "best_joint_loss": 1000000000.0, "best_epoch_idx_loss": 0, "best_epoch_idx_acc": 0, "run_time": "205s", "train_loss": [2.9110212885972215, 2.469268495386298, 2.3349213708530776, 2.2800262877435364, 2.249079285245953, 2.227621754010518, 2.208386227940068, 2.194584295605168, 2.185822965520801, 2.177032241315554, 2.166923196026773, 2.1610326694719713, 2.152606344584262, 2.1462655807986413, 2.1406175855434304, 2.133940767158162, 2.1298458088528016, 2.1262210372722516, 2.1228543032299387, 2.120499376094704, 2.1146361827850333, 2.111867346546867, 2.1087584314924306, 2.107695043087005, 2.1046923525405656, 2.1034750017252835, 2.0989553621321018, 2.0966288212573883, 2.0957347895159875, 2.091298255053433, 2.09035676537138, 2.0896882017453504, 2.0878304423707905, 2.084937101060693, 2.083395188505, 2.0820708563833534, 2.0804727059422117, 2.079887984376965, 2.0782597715204405, 2.079027962504011, 2.074763930205142, 2.0739260812600464, 2.0720970025568297, 2.072038320880947, 2.0716446150432932, 2.070578082041307, 2.069484223018993, 2.0681281794201247, 2.0674573020501574, 2.0663984959775754], "train_acc": [15.312604716998658, 23.23281248912156, 25.44641691199114, 26.40056260665196, 27.089148102800607, 27.6572591061787, 27.98125923608663, 28.411952209987273, 28.548710592000415, 28.754529409131617, 28.921828688685927, 29.255333985537735, 29.359753085174713, 29.519476735121653, 29.664794197620846, 29.67479255224763, 29.953066916521912, 29.951457965021195, 30.22438898054514, 30.10239730201984, 30.337426749794126, 30.316693456731617, 30.486860489978568, 30.46390456919571, 30.605526577605783, 30.513521610207448, 30.652013383360153, 30.777061402485195, 30.781834361712143, 30.905828417137624, 30.857057540902666, 30.846636333068783, 30.924204088976744, 30.99704952722173, 31.027135424633897, 31.107225676226243, 31.301367278466607, 31.149674392512093, 31.183104725598724, 31.073975630701153, 31.226264335792887, 31.241456645440355, 31.39123318824815, 31.458123815509694, 31.3739095956669, 31.36724867888741, 31.42666043183264, 31.427134892552054, 31.575664697252336, 31.5584112340108], "val_loss_l1": [2.5475905418395994, 2.3046061277389525, 2.221133327484131, 2.179385542869568, 2.151630854606628, 2.13076856136322, 2.1150288820266723, 2.103490519523621, 2.092985200881958, 2.0852105379104615, 2.0807720184326173, 2.072580146789551, 2.067126941680908, 2.064040184020996, 2.056836748123169, 2.052787494659424, 2.0497873306274417, 2.045265316963196, 2.0413047552108763, 2.03939049243927, 2.0369216918945314, 2.032737839221954, 2.0320835351943973, 2.0302927494049072, 2.0275617837905884, 2.023682796955109, 2.02257798910141, 2.020775091648102, 2.019201397895813, 2.01698260307312, 2.0176194787025454, 2.0137722849845883, 2.011912703514099, 2.011228156089783, 2.0077150225639344, 2.0092499256134033, 2.00723911523819, 2.0071550488471988, 2.004711997509003, 2.0046258807182316, 2.0030057549476625, 2.000704967975617, 2.0005708575248717, 1.9997161865234379, 2.0003950953483582, 1.9984120488166808, 1.9981717467308044, 1.9970356106758116, 1.9974143862724305, 1.99423930644989], "val_acc_l1": [23.823472426028367, 27.877607883331837, 28.855741038827034, 29.39149763944643, 29.956592815540482, 30.208684023593793, 30.33484669159321, 30.671350202621817, 30.925573599180733, 31.20095515780423, 30.910462323146994, 31.193369671399527, 31.473469019482295, 31.755107152796114, 31.84919549175371, 31.94782046403147, 31.98372302618933, 32.16098033690828, 32.25545711972981, 32.184502759969334, 32.289813929346735, 32.319210077130265, 32.54406481717986, 32.56615922189213, 32.59335680023599, 32.73549284563601, 32.68569182286867, 32.75052851315917, 32.83622365633562, 32.62448502817606, 32.9916378615331, 32.98424591191653, 32.78981586569605, 32.68942850318442, 33.372723088382685, 33.03306405555323, 32.815066165213, 33.09966219060127, 33.09652405291572, 33.219010249776055, 33.080491642813925, 33.16232551148404, 33.20795144273137, 33.39127784577075, 33.019069936390224, 33.3247022583364, 33.5347325916918, 33.41613844758534, 33.34406219894076, 33.68614165025867], "val_loss_l2": [0, 0, 0, 0, 0, 0, 0, 0, 0, 0, 0, 0, 0, 0, 0, 0, 0, 0, 0, 0, 0, 0, 0, 0, 0, 0, 0, 0, 0, 0, 0, 0, 0, 0, 0, 0, 0, 0, 0, 0, 0, 0, 0, 0, 0, 0, 0, 0, 0, 0], "val_acc_l2": [0, 0, 0, 0, 0, 0, 0, 0, 0, 0, 0, 0, 0, 0, 0, 0, 0, 0, 0, 0, 0, 0, 0, 0, 0, 0, 0, 0, 0, 0, 0, 0, 0, 0, 0, 0, 0, 0, 0, 0, 0, 0, 0, 0, 0, 0, 0, 0, 0, 0], "test_loss_l1": 2.0087889432907104, "test_acc_l1": 33.003305036936645, "test_loss_l2": 0, "test_acc_l2": 0}