{"epoch_idx": 50, "model_save_file": "architectures/ESEN_100-00_32/ESEN_100-00_32_0.pt", "best_joint_acc": 0, "best_joint_loss": 1000000000.0, "best_epoch_idx_loss": 0, "best_epoch_idx_acc": 0, "run_time": "204s", "train_loss": [2.8953855814355784, 2.477467739220824, 2.335830816716861, 2.278532940329929, 2.2436307253259598, 2.2219028328404278, 2.2064104477564497, 2.192036827405295, 2.1812829935189453, 2.1734445654984684, 2.167209509647253, 2.1596275857000635, 2.15167999086958, 2.1486104690667363, 2.1419526952685737, 2.1380904876824594, 2.1322827411420406, 2.127629406524427, 2.125045662576502, 2.1227041591297513, 2.1173484632463153, 2.114545417554451, 2.1129401597109694, 2.108398237011649, 2.1059223341219355, 2.102756301561993, 2.1001576112978397, 2.0997765840906095, 2.096166827461935, 2.095035124908795, 2.0920622023669164, 2.090146586750494, 2.0894288167809, 2.0879606532328046, 2.086397432919705, 2.0841625820506695, 2.0830700903227832, 2.081726710001627, 2.0792297486102953, 2.0788570931463526, 2.078207258022192, 2.075565479018471, 2.074814572478786, 2.0733879533680994, 2.0721135130434325, 2.0718988785237973, 2.0689451270031203, 2.0680325789885092, 2.067818593798261, 2.0670653997045587], "train_acc": [16.530797970056053, 23.254759455965047, 25.07871316737906, 26.540502768348436, 27.24471520804399, 27.683826708327675, 28.079895144878346, 28.479210868172718, 28.48849049081172, 28.646533176925008, 28.833602820732455, 28.97932664672013, 29.144961859026413, 29.23754613811116, 29.483753061028388, 29.40403892526356, 29.662780176107024, 29.711761880406307, 29.811763239641966, 29.853449130183837, 30.071654128799022, 30.035381907991283, 30.152830542984475, 30.15815740101753, 30.29953438269946, 30.34192598785252, 30.441948303459636, 30.504554712204797, 30.514717421271015, 30.516481871756454, 30.642399644817214, 30.545293828533538, 30.5936069744808, 30.760506083415706, 30.92293512056131, 30.738323440111422, 30.665721743731726, 30.918442665355006, 30.93158837745893, 30.86627557759468, 31.173016835382484, 30.999799882816497, 31.047105245048833, 31.12929703231294, 31.066356096502147, 31.0849360990617, 31.148580352488153, 31.3858350541, 31.34578158890118, 31.341921012099615], "val_loss_l1": [2.5702857255935667, 2.3136558055877687, 2.2260355710983273, 2.179293012619019, 2.1490632057189942, 2.129655361175537, 2.113948440551758, 2.103299236297607, 2.093790292739868, 2.0864538669586183, 2.0808007478713995, 2.0760939121246333, 2.069858169555664, 2.064480948448181, 2.0606600046157832, 2.0556147336959842, 2.0523553729057316, 2.049629378318787, 2.047168874740601, 2.0423130989074707, 2.039034605026245, 2.0379765987396246, 2.034506070613861, 2.031042695045471, 2.029341232776641, 2.0292144536972048, 2.0256083607673645, 2.0242162108421327, 2.021154606342315, 2.0197586297988894, 2.018221044540405, 2.0164883852005, 2.0157853722572323, 2.0137691378593447, 2.01264511346817, 2.0114649176597594, 2.00955023765564, 2.0072226762771606, 2.0073994994163513, 2.0056848764419555, 2.00537703037262, 2.0030504584312436, 2.0025764226913454, 2.0009222507476805, 1.9999734759330752, 1.9994343161582948, 1.9986682534217834, 1.997922098636627, 1.9984999775886536, 1.9967234134674072], "val_acc_l1": [22.87734468074932, 26.19840229158909, 28.89792013704411, 29.69594817723121, 30.170812088177907, 30.34003881488423, 30.65793974111082, 30.875209178701294, 31.16393466724887, 31.27832430628534, 31.42845722439605, 31.47158742071398, 31.31000330379047, 31.639430620194986, 31.500017595542474, 31.694938392639134, 31.5648086701278, 31.654409853393545, 31.839737673545837, 31.917170269445364, 31.877009987897903, 32.15672266847002, 32.070273099568496, 32.21866496757194, 32.49790636901514, 32.31345225088698, 32.459034809968806, 32.56087093706859, 32.966588723064994, 32.871195924625376, 32.79044926476947, 33.09531622758641, 32.77995453034743, 33.168107045588094, 33.22485696990212, 33.144624322826004, 32.977741367698485, 33.30413933674916, 33.16167579700026, 33.22768883930915, 33.21123929340515, 33.309010376395506, 33.2174937282462, 33.203125675659564, 33.06701968778477, 33.40879237503439, 33.23436138380611, 33.41896114179907, 33.05204626612276, 33.53829688744443], "val_loss_l2": [0, 0, 0, 0, 0, 0, 0, 0, 0, 0, 0, 0, 0, 0, 0, 0, 0, 0, 0, 0, 0, 0, 0, 0, 0, 0, 0, 0, 0, 0, 0, 0, 0, 0, 0, 0, 0, 0, 0, 0, 0, 0, 0, 0, 0, 0, 0, 0, 0, 0], "val_acc_l2": [0, 0, 0, 0, 0, 0, 0, 0, 0, 0, 0, 0, 0, 0, 0, 0, 0, 0, 0, 0, 0, 0, 0, 0, 0, 0, 0, 0, 0, 0, 0, 0, 0, 0, 0, 0, 0, 0, 0, 0, 0, 0, 0, 0, 0, 0, 0, 0, 0, 0], "test_loss_l1": 2.0068195819854737, "test_acc_l1": 32.962881536658074, "test_loss_l2": 0, "test_acc_l2": 0}