{"epoch_idx": 50, "model_save_file": "architectures/ESEN_100-00_32/ESEN_100-00_32_4.pt", "best_joint_acc": 0, "best_joint_loss": 1000000000.0, "best_epoch_idx_loss": 0, "best_epoch_idx_acc": 0, "run_time": "211s", "train_loss": [2.8803822398185734, 2.427517918023196, 2.3179002133282753, 2.2717707987987636, 2.2424097892009853, 2.2191851590618943, 2.2035635727824596, 2.1932711890249545, 2.1833782159920894, 2.1725069266377077, 2.1644946517366344, 2.1560887206684463, 2.1518258687221636, 2.147277524977019, 2.1396269960836927, 2.1348818341890965, 2.131754230369221, 2.128574613368873, 2.1224045970223164, 2.1216302604386295, 2.117270000053175, 2.1143961946169547, 2.1091242270036172, 2.1069495750196063, 2.106658973477104, 2.1037961768381517, 2.1019652919335794, 2.0989475882414617, 2.0940004478801373, 2.0943664185928577, 2.091381347540652, 2.090163472926978, 2.085987849669024, 2.0857414169745017, 2.0834440182555802, 2.082694239688641, 2.0809337153579257, 2.0825244260556777, 2.075469627524868, 2.076636697306778, 2.076768813711224, 2.0735527963349303, 2.073139019084698, 2.0711915095647186, 2.070307580810605, 2.0698889259136086, 2.0697887494708556, 2.065358767003725, 2.066366161360885, 2.064825776851538], "train_acc": [16.29391655548718, 24.523671786594463, 25.921413396861087, 26.81013290550041, 27.299841702836346, 27.795438318451804, 28.093551159217412, 28.336062939110885, 28.61241416165707, 28.812567350359362, 28.92038210957704, 29.228026869545417, 29.30596244123612, 29.38845087567483, 29.708956619800954, 29.791772182420974, 29.854778362405277, 29.8846132042408, 30.0588612102125, 30.071111502501914, 30.115819123394186, 30.265785292884704, 30.341058708375606, 30.514735166633383, 30.633746843939896, 30.520846564826556, 30.653062779658423, 30.667435709280486, 30.809311633665537, 30.771375019503523, 30.852552961858215, 30.956775556385104, 31.022852942135984, 30.993533986229437, 31.088677771348625, 31.107315877911955, 31.143612943718534, 31.07760082422582, 31.345132577712167, 31.30713914071782, 31.26290168192643, 31.365393178340387, 31.353772302680174, 31.414455365400457, 31.445734280217348, 31.45982212965025, 31.382271071374802, 31.467945890169798, 31.574430948681783, 31.5136548370345], "val_loss_l1": [2.487255144119263, 2.2824162006378175, 2.2128277540206907, 2.1737693548202515, 2.146849846839905, 2.128760170936584, 2.1126747846603395, 2.102865147590637, 2.0922821283340456, 2.0840790271759033, 2.07639422416687, 2.072279047966003, 2.0655328989028927, 2.060781860351563, 2.0555739402770996, 2.0526794910430906, 2.0477093696594237, 2.0481029510498043, 2.0432099342346186, 2.0406742334365844, 2.0367785811424257, 2.034208595752716, 2.0313627004623416, 2.028241980075836, 2.0265497922897335, 2.0247707605361938, 2.0249590039253236, 2.021996331214905, 2.0186953067779543, 2.0171056509017946, 2.0148229122161863, 2.0135170340538027, 2.013353443145752, 2.010984814167023, 2.0094365954399107, 2.008032584190369, 2.0062231063842773, 2.0049781441688537, 2.003001570701599, 2.002723252773285, 2.0018550872802736, 2.0001466870307922, 1.999466633796692, 1.9986217141151428, 1.9954172492027282, 1.996344006061554, 1.9957655906677247, 1.9959203362464903, 1.9940816879272463, 1.992233395576477], "val_acc_l1": [25.062604663920474, 27.85061920631541, 29.294198906000275, 29.79326933707562, 30.309114131349315, 30.868416438786177, 31.44091371362871, 31.46867678654896, 31.64895225351207, 31.651156324896764, 31.595656316437022, 31.73065565664111, 31.93816887169601, 32.187541109318, 32.22772457865101, 32.40049978798088, 32.50867272756123, 32.30171647710796, 32.26496718244745, 32.340227343092394, 32.716796108971785, 32.557284975058096, 32.65778205532951, 32.68958764977735, 33.00210721754582, 32.77673914125346, 32.77876075182443, 32.760289638368654, 33.00862449970197, 32.735291874711194, 32.89230978208217, 33.11599027382798, 33.04117994302866, 33.10854694743952, 33.28014566292463, 32.95649818629318, 33.029118440265385, 32.77781302659681, 33.15012052294923, 33.025016599596015, 33.277872171811566, 33.09091629698161, 33.23185484186395, 33.08261229801823, 33.09884498426438, 33.340942617392116, 33.195253502783736, 33.27749944938804, 33.25873082150301, 33.117385105319634], "val_loss_l2": [0, 0, 0, 0, 0, 0, 0, 0, 0, 0, 0, 0, 0, 0, 0, 0, 0, 0, 0, 0, 0, 0, 0, 0, 0, 0, 0, 0, 0, 0, 0, 0, 0, 0, 0, 0, 0, 0, 0, 0, 0, 0, 0, 0, 0, 0, 0, 0, 0, 0], "val_acc_l2": [0, 0, 0, 0, 0, 0, 0, 0, 0, 0, 0, 0, 0, 0, 0, 0, 0, 0, 0, 0, 0, 0, 0, 0, 0, 0, 0, 0, 0, 0, 0, 0, 0, 0, 0, 0, 0, 0, 0, 0, 0, 0, 0, 0, 0, 0, 0, 0, 0, 0], "test_loss_l1": 2.0009235143661503, "test_acc_l1": 32.750751363535905, "test_loss_l2": 0, "test_acc_l2": 0}