{"epoch_idx": 50, "model_save_file": "architectures/ESEN_100-00_32/ESEN_100-00_32_3.pt", "best_joint_acc": 0, "best_joint_loss": 1000000000.0, "best_epoch_idx_loss": 0, "best_epoch_idx_acc": 0, "run_time": "209s", "train_loss": [2.8747775536594973, 2.4209573106332263, 2.3160638809204093, 2.270793269981038, 2.2420502250844803, 2.221759248863568, 2.205057136940234, 2.190637330214183, 2.1795777786861756, 2.171684917175409, 2.1652443607648197, 2.1580098036563746, 2.150672385186859, 2.143120567003886, 2.1383604913046863, 2.136528257167701, 2.1281563097780407, 2.127309557163353, 2.121514356497562, 2.120631438313108, 2.1166548421888645, 2.1113783626845386, 2.110056194392118, 2.107431810913665, 2.1042677146015754, 2.101454752864258, 2.098324374719098, 2.0979138215382886, 2.0951402747269836, 2.091974852663099, 2.090123985752915, 2.0914778203675235, 2.087144860715577, 2.0860302376024653, 2.0857442075555976, 2.0829726403409787, 2.0823821190631753, 2.082594391071436, 2.0795212406100654, 2.0769558061252944, 2.0756746819525054, 2.0750180446740365, 2.0735211787801795, 2.0741794723452935, 2.0726171858382934, 2.0694925134832203, 2.069702343507246, 2.0692422742193375, 2.06758485960238, 2.067819555600485], "train_acc": [16.669503531957012, 24.081521108530836, 25.475348882027234, 26.559512793566228, 27.173668157510466, 27.7008003302834, 28.00697663082995, 28.148409580185103, 28.53666677923496, 28.690574626945615, 29.05258742528031, 29.23804960697366, 29.231043975298306, 29.610261484186633, 29.577473784176185, 29.766085789604713, 29.95670740172865, 29.918900335872067, 30.08985239559535, 30.098454252663753, 30.108791106277675, 30.3625921913243, 30.476708207178532, 30.52170649090401, 30.621318697419234, 30.61049610574889, 30.713125803409508, 30.725241722569702, 30.66760217285305, 30.950126226654614, 30.88535033570472, 30.74770705753275, 30.943938004525172, 31.067227107591084, 31.04337671371851, 31.121126048937366, 31.076157508034512, 31.03215373289733, 31.22222968284002, 31.21260723296516, 31.291586992715906, 31.210927324942844, 31.432676726780365, 31.285157988201007, 31.295042275269704, 31.600935888524752, 31.403396237385582, 31.384010872362577, 31.453852709892235, 31.607875135053025], "val_loss_l1": [2.4892251253128053, 2.282463669776916, 2.216316032409668, 2.1746326208114626, 2.149390697479248, 2.1297523975372314, 2.1156738996505737, 2.1050618171691897, 2.0941692113876345, 2.0850149631500243, 2.078847551345825, 2.074195432662964, 2.064850115776062, 2.05859911441803, 2.0547396659851076, 2.050517654418946, 2.0456910848617555, 2.043645906448364, 2.0385821223258973, 2.0367326140403748, 2.033940553665161, 2.0293384075164793, 2.029785192012787, 2.0260600924491885, 2.0244845271110536, 2.0215287685394285, 2.0177672624588014, 2.0198898434638974, 2.015258002281189, 2.0132395386695863, 2.012587738037109, 2.0118702411651608, 2.0090369820594787, 2.007305383682251, 2.00619877576828, 2.0062897086143487, 2.0043678402900698, 2.001933765411377, 2.0011741876602174, 2.000137329101563, 1.99967759847641, 1.9995917081832888, 1.9971320509910584, 1.9965551614761352, 1.995465278625488, 1.9942936539649965, 1.9931596040725708, 1.9935900449752806, 1.9911196827888489, 1.9922990322113034], "val_acc_l1": [23.81295630604318, 27.115609340227834, 28.604937952183942, 29.692294201729027, 29.97394217358623, 30.331303838355982, 30.605651316579355, 31.040416589474475, 31.309012151583783, 31.403373751991168, 31.792301302757103, 31.980462074252586, 32.19368228029426, 32.43894575011463, 32.44984392153364, 32.408590881840865, 32.61631923372494, 32.857193311250455, 32.70999537988204, 32.868035467332895, 32.65398721082102, 32.95793581768986, 32.879591777289114, 32.806604843632606, 32.708378546055876, 33.19703041243813, 33.22081424750078, 33.3041927370076, 33.18907030839264, 33.350887471306415, 33.24619164182657, 33.34004711817485, 33.20789701422733, 33.24543855066895, 33.34952629688605, 33.34905285902364, 33.58363488642837, 33.70048030638506, 33.581848052735666, 33.73162964171807, 33.607555974732314, 33.75396360490048, 33.84257278321734, 33.81754879700843, 33.60942703668834, 33.818712146794255, 33.995093804841936, 33.76365681975202, 33.81443898905529, 33.76673159412777], "val_loss_l2": [0, 0, 0, 0, 0, 0, 0, 0, 0, 0, 0, 0, 0, 0, 0, 0, 0, 0, 0, 0, 0, 0, 0, 0, 0, 0, 0, 0, 0, 0, 0, 0, 0, 0, 0, 0, 0, 0, 0, 0, 0, 0, 0, 0, 0, 0, 0, 0, 0, 0], "val_acc_l2": [0, 0, 0, 0, 0, 0, 0, 0, 0, 0, 0, 0, 0, 0, 0, 0, 0, 0, 0, 0, 0, 0, 0, 0, 0, 0, 0, 0, 0, 0, 0, 0, 0, 0, 0, 0, 0, 0, 0, 0, 0, 0, 0, 0, 0, 0, 0, 0, 0, 0], "test_loss_l1": 2.0094526410102844, "test_acc_l1": 32.96233311984507, "test_loss_l2": 0, "test_acc_l2": 0}