{"epoch_idx": 100, "model_save_file": "models/LSTM/128/ESEN_60-40/ESEN_60-40_2.pt", "best_joint_acc": 33.779688696354825, "best_joint_loss": 2.0626772701740266, "best_epoch_idx_loss": 42, "best_epoch_idx_acc": 83, "run_time": "444s", "train_loss": [2.7180511572144237, 2.3930859999223197, 2.32381946029085, 2.2830069173466083, 2.2553495403492088, 2.2339865782044157, 2.216254929701487, 2.2021729819702376, 2.1886794079433782, 2.176715634085915, 2.166591591907271, 2.157194251363926, 2.1485448190660184, 2.1409127441319558, 2.1341472141670477, 2.12482713027434, 2.120618623314482, 2.111668133374415, 2.104305005434788, 2.099946677684784, 2.0934321771968496, 2.090576453642413, 2.0840214545076536, 2.078388796611265, 2.073081386811805, 2.0700137091405466, 2.0637807340332963, 2.060194358681187, 2.053780445546814, 2.0509870702570128, 2.0452753215125123, 2.0414938682859596, 2.0386881909587165, 2.032296118411151, 2.0321199641083236, 2.027277593359803, 2.02413018634825, 2.0200396532362164, 2.0161895020441567, 2.0129625237349313, 2.0096109662995203, 2.0058279407746857, 2.0033935371673466, 2.00071294650887, 1.9966787253365377, 1.9934381661993081, 1.9873910284403602, 1.9865439741900475, 1.9845122026674675, 1.9794926471782461, 1.9773865306016165, 1.9731367709058707, 1.9731937953920073, 1.9684160722024515, 1.9687499160116366, 1.9635713181712406, 1.961469839919697, 1.9574465498779756, 1.95754490296046, 1.9560242277203184, 1.9519104975642583, 1.9476628267403806, 1.946708166238033, 1.9445553665811366, 1.9435398759263935, 1.94229858662143, 1.9377478758494058, 1.9362018505732215, 1.9347491065661113, 1.9326954565264964, 1.9292734789125847, 1.9284927086396653, 1.9258334031610784, 1.9229879063187225, 1.9199025667074958, 1.9189618744633408, 1.9188529081416854, 1.916543433160493, 1.916159490744273, 1.911695120009509, 1.9103904158780063, 1.9096024677608952, 1.9064599085937854, 1.9066778556867077, 1.9026651012175022, 1.9021078528779933, 1.8984329962369166, 1.898450547998602, 1.8974281206275472, 1.895249045256412, 1.892277468334545, 1.8915972438725561, 1.8917407881129866, 1.8889932045430842, 1.8862397688807868, 1.8863084523966813, 1.884299406499574, 1.883136514461402, 1.8818281482566492, 1.8807689050833385], "train_acc": [19.29244351714431, 24.339590782231394, 25.97854512866501, 26.97820325918604, 27.824817717807694, 28.381799482491033, 28.640550087111986, 29.12803233165297, 29.36019462643762, 29.80167169655885, 29.9937717188894, 30.301031617834113, 30.620542992653668, 30.792083667262045, 30.98358032953137, 31.379364839413892, 31.423505774739255, 31.81526706974652, 31.954435826338212, 31.91169673384659, 32.2568793559093, 32.21564690132094, 32.57809463601536, 32.73516802746916, 32.749258863228334, 32.9459083316877, 33.09066666057148, 33.262843058840936, 33.51919458164407, 33.49079747187034, 33.72968298515322, 33.79145024500236, 33.948598589690974, 34.21320622566977, 34.05723155496648, 34.247020807687505, 34.35482976938373, 34.510772843080716, 34.532089501745446, 34.6801746649048, 34.73925095006187, 34.89691826783336, 35.06452975379107, 35.094990941341216, 35.27306505083273, 35.337040207017225, 35.5177965576005, 35.57458444880522, 35.599599339458905, 35.68894849195497, 35.84064929418374, 36.01730296081765, 35.95624191299631, 36.044310442434494, 36.17012531859006, 36.364971920291566, 36.28504965618072, 36.51203459646234, 36.453197389, 36.434540823157434, 36.68421171428036, 36.763211592231464, 36.78194511425398, 36.75986367815462, 36.89991493831444, 37.02872275877376, 37.12408105051756, 37.080633389691776, 37.16892187115062, 37.3327331281322, 37.31052881902337, 37.40870289559782, 37.44909287171994, 37.469265694127664, 37.55632932783527, 37.80774241343218, 37.80604820292499, 37.776684659938276, 37.79492496645546, 37.96296435288042, 38.03001216838765, 38.03024853032318, 38.1217607001793, 38.09234189779589, 38.21602480666387, 38.255278657319415, 38.36831518994259, 38.207013863052175, 38.36645318238778, 38.330979007564395, 38.44117508975201, 38.494203599176224, 38.49977127897994, 38.587151332050716, 38.58926127662164, 38.70211325034422, 38.68288642485527, 38.74313841510723, 38.70710232005957, 38.827051731023985], "val_loss_l1": [2.300992226600647, 2.193901920318604, 2.1423587560653687, 2.1141735076904298, 2.089361476898193, 2.076620101928711, 2.059806132316589, 2.0453483819961544, 2.042443537712097, 2.028912806510925, 2.023515713214874, 2.0195748567581173, 2.010901045799255, 2.008253788948059, 2.0030519127845765, 1.9964231014251708, 1.9880999207496644, 1.99177747964859, 1.9890979290008544, 1.9844484567642213, 1.9791452288627625, 1.9800710082054138, 1.9763455629348756, 1.9722856402397155, 1.967864716053009, 1.9687644600868224, 1.9597036600112916, 1.9653358817100526, 1.9618711590766906, 1.96275954246521, 1.9592620849609375, 1.9518488883972167, 1.9521352410316466, 1.9517785906791687, 1.9515295028686523, 1.9586555123329166, 1.9476867794990538, 1.9450734734535218, 1.9518565535545351, 1.9429522395133971, 1.9532476186752317, 1.9535629153251648, 1.9370219349861144, 1.940712106227875, 1.9437440395355223, 1.9405673146247864, 1.945257091522217, 1.9416118144989014, 1.941771185398102, 1.9413100719451903, 1.9502519130706788, 1.9460562229156495, 1.9454114675521847, 1.9427152752876282, 1.9483840942382813, 1.9455681085586547, 1.950606381893158, 1.9441902160644533, 1.942818570137024, 1.9486731410026552, 1.953489327430725, 1.9460295796394347, 1.9500731348991394, 1.9461698174476623, 1.9472100019454956, 1.9591238975524903, 1.9440251350402833, 1.9452307581901551, 1.9501357078552244, 1.9571797013282777, 1.9489558815956116, 1.9470319032669068, 1.953631603717804, 1.9535239934921265, 1.9502357721328736, 1.9557347416877746, 1.9571148991584777, 1.9518038392066952, 1.9517472743988038, 1.9488286852836607, 1.950500214099884, 1.9506773114204405, 1.9585203647613525, 1.9610620498657225, 1.956574022769928, 1.9616891145706177, 1.960015058517456, 1.9630836844444275, 1.9566726088523865, 1.9666785240173341, 1.9578858256340024, 1.95391126871109, 1.9636645436286926, 1.960519027709961, 1.9667346477508545, 1.963554096221924, 1.9629400134086608, 1.9634859442710877, 1.9722711205482484, 1.9577396631240844],