{"epoch_idx": 50, "model_save_file": "models/LSTM/128/ESEN_60-40/ESEN_60-40_2.pt", "best_joint_acc": 33.92236525010246, "best_joint_loss": 2.0584347784519195, "best_epoch_idx_loss": 41, "best_epoch_idx_acc": 49, "run_time": "211s", "train_loss": [2.7067035490816296, 2.3994864080891443, 2.3274838057431317, 2.284999858249318, 2.2533551201675897, 2.2310356551950625, 2.2143943201411855, 2.1985884363001023, 2.185206705873665, 2.174517967484215, 2.163394778063802, 2.1538207476789304, 2.145879326444683, 2.139558687354579, 2.1297506671963307, 2.123845853588797, 2.1138922102523585, 2.109260703578139, 2.1047023950201096, 2.097181565833814, 2.091134161660166, 2.084281077890684, 2.082176818992153, 2.076540759115507, 2.0728605732773304, 2.066416334925277, 2.061409440004466, 2.05699823570974, 2.051971472574003, 2.0493462221188974, 2.0442568930712604, 2.040633941238576, 2.0372427539391955, 2.0350697437922163, 2.0296489849235066, 2.025161264520703, 2.022084869218594, 2.0148323087981246, 2.014460423679063, 2.011606718554642, 2.0080141750248983, 2.003931287563209, 2.000354759620896, 1.9981736143430073, 1.9940241105628735, 1.9930871147097968, 1.988570805751916, 1.9866394797960916, 1.9815190994378296, 1.9813625668034405], "train_acc": [19.400869352768737, 24.189005506764975, 25.89262546686834, 27.047211719713584, 27.819571297849407, 28.519027658272915, 28.73063214019665, 29.14423924533458, 29.580968533355495, 30.012149741768, 30.10025458397999, 30.460396773258978, 30.57585573930236, 30.877561744373732, 31.072784151390454, 31.377001698199855, 31.658032100855863, 31.787889135608577, 31.860079036784988, 32.15351402442142, 32.150287475224, 32.66904999384201, 32.56013860698317, 32.76585674877597, 32.88448847644773, 32.95626314752311, 33.34083134614146, 33.41806004166926, 33.53219403620253, 33.72759307452338, 33.71773074149977, 33.931136635259705, 34.00272490056639, 34.05249501292954, 34.225685645075906, 34.37125786316321, 34.377327018100644, 34.663408127059995, 34.70706797501643, 34.79366919527435, 34.80000889498426, 34.969422369363066, 35.14432311299262, 35.14563258642706, 35.39582781552675, 35.236011258798456, 35.48456674593706, 35.478384023471115, 35.629132752990884, 35.72323794244694], "val_loss_l1": [2.3015875339508054, 2.1995402097702024, 2.1518461227416994, 2.110983872413635, 2.090411901473999, 2.06932647228241, 2.062287068367005, 2.0532382369041446, 2.033402705192566, 2.032638120651245, 2.0234706163406373, 2.023485505580902, 2.006894898414612, 2.0115557432174684, 1.9941376209259036, 1.9915972828865052, 1.9923600196838378, 1.9840091228485108, 1.9755007266998292, 1.9842506408691407, 1.9784313321113587, 1.9738460779190063, 1.9667167067527773, 1.9690712094306946, 1.968852686882019, 1.9639071702957154, 1.9647335767745973, 1.9610675692558288, 1.9625779032707216, 1.961127233505249, 1.9560993075370787, 1.9507348895072938, 1.9500908732414246, 1.9505910396575927, 1.9443672418594362, 1.9500955820083616, 1.9530827403068542, 1.9449139952659606, 1.949703824520111, 1.9461843371391296, 1.9526043057441709, 1.9457072138786315, 1.9449562907218931, 1.9463115096092225, 1.941662049293518, 1.9467565774917603, 1.9393999934196473, 1.9444804430007934, 1.9452686190605164, 1.9466861009597778], "val_acc_l1": [25.95682886128967, 28.2122698880166, 30.094528604743925, 30.817598190419822, 31.19716082655105, 32.01319718048354, 32.3017055003373, 32.36545844443151, 32.916367618003356, 32.738141535916434, 32.95149288646188, 33.004526825559545, 33.61977542753288, 33.06603718695844, 33.75133342425291, 34.01450816499907, 33.96084982091597, 34.42817610118719, 34.59460934698757, 34.320018179921405, 34.68436993152051, 34.666517462063815, 34.992682063740546, 34.76247479916609, 34.742540461267716, 35.00419988892468, 35.022719719035706, 35.32892909980472, 35.04657451128444, 35.32688286983123, 35.36998299148344, 35.08057624265456, 35.645998536211984, 35.585064327421605, 35.65434189944124, 35.49782373432973, 35.344142444810984, 35.93650787155577, 35.83284316568281, 35.59052395964698, 35.4828656692764, 35.7027644767385, 35.859472591480774, 35.465632049580385, 35.67489604779375, 35.34667931160589, 35.9628175580868, 35.59620113928286, 36.00423087967307, 35.64831548305657], "val_loss_l2": [2.5900267362594604, 2.4767117738723754, 2.4085108757019045, 2.3802889823913578, 2.3457768678665154, 2.327944207191467, 2.3013631105422974, 2.2802973985671997, 2.279234313964844, 2.261176919937134, 2.2530282497406007, 2.234997773170471, 2.2412241458892823, 2.224698066711426, 2.23278386592865, 2.219371008872986, 2.2113048553466794, 2.214215445518494, 2.2189883470535277, 2.1951090812683107, 2.1931251764297484, 2.1930264234542842, 2.196508550643921, 2.1893775939941404, 2.1893845796585083, 2.186216354370117, 2.1809868097305296, 2.186622452735901, 2.176501059532166, 2.176398563385009, 2.1793322563171387, 2.1819325923919677, 2.185339784622193, 2.18110933303833, 2.1914542913436894, 2.1787687063217165, 2.1714539527893066, 2.1845357179641725, 2.1697456359863283, 2.1771045207977298, 2.164265251159668, 2.180346322059631, 2.173671555519104, 2.182915449142456, 2.1786776781082153, 2.175063037872315, 2.1947843551635744, 2.1768898963928223, 2.175333833694458, 2.17434298992157], "val_acc_l2": [21.069851732082864, 24.09205003561655, 25.571150234324353, 25.94875622537696, 26.4855538229705, 27.137687039456733, 27.58243176640373, 28.293672917492582, 28.131854145598943, 28.252869371665845, 28.55837811601812, 29.049083099059082, 29.199580261236534, 29.429016489405498, 29.283580674311057, 29.771251108638793, 30.024941138517775, 29.90828487826806, 29.843746287970095, 30.420015819256996, 30.53202342953215, 30.380556363441116, 30.559382728442547, 30.808134959627363, 30.906128458255917, 30.96065706721451, 30.92199476532129, 30.898738295501673, 30.99259141209564, 31.25068135570948, 31.230377240494505, 31.047142738712523, 31.040735380072352, 31.310307081900508, 31.01727118796205, 31.26644091388415, 31.55618996757546, 31.183712808302424, 31.839361657302742, 31.32589314986708, 31.972531055422685, 31.683255663979825, 31.805509485441597, 31.701643462184222, 31.540564222757396, 31.870390405740526, 31.500998480897643, 31.517309929382968, 31.84049962053185, 31.70712756930877], "test_loss_l1": 1.9713165998458861, "test_acc_l1": 35.242805706153256, "test_loss_l2": 2.180066418647766, "test_acc_l2": 32.36299247595972}