{"epoch_idx": 50, "model_save_file": "models/LSTM/128/ESEN_60-40/ESEN_60-40_5.pt", "best_joint_acc": 33.576039497713936, "best_joint_loss": 2.0607013523578646, "best_epoch_idx_loss": 43, "best_epoch_idx_acc": 50, "run_time": "209s", "train_loss": [2.7158686283862967, 2.4004505186369904, 2.327273919726862, 2.2835398767933697, 2.255643214240219, 2.2328102823459757, 2.215695565397087, 2.200645457614551, 2.1874139507611594, 2.1760220003850526, 2.165224938681632, 2.15572505647486, 2.1452653317740467, 2.1391745011011767, 2.130877695300364, 2.1225026177637507, 2.1165086879874724, 2.1107887770190388, 2.104142080653797, 2.0991899479519223, 2.0930110414822902, 2.0860295909823794, 2.082524312264993, 2.0770204780679764, 2.069925382281795, 2.0659651963999774, 2.0635651837695734, 2.0586260060469304, 2.052266906608234, 2.0493640095898598, 2.0435701337727625, 2.0420098449244626, 2.037237405776976, 2.0347107477260367, 2.028725065065151, 2.023314316164365, 2.021549261880642, 2.019128017353289, 2.017362820379663, 2.0134299171693404, 2.0069900453090668, 2.0059415092973993, 1.9999532699584959, 1.9982564611868423, 1.9942974312738944, 1.9910658327015964, 1.988687506227783, 1.9839299122492466, 1.981723108074881, 1.9809221507924977], "train_acc": [19.268849095002345, 24.27963715299575, 25.748216942490053, 27.01086597749375, 27.747649044076688, 28.410276333589763, 28.842267535848666, 29.183549418843835, 29.578721400813407, 29.84235189837432, 30.18095034379814, 30.437001872369276, 30.8254433762204, 30.90227955389748, 31.230886111366765, 31.51853848683997, 31.68904659139802, 31.756270574702427, 32.019041186181376, 32.178414848181696, 32.327194720625215, 32.62546458574096, 32.636890823159774, 32.8179081463228, 32.905229941435735, 33.23072003631306, 33.1023445713439, 33.32647158360118, 33.6275792119754, 33.62483553383206, 33.77579696989946, 33.80082992843823, 33.89591162333736, 34.09361684177316, 34.15720194672984, 34.47812024970795, 34.41877679160116, 34.38555934410257, 34.68441264979663, 34.816117774638435, 34.91251425255359, 34.83602974424675, 35.10312419479197, 35.203227926428994, 35.27899144979675, 35.411428610098184, 35.53162437245243, 35.656243828970695, 35.71585030607826, 35.729921083596714], "val_loss_l1": [2.3226370811462402, 2.199458289146423, 2.145529055595398, 2.122220587730408, 2.094979000091553, 2.0762293577194213, 2.065914964675903, 2.0559251785278323, 2.042888140678406, 2.035887610912323, 2.0281031727790833, 2.01639701128006, 2.019946801662445, 2.0107224225997924, 2.0011461973190308, 1.9969648718833926, 1.9970231771469116, 1.9848969817161561, 1.9902741551399232, 1.9819817543029785, 1.9803030490875244, 1.979152882099152, 1.9738369464874268, 1.9749585747718812, 1.9684075355529786, 1.96926531791687, 1.9795088887214662, 1.9655848145484924, 1.9649150371551514, 1.9645282626152039, 1.9657126069068909, 1.9657677173614503, 1.9576378345489502, 1.9565427899360657, 1.9647070169448853, 1.959238636493683, 1.9553030133247375, 1.9475384593009948, 1.957613182067871, 1.9515726566314697, 1.9546544790267941, 1.9564072608947756, 1.9595972418785095, 1.9515857100486755, 1.9547567009925844, 1.9569538950920107, 1.9564423322677613, 1.9506329774856568, 1.9524131298065186, 1.9562890052795412], "val_acc_l1": [25.821388315561133, 27.71691208517348, 30.077608425737694, 30.64936347857853, 31.309938078031944, 31.603797303977554, 32.04682193233982, 32.34895760003359, 32.533594444499904, 32.60302209057085, 33.099789285184684, 33.41248704970087, 33.08966001324123, 33.58167989488347, 33.9630678972448, 34.19622339867846, 34.538875765633776, 34.43333192527256, 34.484995201403024, 34.84066523468401, 34.80820657089697, 34.82057410476952, 34.85719951400655, 34.80095372375327, 34.81096866396813, 34.71886420496571, 34.889895832311, 35.194511304267984, 35.21420098002452, 35.27635707341837, 35.000029991557724, 35.07078404043624, 35.18519279286377, 35.33376964157207, 35.03616086059117, 35.08293489305033, 35.471196581277184, 35.653282240527396, 35.269287294172045, 35.284937767675736, 35.50395227132735, 34.995364185929326, 35.325614119436395, 35.58280006134762, 35.20041340972179, 35.23104824202786, 35.43900791513967, 35.5419751958208, 35.47390171666305, 35.64729398160564], "val_loss_l2": [2.590885329246521, 2.470277166366577, 2.412865424156189, 2.3679142713546755, 2.3421196937561035, 2.3241814851760867, 2.3024068593978884, 2.2861552476882934, 2.27640061378479, 2.2710418462753297, 2.254068374633789, 2.2534928798675535, 2.2360437631607053, 2.230083513259888, 2.2303373575210568, 2.2243841171264647, 2.212422585487366, 2.2238065242767338, 2.2123942136764527, 2.2134973049163817, 2.202771544456482, 2.198890948295593, 2.195716404914856, 2.1914411544799806, 2.193808197975159, 2.1865643501281737, 2.172480654716492, 2.1887104034423825, 2.1805735349655153, 2.1817195653915404, 2.177952432632446, 2.17239511013031, 2.1778584718704224, 2.177707266807556, 2.169923973083496, 2.1683815002441404, 2.1754067182540897, 2.1850885391235355, 2.169959926605224, 2.176912784576416, 2.169432353973389, 2.168638396263123, 2.1618054628372194, 2.1725295305252077, 2.1708942651748657, 2.1678273677825923, 2.1693063259124754, 2.176687288284302, 2.175516057014465, 2.1724000453948973], "val_acc_l2": [21.645873720231744, 23.643670103540266, 24.979433783720587, 26.04645678016179, 26.11284957303515, 27.09961331603626, 27.8102957987575, 27.95101365280751, 27.987192304403983, 28.48747240938429, 28.608130021048012, 28.623353964728338, 29.275800337304503, 29.238937320731917, 28.969259383182298, 29.49776832029176, 29.917044240266954, 28.93870017353819, 29.932110463206147, 29.665787269076578, 29.95315275584615, 29.98192679336007, 29.98538405366367, 30.095149720637767, 30.04477944744023, 30.435004662099562, 31.055571351289714, 30.352539200711046, 30.549502616149308, 30.65340150499272, 30.745669226175348, 31.00853089960889, 30.649290857905118, 30.683523022300694, 30.941687746497728, 30.86995444679596, 30.69312775805366, 30.60015834067023, 30.867876746257338, 30.728909521350374, 31.03831009274709, 30.75699620629813, 31.507237422829522, 30.889902216067995, 31.264384267693888, 31.19013981834584, 31.421891159446005, 31.13852996878841, 31.21036477080243, 31.50478501382222], "test_loss_l1": 1.9650174617767335, "test_acc_l1": 36.14203966737688, "test_loss_l2": 2.181778979301453, "test_acc_l2": 32.2852966780132}