{"epoch_idx": 50, "model_save_file": "models/LSTM/128/ESEN_60-40/ESEN_60-40_4.pt", "best_joint_acc": 33.70643041115143, "best_joint_loss": 2.059131842851639, "best_epoch_idx_loss": 44, "best_epoch_idx_acc": 50, "run_time": "213s", "train_loss": [2.704505515821052, 2.390466343272815, 2.3228553587740124, 2.2814264315547366, 2.2526493036385746, 2.2312678586352948, 2.2136981920762504, 2.1985736760226158, 2.1877059286290947, 2.1755435502890372, 2.166252725052113, 2.1562290733510796, 2.14607990510536, 2.1374462030150667, 2.1323156501307654, 2.1242985960208993, 2.117530544598898, 2.1099713264089646, 2.1024250984191895, 2.0988109102754895, 2.0911116744532716, 2.087758156386289, 2.081177970676711, 2.0780786673227936, 2.0742098291714988, 2.0660846522360132, 2.0626704006484062, 2.0600863324873377, 2.053885159167376, 2.052084548906845, 2.046006935112405, 2.040717767043546, 2.036091042287421, 2.0334506468339404, 2.0287264206192708, 2.025919927792115, 2.0229852470484655, 2.019181827704111, 2.016377092310876, 2.011670259815274, 2.0093122711687377, 2.006321669527978, 2.00057257124872, 1.9999940693378457, 1.9982422599286749, 1.9916459800619066, 1.989128492998355, 1.9840597094911523, 1.9861701049587952, 1.9818398988608157], "train_acc": [19.679622124673596, 24.325285309984647, 26.07889951611472, 27.262342967403008, 27.848841823845266, 28.532149611718648, 28.911117981056414, 29.369143584767286, 29.558287477254837, 30.047245241555625, 30.12988167719909, 30.5356519757542, 30.77398680586648, 31.132698066769606, 31.096211329864452, 31.29707699269861, 31.628062514028493, 31.873378843833304, 32.026642608535354, 32.24110372082322, 32.47495539017566, 32.57541482451232, 32.65820209160273, 32.82424205666989, 32.9798834271819, 33.15034171563326, 33.25462502096388, 33.33383623510495, 33.605131501340445, 33.61740849512302, 33.802613913026214, 33.905546108483776, 34.037107848259105, 34.162126189951024, 34.349922350261146, 34.19564942501737, 34.561461197570985, 34.541113769514084, 34.661266166613515, 34.81183169943754, 34.83297399726911, 34.92684852751951, 35.115663996641466, 35.1726664060514, 35.225870289188556, 35.428229018590805, 35.55570593047531, 35.69039946535713, 35.583188074000745, 35.790554680396596], "val_loss_l1": [2.303481864929199, 2.201888179779053, 2.1464492797851564, 2.1108548641204834, 2.101128101348877, 2.0739419937133783, 2.0591639280319214, 2.050795388221741, 2.0478735685348513, 2.033180499076843, 2.0261138796806337, 2.017596089839935, 2.01882187128067, 2.0137127876281737, 2.004590499401093, 2.002171218395233, 1.9953527331352234, 1.9904665231704712, 1.9849442601203917, 1.9841241478919982, 1.9803454399108886, 1.9800062775611877, 1.974093556404114, 1.9737856268882752, 1.9688124895095824, 1.9662977814674376, 1.9682335972785951, 1.9647891521453857, 1.9657989978790282, 1.9609648108482363, 1.9617153048515321, 1.9615089535713195, 1.9557212471961976, 1.9559993743896484, 1.95622056722641, 1.950285053253174, 1.9541569352149963, 1.95216748714447, 1.9510354399681091, 1.9507312774658203, 1.9473158121109009, 1.95451557636261, 1.9542358994483946, 1.9491642355918886, 1.946759295463562, 1.947872030735016, 1.9556931853294373, 1.9447380304336548, 1.9452786684036254, 1.9487332344055175], "val_acc_l1": [25.312078330359096, 27.512555796897637, 30.145475877458733, 30.955064669901905, 30.973166265054147, 31.75592198046761, 32.171055264319236, 32.48268515172068, 32.579895123797534, 33.15084085781024, 33.15729172701969, 33.29860604009513, 33.29934132125916, 33.55589139249176, 33.6575749652819, 33.77202162453114, 34.16714057355408, 34.210089610982116, 34.261887754843166, 34.473019249149125, 34.77883476654419, 34.428098829692686, 34.59326704962309, 34.61012381387176, 34.92014875496129, 34.93177308119435, 34.90799059057162, 34.687541481313865, 34.93464474245897, 35.34707083096405, 35.00189303789982, 35.26027613947459, 34.993609161592495, 35.32929052578032, 35.55114982287833, 35.519341149460196, 35.44020708716265, 35.62978590257019, 35.79216726839883, 35.66038713975771, 35.75994814913215, 35.2195424405107, 35.32684515605175, 35.52299188832436, 35.702361948663416, 35.79942573931941, 35.64664919486357, 35.68915235720838, 35.80728350140539, 35.817446888523904], "val_loss_l2": [2.5806971311569216, 2.469540333747864, 2.4117336750030516, 2.379012966156006, 2.3387122631072996, 2.3281419038772584, 2.3113364219665526, 2.2922768592834473, 2.2733923673629763, 2.271899127960205, 2.2603506803512574, 2.2532702922821044, 2.2368757486343385, 2.223707580566406, 2.2214036226272587, 2.2164619922637945, 2.220503234863281, 2.2119678497314452, 2.213828778266907, 2.2048325777053837, 2.204654169082642, 2.1897480726242065, 2.190216851234436, 2.1887352466583248, 2.1905685663223267, 2.1973149538040166, 2.181843400001526, 2.182045936584472, 2.1733529090881345, 2.1821574211120605, 2.172628664970398, 2.1855406045913695, 2.1811248779296877, 2.181663656234741, 2.1719226837158203, 2.1750485181808474, 2.178732395172119, 2.1798902511596685, 2.1752336025238037, 2.1736931800842285, 2.1768449306488034, 2.1658856630325314, 2.1664129018783567, 2.169099450111389, 2.1744373798370367, 2.1729770183563235, 2.1749197006225587, 2.1820276498794553, 2.175608325004578, 2.173938012123108], "val_acc_l2": [21.33174239647863, 23.30573068656606, 24.841840299238164, 26.01605115564457, 26.71802776077967, 27.095866347965924, 27.32638334549215, 28.07480070010767, 28.560587134188015, 28.49217434720615, 28.385487608489278, 29.030510849107724, 29.577248160930928, 29.460876446504813, 29.961712484520298, 29.974277225647164, 29.831013255467823, 30.096600471303397, 29.70613494165473, 30.002588135028404, 30.046083901747494, 30.761397418785375, 30.676796726240344, 30.702365140303097, 30.58890902408188, 30.417100935158963, 31.08269758081764, 30.908130184641614, 31.093230430863674, 30.843235601523325, 31.431280113455006, 30.97862940698917, 30.90351932356881, 30.81164875891794, 31.324247538673756, 31.273738297064195, 31.33516077143141, 31.082574421416076, 31.367093571205018, 31.423819237065143, 31.297153670971017, 31.73715259823678, 31.67684074480661, 31.71695224852681, 31.296646628261815, 31.505642802522576, 31.723962817084004, 31.26591216292298, 31.47489220969256, 31.595413933778964], "test_loss_l1": 1.96359304189682, "test_acc_l1": 35.678630971473595, "test_loss_l2": 2.1856618881225587, "test_acc_l2": 31.874460867972644}