{"epoch_idx": 50, "model_save_file": "models/LSTM/128/ESEN_60-40/ESEN_60-40_7.pt", "best_joint_acc": 33.735093429047296, "best_joint_loss": 2.0616179406642914, "best_epoch_idx_loss": 43, "best_epoch_idx_acc": 49, "run_time": "211s", "train_loss": [2.696608769171165, 2.394667401458279, 2.32694189115004, 2.2848684390385947, 2.2562404618118754, 2.2325610319773355, 2.215190524404699, 2.1989109064593455, 2.1875683231787244, 2.174635749874694, 2.163653353850048, 2.155759298440182, 2.147241798314181, 2.138601263364157, 2.1318189881064677, 2.1225621844782983, 2.116792653546187, 2.1088125687656976, 2.1023310982819763, 2.0969730344685655, 2.0914679919228405, 2.087120292764721, 2.0788640885642087, 2.0740205790057322, 2.070379438725384, 2.0660329018578394, 2.062606413256039, 2.055388186014059, 2.0515631039937325, 2.0497962164156367, 2.042534307096943, 2.0392274242458917, 2.0360229168877466, 2.030428944212018, 2.0266153153144963, 2.024811881961245, 2.0201165667085945, 2.0161452817194383, 2.0119722205581083, 2.009841081770983, 2.005514805064055, 2.0031352503733206, 1.9992690285046895, 1.9978888775363104, 1.9933317222378468, 1.990627494725314, 1.987453001015114, 1.9838847960486554, 1.9814032225897817, 1.9790269389297026], "train_acc": [19.708537017359685, 24.00798532550031, 25.73382111725123, 26.72301311397595, 27.750879242293436, 28.269199878284162, 28.551799501138245, 29.131790470954293, 29.32500950902457, 29.694747090880664, 29.934015417781765, 30.170020770678672, 30.58917596513284, 30.806613457685348, 30.984652549628237, 31.292649710349544, 31.32752723298738, 31.77120431061004, 31.87461928936332, 32.04690404931656, 32.19088373500356, 32.384192538699615, 32.56906543599884, 32.686180829943126, 32.8745190638335, 32.97026095909233, 33.145385616291264, 33.29800379596908, 33.519116936292605, 33.48012896438265, 33.716011941169754, 33.78476800227039, 33.89287989622905, 34.07742054577528, 34.22004800644238, 34.23770638511761, 34.53309052844263, 34.61841824956797, 34.71690165078261, 34.71161150343034, 34.83136421938998, 35.053010177766446, 35.119928410658495, 35.20882966404083, 35.25747088916259, 35.45552054614799, 35.690018284613664, 35.551719914723336, 35.675306424230676, 35.7178937079925], "val_loss_l1": [2.302211356163025, 2.210286808013916, 2.1544365644454957, 2.121290397644043, 2.095565938949585, 2.086176133155823, 2.0696985006332396, 2.053669166564941, 2.044897675514221, 2.0394877076148985, 2.0319457292556766, 2.0187561273574826, 2.011884951591492, 2.005531299114227, 2.004723072052002, 2.0008083462715147, 1.9946364998817443, 1.992296373844147, 1.9859476327896117, 1.9833372831344604, 1.9868040800094604, 1.9778806567192078, 1.9842031955718993, 1.9695021271705628, 1.9742282032966614, 1.9672366619110107, 1.9711358428001404, 1.9675382494926452, 1.9627842426300048, 1.9638182401657105, 1.9578443050384522, 1.9735451102256776, 1.96160546541214, 1.957655096054077, 1.9572240829467773, 1.9588638186454774, 1.9626240134239197, 1.9559688448905945, 1.9562546968460084, 1.957698333263397, 1.9557875752449037, 1.9586452960968017, 1.9552628636360168, 1.9499994158744811, 1.9554015159606934, 1.95223149061203, 1.956290876865387, 1.9595875859260559, 1.9576301455497742, 1.9559159636497494], "val_acc_l1": [26.738007859184396, 27.475921821621363, 29.493832665959378, 29.861248348494414, 30.803248995846566, 31.274114115162366, 31.710791610526183, 31.93890731781795, 32.42401525794158, 32.35781130155451, 32.18525543766549, 33.09105975259822, 33.137308057949994, 33.43479190823391, 33.51716574083511, 33.506264981815356, 34.03062864727847, 33.863459386101276, 34.41409326999105, 34.52101473419585, 34.151185216562865, 34.75155445471953, 34.11860741797697, 34.86590968776167, 34.510909033820624, 34.70770642666557, 34.73098305041194, 34.98828931484174, 35.128580756604286, 34.70316821161746, 35.05395654069231, 34.59709139591122, 34.62346572340842, 34.95551923030928, 34.90848446020723, 35.15899403199944, 34.92883418498054, 35.2432448341615, 35.12258943367372, 35.07023856687007, 35.24750676168233, 35.177571050919376, 35.372954830802115, 35.21370893593059, 34.90277181958686, 34.988448187943916, 35.010195260828375, 34.76701053930782, 35.39881097334526, 35.0275956413289], "val_loss_l2": [2.589056706428528, 2.461089444160461, 2.4107178449630737, 2.3729062318801883, 2.3470019817352292, 2.3177984476089475, 2.299787187576294, 2.2944599390029907, 2.2784583568573, 2.2618875741958617, 2.2524856567382816, 2.2564493894577025, 2.2521027326583862, 2.2433081388473513, 2.229899287223816, 2.221136450767517, 2.2173287153244017, 2.210181331634521, 2.212300753593445, 2.208972454071045, 2.1981043815612793, 2.19648334980011, 2.18570077419281, 2.200657606124878, 2.190008354187012, 2.1942606687545774, 2.1847644090652465, 2.1809802770614626, 2.189037990570068, 2.179405260086059, 2.188647150993347, 2.164837217330933, 2.176313042640686, 2.1837287187576297, 2.1835044622421265, 2.175277662277222, 2.166795754432678, 2.17769501209259, 2.178452730178833, 2.175370001792907, 2.170668077468872, 2.167426657676697, 2.167973017692566, 2.181311011314392, 2.169387984275818, 2.1729453086853026, 2.1769773244857786, 2.1694065093994137, 2.170177698135376, 2.168041610717774], "val_acc_l2": [20.493933753416457, 23.251527587559618, 24.966566217853412, 25.86241281406175, 26.06608812859754, 27.347977509665398, 27.723449430782903, 27.769728484599955, 27.987059709491124, 28.246635982133938, 28.8112270717411, 28.58736182557475, 28.79942459002606, 29.351353172332807, 29.536065452835956, 29.62680236196663, 30.032835360264215, 30.210644911462964, 29.80295382064557, 30.50291479506775, 30.372068819771773, 30.75190710446617, 30.899067403936865, 30.669831183671775, 30.92989332709775, 30.607791422609395, 31.17930627747574, 30.981391647251627, 30.68940538008263, 31.103060271793282, 30.790593424087266, 31.90912388526164, 31.429877236935322, 30.99546322595377, 31.271820604111408, 31.009553344946514, 31.70270324379311, 31.454763963020135, 31.91354152451371, 31.683263469346624, 31.704601250585156, 31.628579817286674, 31.72055352969089, 31.37225446301208, 31.762675031942976, 31.44236254195878, 31.76700280608973, 31.95807149175982, 32.07137588474933, 31.961944056321325], "test_loss_l1": 1.9671950459480285, "test_acc_l1": 35.139441663090324, "test_loss_l2": 2.1891358613967893, "test_acc_l2": 32.02384058332478}