{"epoch_idx": 50, "model_save_file": "models/LSTM/128/ESEN_60-40/ESEN_60-40_8.pt", "best_joint_acc": 33.522363194643084, "best_joint_loss": 2.060420352220535, "best_epoch_idx_loss": 46, "best_epoch_idx_acc": 48, "run_time": "211s", "train_loss": [2.7074629321242814, 2.38947889840964, 2.3223893281185264, 2.281812913490064, 2.2559167200868777, 2.2338385509722154, 2.2153559905109987, 2.200551005927001, 2.18799460476095, 2.174934782765128, 2.1664799885316324, 2.1571389490907853, 2.1477676720330203, 2.1415818423935864, 2.1319478425112637, 2.1244897119926676, 2.116715097066128, 2.1126312613487244, 2.1067957011136156, 2.100841789534599, 2.0939033320455827, 2.090027370236137, 2.084542196808439, 2.0811558392914846, 2.075749761227405, 2.069160878658294, 2.067259093125661, 2.061104627269686, 2.055195953809853, 2.0517717518589706, 2.0473839595462353, 2.0450692420656034, 2.042836815118789, 2.0352997987559354, 2.0321463301326297, 2.0291695874748803, 2.0241266778021156, 2.021699512546714, 2.0183083758209692, 2.0146438524578567, 2.0115402873718384, 2.0067336694760747, 2.0035589165759804, 2.004416886604193, 2.0000116653514635, 1.9956400855021046, 1.991438473715926, 1.988924638791518, 1.9843763392983058, 1.983577022046754], "train_acc": [19.770878958049362, 24.267541591955588, 25.800542654253658, 26.870230444977587, 27.671382097940818, 28.113793554024596, 28.570404730107704, 29.025171861254893, 29.445260839797715, 29.74737732565664, 29.961879051418205, 30.221627271306552, 30.58986457940572, 30.633003567688686, 31.0339276141877, 31.262794578709695, 31.412422473086735, 31.42214820996625, 31.83725492108353, 31.92645302308222, 32.09131695452447, 32.23177329317601, 32.38280130131511, 32.49115547535755, 32.64365842767606, 32.84390024788635, 32.93868776119464, 33.1011205379987, 33.297970121631444, 33.354086864269995, 33.46445865488852, 33.58846140721141, 33.50030298180409, 33.90073982852926, 33.98549620459655, 34.04503133567475, 34.26226057456682, 34.19108199445343, 34.42397314802186, 34.47214233451757, 34.57939689803989, 34.74496993794337, 34.90520899759104, 34.79571238557469, 34.92085790066982, 35.03057868694212, 35.28743697083886, 35.29596503505083, 35.45575839705364, 35.4288332691432], "val_loss_l1": [2.2975750923156735, 2.205762958526611, 2.1580395698547363, 2.1228784322738647, 2.1047234773635863, 2.086727690696716, 2.067469024658203, 2.059625577926636, 2.04401741027832, 2.0325028896331787, 2.02848334312439, 2.024429214000702, 2.0168763160705567, 2.013188755512237, 2.010751533508301, 1.9981195688247682, 2.001603353023529, 1.998279392719269, 1.9925904870033262, 1.9938777685165403, 1.9860460400581361, 1.9752118945121764, 1.9805782794952393, 1.9751201033592225, 1.9682016491889953, 1.9728273391723634, 1.967258131504059, 1.9656338810920715, 1.9685342669487, 1.961067008972168, 1.9604277729988098, 1.9618247389793395, 1.9593106985092164, 1.957309639453888, 1.9576894164085386, 1.958453381061554, 1.9553271532058716, 1.9539121985435486, 1.952568531036377, 1.9545801043510438, 1.9501936554908752, 1.9542376518249511, 1.949317741394043, 1.9525126814842224, 1.9522691130638123, 1.9492527127265928, 1.9486590027809143, 1.950558567047119, 1.9493613481521606, 1.954227590560913], "val_acc_l1": [26.398636416387834, 27.682974933870533, 29.39835702354386, 30.402658202445696, 30.54717196663904, 31.06662734410201, 31.664116169985853, 31.7246773421027, 32.24605860587067, 32.506956723777876, 32.82228105695743, 32.94854180630229, 33.1123647807433, 33.69961195027588, 33.44112905589781, 33.79050517219896, 33.363011792724045, 33.45699781849625, 33.424494731704634, 33.48418476675002, 33.736056796774136, 34.19167657012698, 33.87886565017179, 34.23760872526873, 34.31788105218032, 34.15154611406444, 34.53481790361452, 34.61427306208169, 34.42258548631063, 34.42677475956721, 34.6057416503269, 34.6995756596361, 34.782779845682796, 34.53734262681588, 34.618557291881665, 34.7927655497093, 35.06759249867201, 34.936134035865294, 35.148635801699996, 35.083522181879225, 34.91991400834831, 35.14182132592068, 35.04758332770516, 34.972578421038016, 35.0491408195961, 35.61594117805762, 35.19073546791015, 35.59380491537935, 35.35598424356679, 35.02579152195669], "val_loss_l2": [2.5865439653396605, 2.469414496421814, 2.4198047637939455, 2.3800137758255007, 2.348005986213684, 2.3283875703811647, 2.319005084037781, 2.2992336273193357, 2.298060441017151, 2.284004735946655, 2.269321608543396, 2.259416055679321, 2.252218794822692, 2.241330170631409, 2.2341587781906127, 2.2363057851791384, 2.217489242553711, 2.2135150671005253, 2.213703489303589, 2.2043328762054446, 2.2051925420761114, 2.2087664127349855, 2.193478059768677, 2.195854902267456, 2.200667834281921, 2.189979982376099, 2.1992652654647826, 2.1892389535903933, 2.181297850608826, 2.1888354778289796, 2.187706327438354, 2.1841903448104856, 2.1804949760437013, 2.1747524261474607, 2.179775285720825, 2.179097080230713, 2.1763456821441647, 2.1750067472457886, 2.187028098106384, 2.1833297967910767, 2.185091376304626, 2.171193933486939, 2.1759263515472416, 2.1761167764663694, 2.179646706581116, 2.1715879917144774, 2.183686637878418, 2.172764754295349, 2.1760259866714478, 2.1721187353134157], "val_acc_l2": [21.95440497011254, 23.866909334094775, 24.584892438481457, 25.68331615509863, 26.342473513804503, 27.092342382423205, 26.868214492058314, 27.444208148100753, 27.432613664893307, 28.082761718838025, 28.276414820559705, 28.28715208649726, 28.615522531084974, 28.845861508715423, 29.279076587783774, 29.200101441399415, 29.77228746658673, 29.895718495688815, 29.77056510722, 30.10670784947322, 29.974842834143548, 29.801991578813826, 30.1390201354892, 30.106830246470825, 30.25342579451747, 30.341413693160664, 30.227524111957806, 30.465090185830846, 30.839503670284895, 30.408372571071457, 30.536850977909545, 30.608202374435844, 31.057547579530937, 30.877894878322376, 30.916938772314083, 31.003918372178802, 31.060920024611242, 31.130311016641617, 30.751405504352288, 30.69432658674228, 30.883301707391436, 31.29894322341822, 31.175098117689984, 31.3208336483854, 31.17547343276172, 31.340774222007354, 31.384264335437752, 31.450921473906817, 31.460144922635457, 31.71800525768766], "test_loss_l1": 1.9704497456550598, "test_acc_l1": 35.602477644673215, "test_loss_l2": 2.184892249107361, "test_acc_l2": 32.08307545164874}