{"epoch_idx": 50, "model_save_file": "models/LSTM/128/ESEN_60-40/ESEN_60-40_9.pt", "best_joint_acc": 33.68802429599746, "best_joint_loss": 2.0560469031333923, "best_epoch_idx_loss": 47, "best_epoch_idx_acc": 50, "run_time": "209s", "train_loss": [2.7047382538968883, 2.3928470358704064, 2.326109822952387, 2.2856277859572214, 2.2567397374095326, 2.2309647274739826, 2.2138521165558784, 2.198060151302453, 2.1831590623566592, 2.172926201964869, 2.1626838463725484, 2.1524762312571215, 2.143639654824228, 2.1349441661979216, 2.1275465127193565, 2.119598348935445, 2.11381620168686, 2.105526892524776, 2.1003283930547303, 2.095117169799228, 2.0892831592848804, 2.0849346590764593, 2.0782736711429832, 2.0750247583244787, 2.068164343183692, 2.063289658589797, 2.0587741579070244, 2.054297466169705, 2.049632521289768, 2.045686876231973, 2.0417037001161864, 2.038563000433373, 2.033805587978073, 2.0285328716942748, 2.0253869918259704, 2.0209484949256433, 2.0177495615048846, 2.014610315814162, 2.0097687470190446, 2.006669815742608, 2.0041967847130504, 2.0003508555166656, 1.9951210012941658, 1.9937163184989584, 1.989706961494504, 1.986736924359292, 1.9840899507204683, 1.9808411390492413, 1.978786836970936, 1.976262979435198], "train_acc": [19.582416396224776, 24.016550187883535, 25.69181142754847, 26.93868087736344, 27.57797435367044, 28.39652153674551, 28.656478438954643, 29.159607991777218, 29.50340218731679, 29.774728906366533, 30.0397845989252, 30.29555953579804, 30.676546390573098, 30.87131026926544, 31.150516354159475, 31.446762765684788, 31.534140283037317, 31.8225048785027, 31.92144517017725, 31.932616410216976, 32.32867599737521, 32.38336278393054, 32.63620826641123, 32.774838818723666, 32.92536244928456, 33.11644487176865, 33.27505376073605, 33.35652226610448, 33.53461686219942, 33.531446597874115, 33.72764553595501, 33.75164651004133, 34.102338242575506, 34.138636142386595, 34.18972976278858, 34.324677522472854, 34.45908630098621, 34.45864226641514, 34.592666449246785, 34.72036787158359, 34.88188541493411, 35.045391177379855, 35.136696937405226, 35.24218869780333, 35.46132926777762, 35.26574478325107, 35.376518827997415, 35.54011646560213, 35.77389623794134, 35.77577553487087], "val_loss_l1": [2.3068113803863524, 2.199453377723694, 2.155767226219177, 2.1245752334594727, 2.1001526355743407, 2.0779270648956296, 2.070010781288147, 2.0593949317932125, 2.04229371547699, 2.034597063064575, 2.0330864667892454, 2.0156097173690797, 2.0154440879821776, 2.0033435583114625, 2.0061004281044004, 1.9958863496780397, 1.9956396222114563, 1.987110686302185, 1.987948250770569, 1.9884944558143616, 1.9809113144874573, 1.9838932633399962, 1.980761182308197, 1.9684241056442262, 1.9684527158737184, 1.9694812417030336, 1.9658238291740417, 1.9613802075386046, 1.9633163809776306, 1.957199490070343, 1.959969687461853, 1.955573570728302, 1.9601095080375674, 1.9629595875740051, 1.9549617767333984, 1.9557581305503846, 1.9502080678939817, 1.948704981803894, 1.9531177043914794, 1.9516784310340882, 1.9555591702461244, 1.9486618399620057, 1.9484956622123717, 1.9494560718536378, 1.9445351839065552, 1.9485404014587402, 1.9493890285491942, 1.9469805836677552, 1.946637749671936, 1.9508655071258545], "val_acc_l1": [26.29941207194772, 27.76656145155815, 29.46829891908574, 30.455784796416616, 31.06227487907404, 31.493416158643562, 32.00553418841348, 32.116297123524824, 32.759246704517864, 32.54591248042407, 32.59917354887476, 33.05969969591126, 33.412767940898036, 33.65803956176828, 33.515234037262374, 34.20844275541316, 33.79894564558381, 34.20210414013981, 34.05197203145331, 34.30918339061187, 34.258008919469006, 34.496624196567076, 34.55849469870346, 34.80853037915268, 34.92988975035383, 34.66371728247547, 35.02027666518205, 35.343441338082194, 35.020346117014405, 34.98236412721969, 35.15034576362852, 35.25037420222675, 34.98289990815533, 34.9578985618646, 35.11925068920698, 35.4212822870596, 35.2144769876085, 35.43108176338332, 35.2390136530678, 35.15556023395789, 35.27672938257248, 35.643041976515626, 35.76198830143815, 35.12582703403231, 35.57514927921944, 35.29140118516163, 35.357958470871, 35.498602912093766, 35.75718196937326, 35.52692799916645], "val_loss_l2": [2.5877758026123048, 2.477038550376892, 2.4179760217666626, 2.3767312765121464, 2.350749278068543, 2.331842470169067, 2.302089762687683, 2.284534764289856, 2.28227071762085, 2.2703715562820435, 2.2484106540679933, 2.2602274417877197, 2.2365856885910036, 2.2465961217880253, 2.2245379209518434, 2.2292461395263676, 2.2194153308868407, 2.2206875801086423, 2.205643057823181, 2.2000969648361206, 2.20051052570343, 2.1945722341537475, 2.191481900215149, 2.2002485513687136, 2.19406521320343, 2.18876314163208, 2.1846859693527225, 2.1837257146835327, 2.1839274644851683, 2.1865068674087524, 2.1825415611267087, 2.187647747993469, 2.1726178884506226, 2.1665412902832033, 2.172311544418335, 2.171144819259643, 2.186333203315735, 2.1772595643997192, 2.1688344955444334, 2.1704504251480103, 2.1605805635452273, 2.173225522041321, 2.174163126945496, 2.1713263750076295, 2.173984932899475, 2.1717215538024903, 2.1627047777175905, 2.173953461647034, 2.174552249908447, 2.162069129943848], "val_acc_l2": [21.03916539307026, 23.109553740570874, 25.031023074890687, 25.83522381230284, 26.260543679752274, 26.770102611222782, 27.42157461866566, 28.007464089731357, 27.76045963437147, 28.104522546460526, 29.093024089129948, 28.347604268325743, 29.188132702893224, 29.23434160281595, 29.639884730537805, 29.278844980873902, 29.208808843335753, 29.44989177449916, 30.160474922170074, 30.234775195463254, 30.252823823025956, 30.059045997696717, 30.36725408491422, 30.1587056543829, 30.266391142280202, 30.19813211235964, 30.557227548977533, 30.73611248667774, 30.181643613007907, 30.616696019349835, 30.721519539623685, 30.02803225850733, 31.00237333517246, 31.201017618843526, 31.03669416916939, 31.014927890574235, 30.793817958804535, 30.83562479178725, 31.241597097535852, 30.953010359075407, 31.707705933667935, 31.346838408231477, 31.17986450532048, 31.265474527575, 31.23253239996565, 31.463628004281436, 31.712134849369612, 31.40098583637382, 31.372282611795818, 31.849120592828466], "test_loss_l1": 1.9705647826194763, "test_acc_l1": 35.28658653761456, "test_loss_l2": 2.1847436428070073, "test_acc_l2": 31.851979581905177}